s_m,x_m,y_m,psi_rad,kappa_radpm,vx_mps,ax_mps2,w_tr_right_m,w_tr_left_m
0.000000,-1.450000,8.970000,-1.570796,0.000000,3.471952,5.058266,0.678000,0.678000
0.200000,-1.450000,8.770000,-1.570796,0.000000,3.471954,-5.447770,0.700000,0.700000
0.400000,-1.450000,8.570000,-1.570796,0.000000,3.142508,-0.196459,0.700000,0.700000
0.600000,-1.450000,8.370000,-1.815775,-1.224893,3.129979,-0.196459,0.714900,0.714900
0.806155,-1.500000,8.170000,-1.570796,1.188321,3.117401,0.256789,0.700000,0.700000
1.006155,-1.500000,7.970000,-1.570796,0.000000,3.134336,-0.068233,0.700000,0.700000
1.206155,-1.500000,7.770000,-1.815775,-1.224893,3.129979,-0.196459,0.700000,0.700000
1.412311,-1.550000,7.570000,-1.570796,1.188321,3.117401,0.256789,0.650000,0.650000
1.612311,-1.550000,7.370000,-1.570796,0.000000,3.134336,5.102993,0.678000,0.678000
1.812311,-1.550000,7.170000,-1.570796,0.000000,3.444599,5.062060,0.700000,0.700000
2.012311,-1.550000,6.970000,-1.570796,0.000000,3.726941,-10.036827,0.700000,0.700000
2.212311,-1.550000,6.770000,-1.570796,0.000000,3.142508,-0.196459,0.706600,0.706600
2.412311,-1.550000,6.570000,-1.815775,-1.224893,3.129979,-0.196459,0.700000,0.700000
2.618466,-1.600000,6.370000,-1.570796,1.188321,3.117401,0.256789,0.700000,0.700000
2.818466,-1.600000,6.170000,-1.570796,0.000000,3.134336,0.128226,0.714900,0.714900
3.018466,-1.600000,5.970000,-1.570796,0.000000,3.142508,-0.196459,0.750000,0.750000
3.218466,-1.600000,5.770000,-1.815775,-1.224893,3.129979,-0.196459,0.750000,0.750000
3.424621,-1.650000,5.570000,-1.570796,1.188321,3.117401,0.256789,0.726200,0.726200
3.624621,-1.650000,5.370000,-1.570796,0.000000,3.134336,-0.068233,0.750000,0.750000
3.824621,-1.650000,5.170000,-1.815775,-1.224893,3.129979,-0.196459,0.750000,0.750000
4.030776,-1.700000,4.970000,-1.570796,1.188321,3.117401,0.256789,0.706600,0.706600
4.230776,-1.700000,4.770000,-1.570796,0.000000,3.134336,-0.068233,0.750000,0.750000
4.430776,-1.700000,4.570000,-1.815775,-1.224893,3.129979,-0.196459,0.726200,0.726200
4.636932,-1.750000,4.370000,-1.815775,0.000000,3.117401,0.921861,0.740600,0.740600
4.843087,-1.800000,4.170000,-1.570796,1.188321,3.177779,-0.202506,0.700000,0.700000
5.043087,-1.800000,3.970000,-1.570796,0.000000,3.164615,5.099169,0.700000,0.700000
5.243087,-1.800000,3.770000,-1.570796,0.000000,3.471952,-5.447745,0.701700,0.701700
5.443087,-1.800000,3.570000,-1.570796,0.000000,3.142508,-0.196459,0.700000,0.700000
5.643087,-1.800000,3.370000,-1.815775,-1.224893,3.129979,-0.196459,0.700000,0.700000
5.849242,-1.850000,3.170000,-1.570796,1.188321,3.117401,0.256789,0.714900,0.714900
6.049242,-1.850000,2.970000,-1.570796,0.000000,3.134336,5.102993,0.750000,0.750000
6.249242,-1.850000,2.770000,-1.570796,0.000000,3.444599,5.062060,0.750000,0.750000
6.449242,-1.850000,2.570000,-1.570796,0.000000,3.726941,-11.876744,0.750000,0.750000
6.649242,-1.850000,2.370000,-1.570796,0.000000,3.023142,-1.908067,0.750000,0.750000
6.849242,-1.850000,2.170000,-1.815775,-1.224893,2.894160,-1.121708,0.763900,0.763900
7.055398,-1.900000,1.970000,-1.570796,1.188321,2.815578,-2.040766,0.788200,0.788200
7.255398,-1.900000,1.770000,-1.325818,1.224893,2.661963,-2.240125,0.801500,0.801500
7.461553,-1.850000,1.570000,-1.570796,-1.188321,2.487971,-3.386831,0.884100,0.884100
7.661553,-1.850000,1.370000,-1.325818,1.224893,2.189423,-0.445128,0.905200,0.905200
7.867708,-1.800000,1.170000,-1.325818,0.000000,2.148377,-0.091798,0.950000,0.950000
8.073863,-1.750000,0.970000,-0.785398,2.621420,2.139550,-0.091798,1.000000,1.000000
8.356706,-1.550000,0.770000,-0.244979,1.910671,2.130686,3.234851,1.000000,1.000000
8.562861,-1.350000,0.720000,-0.244979,0.000000,2.523833,5.172265,0.950000,0.950000
8.769017,-1.150000,0.670000,-0.244979,-0.000000,2.915872,3.617170,0.900000,0.900000
8.975172,-0.950000,0.620000,0.000000,1.188321,3.161283,-0.287046,0.862400,0.862400
9.175172,-0.750000,0.620000,0.000000,0.000000,3.142508,-0.196459,0.900000,0.900000
9.375172,-0.550000,0.620000,-0.244979,-1.224893,3.129979,-0.196459,0.900000,0.900000
9.581327,-0.350000,0.570000,0.000000,1.188321,3.117401,0.256789,0.862400,0.862400
9.781327,-0.150000,0.570000,0.000000,0.000000,3.134336,-0.068233,0.900000,0.900000
9.981327,0.050000,0.570000,-0.244979,-1.224893,3.129979,-0.196459,0.900000,0.900000
10.187482,0.250000,0.520000,0.000000,1.188321,3.117401,0.190594,0.905200,0.905200
10.387482,0.450000,0.520000,-0.244979,-1.224893,3.129979,-0.196459,0.900000,0.900000
10.593638,0.650000,0.470000,0.000000,1.188321,3.117401,0.190594,0.900000,0.900000
10.793638,0.850000,0.470000,-0.244979,-1.224893,3.129979,-0.196459,0.901300,0.901300
10.999793,1.050000,0.420000,0.000000,1.188321,3.117401,0.256789,0.900000,0.900000
11.199793,1.250000,0.420000,0.000000,0.000000,3.134336,0.589141,0.900000,0.900000
11.399793,1.450000,0.420000,0.000000,0.000000,3.171706,-12.104636,0.901300,0.901300
11.599793,1.650000,0.420000,0.000000,0.000000,2.284265,-0.103804,0.900000,0.900000
11.799793,1.850000,0.420000,-0.463648,-2.318238,2.275158,-0.103804,0.900000,0.900000
12.023400,2.050000,0.320000,-0.244979,0.977917,2.266015,5.197029,0.932300,0.932300
12.229555,2.250000,0.270000,-0.244979,0.000000,2.731118,5.150421,0.911800,0.911800
12.435710,2.450000,0.220000,-0.244979,-0.000000,3.095574,0.710088,0.911800,0.911800
12.641866,2.650000,0.170000,0.000000,1.188321,3.142508,-0.190594,0.915700,0.915700
12.841866,2.850000,0.170000,-0.244979,-1.224893,3.129979,-0.196459,0.862400,0.862400
13.048021,3.050000,0.120000,0.000000,1.188321,3.117401,0.256789,0.900000,0.900000
13.248021,3.250000,0.120000,0.000000,0.000000,3.134336,0.128226,0.900000,0.900000
13.448021,3.450000,0.120000,0.000000,0.000000,3.142508,-0.196459,0.900000,0.900000
13.648021,3.650000,0.120000,-0.244979,-1.224893,3.129979,-0.196459,0.900000,0.900000
13.854176,3.850000,0.070000,0.000000,1.188321,3.117401,0.256789,0.900000,0.900000
14.054176,4.050000,0.070000,0.000000,0.000000,3.134336,5.102993,0.900000,0.900000
14.254176,4.250000,0.070000,0.000000,0.000000,3.444599,5.062060,0.900000,0.900000
14.454176,4.450000,0.070000,0.000000,0.000000,3.726941,5.021455,0.901300,0.901300
14.654176,4.650000,0.070000,0.000000,0.000000,3.987313,4.981176,0.901300,0.901300
14.854176,4.850000,0.070000,0.000000,0.000000,4.229792,4.941220,0.905200,0.905200
15.054176,5.050000,0.070000,0.000000,0.000000,4.457312,4.901585,0.946200,0.946200
15.254176,5.250000,0.070000,0.000000,0.000000,4.672072,4.862267,0.950000,0.950000
15.454176,5.450000,0.070000,0.000000,0.000000,4.875774,4.823265,0.920800,0.920800
15.654176,5.650000,0.070000,0.000000,0.000000,5.069761,4.784576,0.900000,0.900000
15.854176,5.850000,0.070000,0.000000,0.000000,5.255122,4.746197,0.900000,0.900000
16.054176,6.050000,0.070000,0.000000,0.000000,5.432751,4.708126,0.900000,0.900000
16.254176,6.250000,0.070000,0.000000,0.000000,5.603395,4.670360,0.900000,0.900000
16.454176,6.450000,0.070000,0.000000,0.000000,5.767684,4.632897,0.900000,0.900000
16.654176,6.650000,0.070000,0.000000,0.000000,5.926157,4.595735,0.900000,0.900000
16.854176,6.850000,0.070000,0.000000,0.000000,6.079279,4.558871,0.900000,0.900000
17.054176,7.050000,0.070000,0.000000,0.000000,6.227454,4.522303,0.900000,0.900000
17.254176,7.250000,0.070000,0.000000,0.000000,6.371036,4.486027,0.900000,0.900000
17.454176,7.450000,0.070000,0.000000,0.000000,6.510339,4.450043,0.905200,0.905200
17.654176,7.650000,0.070000,0.000000,0.000000,6.645640,4.414348,0.901300,0.901300
17.854176,7.850000,0.070000,0.000000,0.000000,6.777187,4.378938,0.932300,0.932300
18.054176,8.050000,0.070000,0.000000,0.000000,6.905204,4.343813,0.950000,0.950000
18.254176,8.250000,0.070000,0.000000,0.000000,7.029891,4.308970,0.946200,0.946200
18.454176,8.450000,0.070000,0.000000,0.000000,7.151430,4.274406,0.905200,0.905200
18.654176,8.650000,0.070000,0.000000,0.000000,7.269988,4.240119,0.900000,0.900000
18.854176,8.850000,0.070000,0.000000,0.000000,7.385714,4.206108,0.900000,0.900000
19.054176,9.050000,0.070000,0.000000,0.000000,7.498747,4.172369,0.900000,0.900000
19.254176,9.250000,0.070000,0.000000,0.000000,7.609215,4.138901,0.900000,0.900000
19.454176,9.450000,0.070000,0.000000,0.000000,7.717235,4.105701,0.900000,0.900000
19.654176,9.650000,0.070000,0.000000,0.000000,7.822915,4.072767,0.900000,0.900000
19.854176,9.850000,0.070000,0.000000,0.000000,7.926355,4.040098,0.900000,0.900000
20.054176,10.050000,0.070000,0.000000,0.000000,8.027649,4.007691,0.900000,0.900000
20.254176,10.250000,0.070000,0.000000,0.000000,8.126883,3.975544,0.905200,0.905200
20.454176,10.450000,0.070000,0.000000,0.000000,8.224138,3.943654,0.900000,0.900000
20.654176,10.650000,0.070000,0.000000,0.000000,8.319489,3.912021,0.905200,0.905200
20.854176,10.850000,0.070000,0.000000,0.000000,8.413008,-12.566906,0.946200,0.946200
21.054176,11.050000,0.070000,0.000000,0.000000,8.108757,-13.212572,0.950000,0.950000
21.254176,11.250000,0.070000,0.000000,0.000000,7.776048,-13.107432,0.911800,0.911800
21.454176,11.450000,0.070000,0.000000,0.000000,7.431281,-13.003129,0.900000,0.900000
21.654176,11.650000,0.070000,0.000000,0.000000,7.072672,-12.899656,0.900000,0.900000
21.854176,11.850000,0.070000,0.000000,0.000000,6.697972,-12.797006,0.900000,0.900000
22.054176,12.050000,0.070000,0.000000,0.000000,6.304286,-12.695173,0.900000,0.900000
22.254176,12.250000,0.070000,0.000000,0.000000,5.887780,-12.594150,0.900000,0.900000
22.454176,12.450000,0.070000,0.000000,0.000000,5.443188,-12.493932,0.900000,0.900000
22.654176,12.650000,0.070000,0.000000,0.000000,4.962935,-12.394510,0.900000,0.900000
22.854176,12.850000,0.070000,0.000000,0.000000,4.435417,-12.295880,0.900000,0.900000
23.054176,13.050000,0.070000,0.000000,0.000000,3.841168,-12.198035,0.900000,0.900000
23.254176,13.250000,0.070000,0.000000,0.000000,3.142508,-0.196459,0.905200,0.905200
23.454176,13.450000,0.070000,0.244979,1.224893,3.129979,-0.196459,0.901300,0.901300
23.660332,13.650000,0.120000,0.000000,-1.188321,3.117401,0.256789,0.900000,0.900000
23.860332,13.850000,0.120000,0.000000,0.000000,3.134336,5.102993,0.900000,0.900000
24.060332,14.050000,0.120000,0.000000,0.000000,3.444599,5.062060,0.900000,0.900000
24.260332,14.250000,0.120000,0.000000,0.000000,3.726941,5.021455,0.900000,0.900000
24.460332,14.450000,0.120000,0.000000,0.000000,3.987313,-2.860248,0.900000,0.900000
24.660332,14.650000,0.120000,0.000000,0.000000,3.841168,-12.198035,0.900000,0.900000
24.860332,14.850000,0.120000,0.000000,0.000000,3.142508,-0.196459,0.911800,0.911800
25.060332,15.050000,0.120000,-0.244979,-1.224893,3.129979,-0.196459,0.950000,0.950000
25.266487,15.250000,0.070000,0.000000,1.188321,3.117401,0.256789,0.900000,0.900000
25.466487,15.450000,0.070000,0.000000,0.000000,3.134336,5.102993,0.900000,0.900000
25.666487,15.650000,0.070000,0.000000,0.000000,3.444599,5.062060,0.900000,0.900000
25.866487,15.850000,0.070000,0.000000,0.000000,3.726941,-10.036827,0.900000,0.900000
26.066487,16.050000,0.070000,0.000000,0.000000,3.142508,-0.196459,0.911800,0.911800
26.266487,16.250000,0.070000,0.244979,1.224893,3.129979,-0.196459,0.900000,0.900000
26.472642,16.450000,0.120000,0.000000,-1.188321,3.117401,0.256789,0.900000,0.900000
26.672642,16.650000,0.120000,0.000000,0.000000,3.134336,5.102993,0.900000,0.900000
26.872642,16.850000,0.120000,0.000000,0.000000,3.444599,5.062060,0.900000,0.900000
27.072642,17.050000,0.120000,0.000000,0.000000,3.726941,5.021455,0.900000,0.900000
27.272642,17.250000,0.120000,0.000000,0.000000,3.987313,4.981176,0.900000,0.900000
27.472642,17.450000,0.120000,0.000000,0.000000,4.229792,4.941220,0.900000,0.900000
27.672642,17.650000,0.120000,0.000000,0.000000,4.457312,4.901585,0.900000,0.900000
27.872642,17.850000,0.120000,0.000000,0.000000,4.672072,4.862267,0.900000,0.900000
28.072642,18.050000,0.120000,0.000000,0.000000,4.875774,4.823265,0.900000,0.900000
28.272642,18.250000,0.120000,0.000000,0.000000,5.069761,4.784576,0.900000,0.900000
28.472642,18.450000,0.120000,0.000000,0.000000,5.255122,4.746197,0.900000,0.900000
28.672642,18.650000,0.120000,0.000000,0.000000,5.432751,4.708126,0.900000,0.900000
28.872642,18.850000,0.120000,0.000000,0.000000,5.603395,4.670360,0.900000,0.900000
29.072642,19.050000,0.120000,0.000000,0.000000,5.767684,4.632897,0.901300,0.901300
29.272642,19.250000,0.120000,0.000000,0.000000,5.926157,4.595735,0.911800,0.911800
29.472642,19.450000,0.120000,0.000000,0.000000,6.079279,4.558871,0.950000,0.950000
29.672642,19.650000,0.120000,0.000000,0.000000,6.227454,4.522303,0.950000,0.950000
29.872642,19.850000,0.120000,0.000000,0.000000,6.371036,4.486027,0.920800,0.920800
30.072642,20.050000,0.120000,0.000000,0.000000,6.510339,4.450043,0.900000,0.900000
30.272642,20.250000,0.120000,0.000000,0.000000,6.645640,4.414348,0.900000,0.900000
30.472642,20.450000,0.120000,0.000000,0.000000,6.777187,4.378938,0.900000,0.900000
30.672642,20.650000,0.120000,0.000000,0.000000,6.905204,4.343813,0.900000,0.900000
30.872642,20.850000,0.120000,0.000000,0.000000,7.029891,4.308970,0.900000,0.900000
31.072642,21.050000,0.120000,0.000000,0.000000,7.151430,4.274406,0.900000,0.900000
31.272642,21.250000,0.120000,0.000000,0.000000,7.269988,4.240119,0.900000,0.900000
31.472642,21.450000,0.120000,0.000000,0.000000,7.385714,4.206108,0.900000,0.900000
31.672642,21.650000,0.120000,0.000000,0.000000,7.498747,4.172369,0.900000,0.900000
31.872642,21.850000,0.120000,0.000000,0.000000,7.609215,4.138901,0.911800,0.911800
32.072642,22.050000,0.120000,0.000000,0.000000,7.717235,4.105701,0.900000,0.900000
32.272642,22.250000,0.120000,0.000000,0.000000,7.822915,4.072767,0.920800,0.920800
32.472642,22.450000,0.120000,0.000000,0.000000,7.926355,4.040098,0.950000,0.950000
32.672642,22.650000,0.120000,0.000000,0.000000,8.027649,4.007691,0.946200,0.946200
32.872642,22.850000,0.120000,0.000000,0.000000,8.126883,-0.232433,0.905200,0.905200
33.072642,23.050000,0.120000,0.000000,0.000000,8.121160,-13.216577,0.900000,0.900000
33.272642,23.250000,0.120000,0.000000,0.000000,7.788878,-13.111405,0.900000,0.900000
33.472642,23.450000,0.120000,0.000000,0.000000,7.444599,-13.007070,0.900000,0.900000
33.672642,23.650000,0.120000,0.000000,0.000000,7.086553,-12.903566,0.911800,0.911800
33.872642,23.850000,0.120000,0.000000,0.000000,6.712511,-12.800885,0.950000,0.950000
34.072642,24.050000,0.120000,0.000000,0.000000,6.319608,-12.699021,0.950000,0.950000
34.272642,24.250000,0.120000,0.000000,0.000000,5.904053,-12.597968,0.911800,0.911800
34.472642,24.450000,0.120000,0.000000,0.000000,5.460646,-12.497719,0.900000,0.900000
34.672642,24.650000,0.120000,0.000000,0.000000,4.981924,-12.398267,0.905200,0.905200
34.872642,24.850000,0.120000,0.000000,0.000000,4.456485,-12.299607,0.900000,0.900000
35.072642,25.050000,0.120000,0.000000,0.000000,3.865283,-12.201732,0.900000,0.900000
35.272642,25.250000,0.120000,0.000000,0.000000,3.171706,-12.104636,0.900000,0.900000
35.472642,25.450000,0.120000,0.000000,0.000000,2.284265,-0.103804,0.900000,0.900000
35.672642,25.650000,0.120000,0.463648,2.318238,2.275158,-0.103804,0.900000,0.900000
35.896249,25.850000,0.220000,0.244979,-0.977917,2.266015,5.197029,0.850000,0.850000
36.102404,26.050000,0.270000,0.000000,-1.188321,2.731118,2.986728,0.800000,0.800000
36.302404,26.250000,0.270000,0.000000,0.000000,2.947959,5.125726,0.800000,0.800000
36.502404,26.450000,0.270000,0.000000,0.000000,3.277309,5.084611,0.788200,0.788200
36.702404,26.650000,0.270000,0.000000,0.000000,3.574157,5.043825,0.751600,0.751600
36.902404,26.850000,0.270000,0.000000,0.000000,3.846054,5.003366,0.750000,0.750000
37.102404,27.050000,0.270000,0.000000,0.000000,4.097984,4.963232,0.763900,0.763900
37.302404,27.250000,0.270000,0.000000,0.000000,4.333448,4.923420,0.800000,0.800000
37.502404,27.450000,0.270000,0.000000,0.000000,4.555012,4.883928,0.800000,0.800000
37.702404,27.650000,0.270000,0.000000,0.000000,4.764631,-7.571967,0.800000,0.800000
37.902404,27.850000,0.270000,0.000000,0.000000,4.435417,-12.295880,0.800000,0.800000
38.102404,28.050000,0.270000,0.000000,0.000000,3.841168,-12.198035,0.800000,0.800000
38.302404,28.250000,0.270000,0.000000,0.000000,3.142508,-0.196459,0.800000,0.800000
38.502404,28.450000,0.270000,-0.244979,-1.224893,3.129979,-0.196459,0.800000,0.800000
38.708559,28.650000,0.220000,0.000000,1.188321,3.117401,0.256789,0.750000,0.750000
38.908559,28.850000,0.220000,0.000000,0.000000,3.134336,5.102993,0.750000,0.750000
39.108559,29.050000,0.220000,0.000000,0.000000,3.444599,5.062060,0.750000,0.750000
39.308559,29.250000,0.220000,0.000000,0.000000,3.726941,5.021455,0.750000,0.750000
39.508559,29.450000,0.220000,0.000000,0.000000,3.987313,4.981176,0.750000,0.750000
39.708559,29.650000,0.220000,0.000000,0.000000,4.229792,4.941220,0.750000,0.750000
39.908559,29.850000,0.220000,0.000000,0.000000,4.457312,4.901585,0.756200,0.756200
40.108559,30.050000,0.220000,0.000000,0.000000,4.672072,4.862267,0.800000,0.800000
40.308559,30.250000,0.220000,0.000000,0.000000,4.875774,4.823265,0.800000,0.800000
40.508559,30.450000,0.220000,0.000000,0.000000,5.069761,4.784576,0.800000,0.800000
40.708559,30.650000,0.220000,0.000000,0.000000,5.255122,-7.463948,0.800000,0.800000
40.908559,30.850000,0.220000,0.000000,0.000000,4.962935,-12.394510,0.800000,0.800000
41.108559,31.050000,0.220000,0.000000,0.000000,4.435417,-12.295880,0.800000,0.800000
41.308559,31.250000,0.220000,0.000000,0.000000,3.841168,-12.198035,0.800000,0.800000
41.508559,31.450000,0.220000,0.000000,0.000000,3.142508,-0.196459,0.800000,0.800000
41.708559,31.650000,0.220000,-0.244979,-1.224893,3.129979,-0.196459,0.800000,0.800000
41.914715,31.850000,0.170000,0.000000,1.188321,3.117401,0.190594,0.800000,0.800000
42.114715,32.050000,0.170000,-0.244979,-1.224893,3.129979,-0.196459,0.800000,0.800000
42.320870,32.250000,0.120000,0.000000,1.188321,3.117401,0.256789,0.750000,0.750000
42.520870,32.450000,0.120000,0.000000,0.000000,3.134336,5.102993,0.750000,0.750000
42.720870,32.650000,0.120000,0.000000,0.000000,3.444599,5.062060,0.750000,0.750000
42.920870,32.850000,0.120000,0.000000,0.000000,3.726941,5.021455,0.750000,0.750000
43.120870,33.050000,0.120000,0.000000,0.000000,3.987313,4.981176,0.750000,0.750000
43.320870,33.250000,0.120000,0.000000,0.000000,4.229792,4.941220,0.750000,0.750000
43.520870,33.450000,0.120000,0.000000,0.000000,4.457312,-7.142379,0.750000,0.750000
43.720870,33.650000,0.120000,0.000000,0.000000,4.124400,-12.242918,0.750000,0.750000
43.920870,33.850000,0.120000,0.000000,0.000000,3.480447,-12.145494,0.750000,0.750000
44.120870,34.050000,0.120000,0.000000,0.000000,2.693568,-6.289787,0.774600,0.774600
44.320870,34.250000,0.120000,0.244979,1.224893,2.177015,-3.998108,0.800000,0.800000
44.527025,34.450000,0.170000,0.463648,1.060700,1.772048,-0.067695,0.850000,0.850000
44.750632,34.650000,0.270000,1.325818,3.855742,1.764155,-0.062411,0.950000,0.950000
44.956787,34.700000,0.470000,1.325818,0.000000,1.756226,5.238148,1.068000,1.068000
45.162943,34.750000,0.670000,1.570796,1.188321,2.289994,5.194838,1.042000,1.042000
45.362943,34.750000,0.870000,1.325818,-1.224893,2.717712,2.804871,1.004800,1.004800
45.569098,34.800000,1.070000,1.570796,1.188321,2.916832,1.719259,1.050000,1.050000
45.769098,34.800000,1.270000,1.325818,-1.224893,3.035915,0.525602,1.050000,1.050000
45.975253,34.850000,1.470000,1.325818,0.000000,3.070345,1.628050,1.100000,1.100000
46.181409,34.900000,1.670000,1.570796,1.188321,3.177779,-0.202506,1.150000,1.150000
46.381409,34.900000,1.870000,1.570796,0.000000,3.164615,5.099169,1.150000,1.150000
46.581409,34.900000,2.070000,1.570796,0.000000,3.471952,5.058266,1.150000,1.150000
46.781409,34.900000,2.270000,1.570796,0.000000,3.752034,5.017692,1.150000,1.150000
46.981409,34.900000,2.470000,1.570796,0.000000,4.010591,-3.325668,1.150000,1.150000
47.181409,34.900000,2.670000,1.570796,0.000000,3.841168,-12.198035,1.150000,1.150000
47.381409,34.900000,2.870000,1.570796,0.000000,3.142508,-0.196459,1.138500,1.138500
47.581409,34.900000,3.070000,1.325818,-1.224893,3.129979,-0.196459,1.104300,1.104300
47.787564,34.950000,3.270000,1.570796,1.188321,3.117401,0.256789,1.150000,1.150000
47.987564,34.950000,3.470000,1.570796,0.000000,3.134336,5.102993,1.150000,1.150000
48.187564,34.950000,3.670000,1.570796,0.000000,3.444599,5.062060,1.150000,1.150000
48.387564,34.950000,3.870000,1.570796,0.000000,3.726941,5.021455,1.150000,1.150000
48.587564,34.950000,4.070000,1.570796,0.000000,3.987313,4.981176,1.150000,1.150000
48.787564,34.950000,4.270000,1.570796,0.000000,4.229792,-2.364180,1.150000,1.150000
48.987564,34.950000,4.470000,1.570796,0.000000,4.116487,-12.241621,1.150000,1.150000
49.187564,34.950000,4.670000,1.570796,0.000000,3.471141,-12.144207,1.150000,1.150000
49.387564,34.950000,4.870000,1.570796,0.000000,2.681629,-6.439036,1.117300,1.117300
49.587564,34.950000,5.070000,1.325818,-1.224893,2.148377,-0.094623,1.100000,1.100000
49.793719,35.000000,5.270000,0.785398,-2.621420,2.139550,-0.091798,1.104300,1.104300
50.076562,35.200000,5.470000,0.785398,0.000000,2.130686,0.133818,0.900000,0.900000
50.359405,35.400000,5.670000,1.325818,1.910671,2.148377,-0.066909,0.726200,0.726200
50.565560,35.450000,5.870000,0.785398,-2.621420,2.139550,-0.091798,0.727800,0.727800
50.848402,35.650000,6.070000,1.107149,1.137560,2.130686,5.208961,0.727800,0.727800
51.072009,35.750000,6.270000,1.107149,0.000000,2.736139,-5.356653,0.740600,0.740600
51.295616,35.850000,6.470000,1.325818,0.977917,2.256300,-0.093350,0.801500,0.801500
51.501771,35.900000,6.670000,1.815775,2.376642,2.247029,-0.101253,0.850000,0.850000
51.707927,35.850000,6.870000,2.034444,1.060700,2.237720,5.199584,0.801500,0.801500
51.931533,35.750000,7.070000,2.034444,0.000000,2.674180,5.156593,0.740600,0.740600
52.155140,35.650000,7.270000,2.034444,-0.000000,3.075278,0.335365,0.740600,0.740600
52.378747,35.550000,7.470000,2.214297,0.804329,3.099567,-2.848698,0.732600,0.732600
52.628747,35.400000,7.670000,2.356194,0.567588,2.886752,-7.249193,0.813100,0.813100
52.911590,35.200000,7.870000,2.214297,-0.501682,2.169963,-0.082634,0.980800,0.980800
53.161590,35.050000,8.070000,1.570796,-2.574004,2.159166,-0.093489,1.150000,1.150000
53.361590,35.050000,8.270000,1.570796,0.000000,2.148314,5.207448,1.150000,1.150000
53.561590,35.050000,8.470000,1.570796,0.000000,2.588094,5.165677,1.150000,1.150000
53.761590,35.050000,8.670000,1.570796,0.000000,2.960490,2.580674,1.150000,1.150000
53.961590,35.050000,8.870000,1.325818,-1.224893,3.129979,-0.196459,1.150000,1.150000
54.167745,35.100000,9.070000,1.570796,1.188321,3.117401,0.256789,1.150000,1.150000
54.367745,35.100000,9.270000,1.570796,0.000000,3.134336,5.102993,1.150000,1.150000
54.567745,35.100000,9.470000,1.570796,0.000000,3.444599,5.062060,1.150000,1.150000
54.767745,35.100000,9.670000,1.570796,0.000000,3.726941,5.021455,1.150000,1.150000
54.967745,35.100000,9.870000,1.570796,0.000000,3.987313,4.981176,1.150000,1.150000
55.167745,35.100000,10.070000,1.570796,0.000000,4.229792,4.941220,1.150000,1.150000
55.367745,35.100000,10.270000,1.570796,0.000000,4.457312,4.901585,1.150000,1.150000
55.567745,35.100000,10.470000,1.570796,0.000000,4.672072,4.862267,1.150000,1.150000
55.767745,35.100000,10.670000,1.570796,0.000000,4.875774,4.823265,1.150000,1.150000
55.967745,35.100000,10.870000,1.570796,0.000000,5.069761,4.784576,1.150000,1.150000
56.167745,35.100000,11.070000,1.570796,0.000000,5.255122,-7.463948,1.150000,1.150000
56.367745,35.100000,11.270000,1.570796,0.000000,4.962935,-12.394510,1.150000,1.150000
56.567745,35.100000,11.470000,1.570796,0.000000,4.435417,-12.295880,1.150000,1.150000
56.767745,35.100000,11.670000,1.570796,0.000000,3.841168,-12.198035,1.109700,1.109700
56.967745,35.100000,11.870000,1.570796,0.000000,3.142508,-0.196459,1.100000,1.100000
57.167745,35.100000,12.070000,1.325818,-1.224893,3.129979,-0.196459,1.100000,1.100000
57.373900,35.150000,12.270000,1.570796,1.188321,3.117401,0.256789,1.150000,1.150000
57.573900,35.150000,12.470000,1.570796,0.000000,3.134336,5.102993,1.150000,1.150000
57.773900,35.150000,12.670000,1.570796,0.000000,3.444599,5.062060,1.150000,1.150000
57.973900,35.150000,12.870000,1.570796,0.000000,3.726941,5.021455,1.150000,1.150000
58.173900,35.150000,13.070000,1.570796,0.000000,3.987313,4.981176,1.126900,1.126900
58.373900,35.150000,13.270000,1.570796,0.000000,4.229792,-7.841424,1.101100,1.101100
58.573900,35.150000,13.470000,1.570796,0.000000,3.841168,-12.198035,1.100000,1.100000
58.773900,35.150000,13.670000,1.570796,0.000000,3.142508,-0.196459,1.100000,1.100000
58.973900,35.150000,13.870000,1.325818,-1.224893,3.129979,-0.196459,1.100000,1.100000
59.180056,35.200000,14.070000,1.570796,1.188321,3.117401,0.256789,1.126900,1.126900
59.380056,35.200000,14.270000,1.570796,0.000000,3.134336,5.102993,1.117300,1.117300
59.580056,35.200000,14.470000,1.570796,0.000000,3.444599,-4.974767,1.100000,1.100000
59.780056,35.200000,14.670000,1.570796,0.000000,3.142508,-0.196459,1.117300,1.117300
59.980056,35.200000,14.870000,1.325818,-1.224893,3.129979,-0.196459,1.109700,1.109700
60.186211,35.250000,15.070000,1.570796,1.188321,3.117401,0.190594,1.100000,1.100000
60.386211,35.250000,15.270000,1.325818,-1.224893,3.129979,-0.196459,1.101100,1.101100
60.592366,35.300000,15.470000,1.570796,1.188321,3.117401,0.256789,1.060200,1.060200
60.792366,35.300000,15.670000,1.570796,0.000000,3.134336,5.102993,1.050000,1.050000
60.992366,35.300000,15.870000,1.570796,0.000000,3.444599,5.062060,1.068000,1.068000
61.192366,35.300000,16.070000,1.570796,0.000000,3.726941,5.021455,1.054500,1.054500
61.392366,35.300000,16.270000,1.570796,0.000000,3.987313,4.981176,1.050000,1.050000
61.592366,35.300000,16.470000,1.570796,0.000000,4.229792,4.941220,1.050000,1.050000
61.792366,35.300000,16.670000,1.570796,0.000000,4.457312,4.901585,1.050000,1.050000
61.992366,35.300000,16.870000,1.570796,0.000000,4.672072,4.862267,1.068000,1.068000
62.192366,35.300000,17.070000,1.570796,0.000000,4.875774,-10.250617,1.100000,1.100000
62.392366,35.300000,17.270000,1.570796,0.000000,4.435417,-12.295880,1.100000,1.100000
62.592366,35.300000,17.470000,1.570796,0.000000,3.841168,-12.198035,1.101100,1.101100
62.792366,35.300000,17.670000,1.570796,0.000000,3.142508,-0.196459,1.126900,1.126900
62.992366,35.300000,17.870000,1.815775,1.224893,3.129979,-0.196459,1.150000,1.150000
63.198521,35.250000,18.070000,1.570796,-1.188321,3.117401,0.256789,1.150000,1.150000
63.398521,35.250000,18.270000,1.570796,0.000000,3.134336,-0.077544,1.150000,1.150000
63.598521,35.250000,18.470000,1.570796,0.000000,3.129384,-0.387880,1.150000,1.150000
63.798521,35.250000,18.670000,1.815775,1.224893,3.104496,-0.204654,1.150000,1.150000
64.004677,35.200000,18.870000,1.570796,-1.188321,3.091284,-0.278532,1.101100,1.101100
64.204677,35.200000,19.070000,1.570796,0.000000,3.072652,-1.206175,1.126900,1.126900
64.404677,35.200000,19.270000,1.815775,1.224893,2.993112,-0.616678,1.159300,1.159300
64.610832,35.150000,19.470000,1.570796,-1.188321,2.951618,-1.432939,1.152100,1.152100
64.810832,35.150000,19.670000,1.815775,1.224893,2.849778,-0.650871,1.175800,1.175800
65.016987,35.100000,19.870000,2.034444,1.060700,2.803727,-0.286651,1.200000,1.200000
65.240594,35.000000,20.070000,2.034444,0.000000,2.782570,-2.775095,1.179800,1.179800
65.464201,34.900000,20.270000,2.356194,1.438912,2.549831,-0.335135,1.200000,1.200000
65.747044,34.700000,20.470000,2.356194,0.000000,2.520270,-0.125946,1.187900,1.187900
66.029886,34.500000,20.670000,2.896614,1.910671,2.506095,-0.125946,1.050000,1.050000
66.236042,34.300000,20.720000,2.896614,-0.000000,2.491840,5.175483,1.001200,1.001200
66.442197,34.100000,20.770000,3.141593,1.188321,2.888455,1.918320,0.980800,0.980800
66.642197,33.900000,20.770000,3.141593,0.000000,3.022270,1.656633,1.000000,1.000000
66.842197,33.700000,20.770000,3.386571,1.224893,3.129979,-0.196459,0.961200,0.961200
67.048352,33.500000,20.720000,3.141593,-1.188321,3.117401,0.190594,0.900000,0.900000
67.248352,33.300000,20.720000,3.386571,1.224893,3.129979,-0.196459,0.911800,0.911800
67.454507,33.100000,20.670000,3.386571,0.000000,3.117401,-3.162091,0.915700,0.915700
67.660663,32.900000,20.620000,3.605240,1.060700,2.900763,-0.181396,0.956200,0.956200
67.884270,32.700000,20.520000,3.926991,1.438912,2.887842,-0.167239,0.962400,0.962400
68.096402,32.550000,20.370000,4.068888,0.668909,2.874864,5.134261,0.898700,0.898700
68.346402,32.400000,20.170000,4.248741,0.719414,3.231582,-0.631099,0.823200,0.823200
68.570008,32.300000,19.970000,4.467410,0.977917,3.182385,-0.299336,0.788200,0.788200
68.776164,32.250000,19.770000,4.712389,1.188321,3.161283,-0.287046,0.774600,0.774600
68.976164,32.250000,19.570000,4.712389,0.000000,3.142508,-0.196459,0.756200,0.756200
69.176164,32.250000,19.370000,4.467410,-1.224893,3.129979,-0.196459,0.751600,0.751600
69.382319,32.200000,19.170000,4.712389,1.188321,3.117401,0.256789,0.800000,0.800000
69.582319,32.200000,18.970000,4.712389,0.000000,3.134336,5.102993,0.800000,0.800000
69.782319,32.200000,18.770000,4.712389,0.000000,3.444599,5.062060,0.800000,0.800000
69.982319,32.200000,18.570000,4.712389,0.000000,3.726941,2.161208,0.756200,0.756200
70.182319,32.200000,18.370000,4.712389,0.000000,3.841168,-12.198035,0.756200,0.756200
70.382319,32.200000,18.170000,4.712389,0.000000,3.142508,-0.196459,0.800000,0.800000
70.582319,32.200000,17.970000,4.467410,-1.224893,3.129979,-0.196459,0.800000,0.800000
70.788474,32.150000,17.770000,4.467410,0.000000,3.117401,0.023589,0.850000,0.850000
70.994629,32.100000,17.570000,4.467410,-0.000000,3.118960,-3.287053,0.862400,0.862400
71.200785,32.050000,17.370000,4.248741,-1.060700,2.893549,-0.297781,0.884100,0.884100
71.424392,31.950000,17.170000,4.248741,0.000000,2.872255,-8.517132,0.951200,0.951200
71.647998,31.850000,16.970000,4.068888,-0.804329,2.107338,-0.098578,1.031700,1.031700
71.897998,31.700000,16.770000,3.386571,-2.729266,2.096851,-0.088171,0.920800,0.920800
72.104154,31.500000,16.720000,3.386571,-0.000000,2.086313,5.212713,0.823200,0.823200
72.310309,31.300000,16.670000,3.141593,-1.188321,2.549894,4.143200,0.750000,0.750000
72.510309,31.100000,16.670000,3.141593,0.000000,2.865352,4.162782,0.750000,0.750000
72.710309,30.900000,16.670000,3.141593,0.000000,3.142508,-0.196459,0.763900,0.763900
72.910309,30.700000,16.670000,3.386571,1.224893,3.129979,-0.196459,0.788200,0.788200
73.116464,30.500000,16.620000,3.141593,-1.188321,3.117401,0.190594,0.800000,0.800000
73.316464,30.300000,16.620000,3.386571,1.224893,3.129979,-0.196459,0.800000,0.800000
73.522619,30.100000,16.570000,3.141593,-1.188321,3.117401,0.256789,0.750000,0.750000
73.722619,29.900000,16.570000,3.141593,0.000000,3.134336,0.128226,0.750000,0.750000
73.922619,29.700000,16.570000,3.141593,0.000000,3.142508,-0.196459,0.750000,0.750000
74.122619,29.500000,16.570000,2.896614,-1.224893,3.129979,-0.196459,0.750000,0.750000
74.328775,29.300000,16.620000,3.141593,1.188321,3.117401,0.256789,0.800000,0.800000
74.528775,29.100000,16.620000,3.141593,0.000000,3.134336,5.102993,0.800000,0.800000
74.728775,28.900000,16.620000,3.141593,0.000000,3.444599,5.062060,0.800000,0.800000
74.928775,28.700000,16.620000,3.141593,0.000000,3.726941,5.021455,0.800000,0.800000
75.128775,28.500000,16.620000,3.141593,0.000000,3.987313,4.981176,0.800000,0.800000
75.328775,28.300000,16.620000,3.141593,0.000000,4.229792,-7.841424,0.800000,0.800000
75.528775,28.100000,16.620000,3.141593,0.000000,3.841168,-12.198035,0.800000,0.800000
75.728775,27.900000,16.620000,3.141593,0.000000,3.142508,-0.196459,0.800000,0.800000
75.928775,27.700000,16.620000,2.896614,-1.224893,3.129979,-0.196459,0.800000,0.800000
76.134930,27.500000,16.670000,3.141593,1.188321,3.117401,0.256789,0.751600,0.751600
76.334930,27.300000,16.670000,3.141593,0.000000,3.134336,-0.068233,0.777600,0.777600
76.534930,27.100000,16.670000,2.896614,-1.224893,3.129979,-0.196459,0.714900,0.714900
76.741085,26.900000,16.720000,3.141593,1.188321,3.117401,0.256789,0.750000,0.750000
76.941085,26.700000,16.720000,3.141593,0.000000,3.134336,0.128226,0.774600,0.774600
77.141085,26.500000,16.720000,3.141593,0.000000,3.142508,-0.196459,0.801500,0.801500
77.341085,26.300000,16.720000,3.386571,1.224893,3.129979,-0.196459,0.836000,0.836000
77.547241,26.100000,16.670000,3.141593,-1.188321,3.117401,0.190594,0.800000,0.800000
77.747241,25.900000,16.670000,2.896614,-1.224893,3.129979,-0.196459,0.800000,0.800000
77.953396,25.700000,16.720000,3.141593,1.188321,3.117401,0.256789,0.850000,0.850000
78.153396,25.500000,16.720000,3.141593,0.000000,3.134336,5.102993,0.850000,0.850000
78.353396,25.300000,16.720000,3.141593,0.000000,3.444599,-4.974767,0.850000,0.850000
78.553396,25.100000,16.720000,3.141593,0.000000,3.142508,-0.196459,0.850000,0.850000
78.753396,24.900000,16.720000,2.896614,-1.224893,3.129979,-0.196459,0.850000,0.850000
78.959551,24.700000,16.770000,3.141593,1.188321,3.117401,0.256789,0.900000,0.900000
79.159551,24.500000,16.770000,3.141593,0.000000,3.134336,5.102993,0.900000,0.900000
79.359551,24.300000,16.770000,3.141593,0.000000,3.444599,5.062060,0.900000,0.900000
79.559551,24.100000,16.770000,3.141593,0.000000,3.726941,5.021455,0.900000,0.900000
79.759551,23.900000,16.770000,3.141593,0.000000,3.987313,4.981176,0.900000,0.900000
79.959551,23.700000,16.770000,3.141593,0.000000,4.229792,4.941220,0.900000,0.900000
80.159551,23.500000,16.770000,3.141593,0.000000,4.457312,-0.486764,0.900000,0.900000
80.359551,23.300000,16.770000,3.141593,0.000000,4.435417,-12.295880,0.900000,0.900000
80.559551,23.100000,16.770000,3.141593,0.000000,3.841168,-12.198035,0.900000,0.900000
80.759551,22.900000,16.770000,3.141593,0.000000,3.142508,-0.196459,0.900000,0.900000
80.959551,22.700000,16.770000,2.896614,-1.224893,3.129979,-0.196459,0.900000,0.900000
81.165706,22.500000,16.820000,3.141593,1.188321,3.117401,0.256789,0.850000,0.850000
81.365706,22.300000,16.820000,3.141593,0.000000,3.134336,5.102993,0.850000,0.850000
81.565706,22.100000,16.820000,3.141593,0.000000,3.444599,-8.188979,0.850000,0.850000
81.765706,21.900000,16.820000,3.141593,0.000000,2.930814,-12.075391,0.850000,0.850000
81.965706,21.700000,16.820000,3.141593,0.000000,1.938947,-0.074791,0.850000,0.850000
82.165706,21.500000,16.820000,3.785094,3.217506,1.931217,-0.074791,0.850000,0.850000
82.415706,21.300000,16.670000,3.605240,-0.719414,1.923455,5.225809,0.701700,0.701700
82.639313,21.100000,16.570000,3.605240,-0.000000,2.512486,1.816137,0.646400,0.646400
82.862920,20.900000,16.470000,3.785094,0.804329,2.669230,-4.122525,0.630100,0.630100
83.112920,20.700000,16.320000,3.386571,-1.594090,2.298072,-0.126541,0.660600,0.660600
83.319075,20.500000,16.270000,3.141593,-1.188321,2.284265,-0.100704,0.657100,0.657100
83.519075,20.300000,16.270000,2.677945,-2.318238,2.275158,-0.103804,0.650000,0.650000
83.742682,20.100000,16.370000,2.896614,0.977917,2.266015,2.508496,0.568500,0.568500
83.948837,19.900000,16.420000,2.677945,-1.060700,2.501331,-3.980338,0.576500,0.576500
84.172444,19.700000,16.520000,2.896614,0.977917,2.148377,-0.084634,0.582500,0.582500
84.378599,19.500000,16.570000,2.356194,-2.621420,2.139550,-0.091798,0.600000,0.600000
84.661442,19.300000,16.770000,2.896614,1.910671,2.130686,3.234851,0.800000,0.800000
84.867597,19.100000,16.820000,3.141593,1.188321,2.523833,4.302979,0.850000,0.850000
85.067597,18.900000,16.820000,3.141593,0.000000,2.853751,5.136687,0.851400,0.851400
85.267597,18.700000,16.820000,3.141593,0.000000,3.193520,5.095483,0.884100,0.884100
85.467597,18.500000,16.820000,3.141593,0.000000,3.498108,5.054610,0.900000,0.900000
85.667597,18.300000,16.820000,3.141593,0.000000,3.776057,5.014065,0.872000,0.872000
85.867597,18.100000,16.820000,3.141593,0.000000,4.032894,4.973846,0.850000,0.850000
86.067597,17.900000,16.820000,3.141593,0.000000,4.272443,-8.748004,0.851400,0.851400
86.267597,17.700000,16.820000,3.141593,0.000000,3.841168,-12.198035,0.884100,0.884100
86.467597,17.500000,16.820000,3.141593,0.000000,3.142508,-0.196459,0.851400,0.851400
86.667597,17.300000,16.820000,3.386571,1.224893,3.129979,-0.196459,0.850000,0.850000
86.873753,17.100000,16.770000,3.141593,-1.188321,3.117401,0.256789,0.855500,0.855500
87.073753,16.900000,16.770000,3.141593,0.000000,3.134336,5.102993,0.898700,0.898700
87.273753,16.700000,16.770000,3.141593,0.000000,3.444599,-4.974767,0.900000,0.900000
87.473753,16.500000,16.770000,3.141593,0.000000,3.142508,-0.196459,0.900000,0.900000
87.673753,16.300000,16.770000,2.896614,-1.224893,3.129979,-0.196459,0.900000,0.900000
87.879908,16.100000,16.820000,3.141593,1.188321,3.117401,0.256789,0.911800,0.911800
88.079908,15.900000,16.820000,3.141593,0.000000,3.134336,-0.068233,0.950000,0.950000
88.279908,15.700000,16.820000,2.896614,-1.224893,3.129979,-0.196459,0.934900,0.934900
88.486063,15.500000,16.870000,3.141593,1.188321,3.117401,0.256789,0.911800,0.911800
88.686063,15.300000,16.870000,3.141593,0.000000,3.134336,5.102993,0.900000,0.900000
88.886063,15.100000,16.870000,3.141593,0.000000,3.444599,5.062060,0.900000,0.900000
89.086063,14.900000,16.870000,3.141593,0.000000,3.726941,5.021455,0.900000,0.900000
89.286063,14.700000,16.870000,3.141593,0.000000,3.987313,-2.860248,0.900000,0.900000
89.486063,14.500000,16.870000,3.141593,0.000000,3.841168,-12.198035,0.900000,0.900000
89.686063,14.300000,16.870000,3.141593,0.000000,3.142508,-0.196459,0.884100,0.884100
89.886063,14.100000,16.870000,2.896614,-1.224893,3.129979,-0.196459,0.851400,0.851400
90.092219,13.900000,16.920000,3.141593,1.188321,3.117401,0.256789,0.900000,0.900000
90.292219,13.700000,16.920000,3.141593,0.000000,3.134336,5.102993,0.905200,0.905200
90.492219,13.500000,16.920000,3.141593,0.000000,3.444599,5.062060,0.900000,0.900000
90.692219,13.300000,16.920000,3.141593,0.000000,3.726941,5.021455,0.900000,0.900000
90.892219,13.100000,16.920000,3.141593,0.000000,3.987313,4.981176,0.900000,0.900000
91.092219,12.900000,16.920000,3.141593,0.000000,4.229792,4.941220,0.900000,0.900000
91.292219,12.700000,16.920000,3.141593,0.000000,4.457312,4.901585,0.900000,0.900000
91.492219,12.500000,16.920000,3.141593,0.000000,4.672072,-5.388349,0.900000,0.900000
91.692219,12.300000,16.920000,3.141593,0.000000,4.435417,-12.295880,0.900000,0.900000
91.892219,12.100000,16.920000,3.141593,0.000000,3.841168,-12.198035,0.900000,0.900000
92.092219,11.900000,16.920000,3.141593,0.000000,3.142508,-0.196459,0.900000,0.900000
92.292219,11.700000,16.920000,2.896614,-1.224893,3.129979,-0.196459,0.872000,0.872000
92.498374,11.500000,16.970000,3.141593,1.188321,3.117401,0.256789,0.900000,0.900000
92.698374,11.300000,16.970000,3.141593,0.000000,3.134336,5.102993,0.900000,0.900000
92.898374,11.100000,16.970000,3.141593,0.000000,3.444599,5.062060,0.900000,0.900000
93.098374,10.900000,16.970000,3.141593,0.000000,3.726941,5.021455,0.900000,0.900000
93.298374,10.700000,16.970000,3.141593,0.000000,3.987313,4.981176,0.900000,0.900000
93.498374,10.500000,16.970000,3.141593,0.000000,4.229792,4.454456,0.900000,0.900000
93.698374,10.300000,16.970000,3.141593,0.000000,4.435417,-12.295880,0.900000,0.900000
93.898374,10.100000,16.970000,3.141593,0.000000,3.841168,-12.198035,0.900000,0.900000
94.098374,9.900000,16.970000,3.141593,0.000000,3.142508,-0.196459,0.900000,0.900000
94.298374,9.700000,16.970000,2.896614,-1.224893,3.129979,-0.196459,0.862400,0.862400
94.504529,9.500000,17.020000,3.141593,1.188321,3.117401,0.256789,0.900000,0.900000
94.704529,9.300000,17.020000,3.141593,0.000000,3.134336,5.102993,0.900000,0.900000
94.904529,9.100000,17.020000,3.141593,0.000000,3.444599,5.062060,0.900000,0.900000
95.104529,8.900000,17.020000,3.141593,0.000000,3.726941,5.021455,0.900000,0.900000
95.304529,8.700000,17.020000,3.141593,0.000000,3.987313,4.981176,0.900000,0.900000
95.504529,8.500000,17.020000,3.141593,0.000000,4.229792,4.941220,0.900000,0.900000
95.704529,8.300000,17.020000,3.141593,0.000000,4.457312,-0.486764,0.900000,0.900000
95.904529,8.100000,17.020000,3.141593,0.000000,4.435417,-12.295880,0.900000,0.900000
96.104529,7.900000,17.020000,3.141593,0.000000,3.841168,-12.198035,0.901300,0.901300
96.304529,7.700000,17.020000,3.141593,0.000000,3.142508,-0.196459,0.932300,0.932300
96.504529,7.500000,17.020000,2.896614,-1.224893,3.129979,-0.196459,0.950000,0.950000
96.710684,7.300000,17.070000,3.141593,1.188321,3.117401,0.256789,0.900000,0.900000
96.910684,7.100000,17.070000,3.141593,0.000000,3.134336,5.102993,0.900000,0.900000
97.110684,6.900000,17.070000,3.141593,0.000000,3.444599,5.062060,0.900000,0.900000
97.310684,6.700000,17.070000,3.141593,0.000000,3.726941,5.021455,0.900000,0.900000
97.510684,6.500000,17.070000,3.141593,0.000000,3.987313,4.981176,0.900000,0.900000
97.710684,6.300000,17.070000,3.141593,0.000000,4.229792,-7.841424,0.900000,0.900000
97.910684,6.100000,17.070000,3.141593,0.000000,3.841168,-12.198035,0.900000,0.900000
98.110684,5.900000,17.070000,3.141593,0.000000,3.142508,-0.196459,0.872000,0.872000
98.310684,5.700000,17.070000,2.896614,-1.224893,3.129979,-0.196459,0.850000,0.850000
98.516840,5.500000,17.120000,3.141593,1.188321,3.117401,0.256789,0.900000,0.900000
98.716840,5.300000,17.120000,3.141593,0.000000,3.134336,5.102993,0.900000,0.900000
98.916840,5.100000,17.120000,3.141593,0.000000,3.444599,5.062060,0.900000,0.900000
99.116840,4.900000,17.120000,3.141593,0.000000,3.726941,2.161208,0.900000,0.900000
99.316840,4.700000,17.120000,3.141593,0.000000,3.841168,-12.198035,0.900000,0.900000
99.516840,4.500000,17.120000,3.141593,0.000000,3.142508,-0.196459,0.900000,0.900000
99.716840,4.300000,17.120000,2.896614,-1.224893,3.129979,-0.196459,0.862400,0.862400
99.922995,4.100000,17.170000,3.141593,1.188321,3.117401,0.256789,0.900000,0.900000
100.122995,3.900000,17.170000,3.141593,0.000000,3.134336,5.102993,0.900000,0.900000
100.322995,3.700000,17.170000,3.141593,0.000000,3.444599,5.062060,0.900000,0.900000
100.522995,3.500000,17.170000,3.141593,0.000000,3.726941,-10.036827,0.901300,0.901300
100.722995,3.300000,17.170000,3.141593,0.000000,3.142508,-0.196459,0.932300,0.932300
100.922995,3.100000,17.170000,2.896614,-1.224893,3.129979,-0.196459,0.950000,0.950000
101.129150,2.900000,17.220000,3.141593,1.188321,3.117401,0.256789,0.950000,0.950000
101.329150,2.700000,17.220000,3.141593,0.000000,3.134336,5.102993,0.950000,0.950000
101.529150,2.500000,17.220000,3.141593,0.000000,3.444599,5.062060,0.932300,0.932300
101.729150,2.300000,17.220000,3.141593,0.000000,3.726941,5.021455,0.901300,0.901300
101.929150,2.100000,17.220000,3.141593,0.000000,3.987313,4.981176,0.900000,0.900000
102.129150,1.900000,17.220000,3.141593,0.000000,4.229792,4.454456,0.900000,0.900000
102.329150,1.700000,17.220000,3.141593,0.000000,4.435417,-12.295880,0.898700,0.898700
102.529150,1.500000,17.220000,3.141593,0.000000,3.841168,-12.198035,0.855500,0.855500
102.729150,1.300000,17.220000,3.141593,0.000000,3.142508,-0.196459,0.850000,0.850000
102.929150,1.100000,17.220000,2.896614,-1.224893,3.129979,-0.196459,0.850000,0.850000
103.135306,0.900000,17.270000,3.141593,1.188321,3.117401,0.256789,0.900000,0.900000
103.335306,0.700000,17.270000,3.141593,0.000000,3.134336,5.102993,0.900000,0.900000
103.535306,0.500000,17.270000,3.141593,0.000000,3.444599,5.062060,0.900000,0.900000
103.735306,0.300000,17.270000,3.141593,0.000000,3.726941,-1.078787,0.900000,0.900000
103.935306,0.100000,17.270000,3.141593,0.000000,3.668593,-12.172253,0.900000,0.900000
104.135306,-0.100000,17.270000,3.141593,0.000000,2.930814,-12.075391,0.900000,0.900000
104.335306,-0.300000,17.270000,3.141593,0.000000,1.938947,-0.074791,0.900000,0.900000
104.535306,-0.500000,17.270000,3.785094,3.217506,1.931217,-0.074791,0.900000,0.900000
104.785306,-0.700000,17.120000,4.068888,1.135176,1.923455,5.225809,1.050000,1.050000
105.035306,-0.850000,16.920000,4.248741,0.719414,2.512486,5.173411,0.900000,0.900000
105.258912,-0.950000,16.720000,4.467410,0.977917,2.983168,3.118769,0.800000,0.800000
105.465068,-1.000000,16.520000,4.467410,0.000000,3.208434,-0.272295,0.774600,0.774600
105.671223,-1.050000,16.320000,4.467410,0.000000,3.190890,-0.202506,0.750000,0.750000
105.877378,-1.100000,16.120000,4.712389,1.188321,3.177779,-0.202506,0.700000,0.700000
106.077378,-1.100000,15.920000,4.712389,0.000000,3.164615,5.099169,0.700000,0.700000
106.277378,-1.100000,15.720000,4.712389,0.000000,3.471952,5.058266,0.700000,0.700000
106.477378,-1.100000,15.520000,4.712389,0.000000,3.752034,-10.506011,0.701700,0.701700
106.677378,-1.100000,15.320000,4.712389,0.000000,3.142508,-0.196459,0.740600,0.740600
106.877378,-1.100000,15.120000,4.467410,-1.224893,3.129979,-0.196459,0.740600,0.740600
107.083533,-1.150000,14.920000,4.712389,1.188321,3.117401,0.256789,0.700000,0.700000
107.283533,-1.150000,14.720000,4.712389,0.000000,3.134336,5.102993,0.700000,0.700000
107.483533,-1.150000,14.520000,4.712389,0.000000,3.444599,5.062060,0.700000,0.700000
107.683533,-1.150000,14.320000,4.712389,0.000000,3.726941,5.021455,0.700000,0.700000
107.883533,-1.150000,14.120000,4.712389,0.000000,3.987313,4.981176,0.706600,0.706600
108.083533,-1.150000,13.920000,4.712389,0.000000,4.229792,4.454456,0.750000,0.750000
108.283533,-1.150000,13.720000,4.712389,0.000000,4.435417,-12.295880,0.750000,0.750000
108.483533,-1.150000,13.520000,4.712389,0.000000,3.841168,-12.198035,0.750000,0.750000
108.683533,-1.150000,13.320000,4.712389,0.000000,3.142508,-0.196459,0.750000,0.750000
108.883533,-1.150000,13.120000,4.467410,-1.224893,3.129979,-0.196459,0.750000,0.750000
109.089689,-1.200000,12.920000,4.712389,1.188321,3.117401,0.256789,0.714900,0.714900
109.289689,-1.200000,12.720000,4.712389,0.000000,3.134336,-0.068233,0.750000,0.750000
109.489689,-1.200000,12.520000,4.467410,-1.224893,3.129979,-0.196459,0.750000,0.750000
109.695844,-1.250000,12.320000,4.712389,1.188321,3.117401,0.256789,0.700000,0.700000
109.895844,-1.250000,12.120000,4.712389,0.000000,3.134336,5.102993,0.726200,0.726200
110.095844,-1.250000,11.920000,4.712389,0.000000,3.444599,-4.974767,0.750000,0.750000
110.295844,-1.250000,11.720000,4.712389,0.000000,3.142508,-0.196459,0.750000,0.750000
110.495844,-1.250000,11.520000,4.467410,-1.224893,3.129979,-0.196459,0.750000,0.750000
110.701999,-1.300000,11.320000,4.712389,1.188321,3.117401,0.256789,0.700000,0.700000
110.901999,-1.300000,11.120000,4.712389,0.000000,3.134336,0.128226,0.706600,0.706600
111.101999,-1.300000,10.920000,4.712389,0.000000,3.142508,-0.196459,0.750000,0.750000
111.301999,-1.300000,10.720000,4.467410,-1.224893,3.129979,-0.196459,0.750000,0.750000
111.508155,-1.350000,10.520000,4.712389,1.188321,3.117401,0.256789,0.700000,0.700000
111.708155,-1.350000,10.320000,4.712389,0.000000,3.134336,5.102993,0.700000,0.700000
111.908155,-1.350000,10.120000,4.712389,0.000000,3.444599,-4.974767,0.706600,0.706600
112.108155,-1.350000,9.920000,4.712389,0.000000,3.142508,-0.196459,0.740600,0.740600
112.308155,-1.350000,9.720000,4.467410,-1.224893,3.129979,-0.196459,0.701700,0.701700
112.514310,-1.400000,9.520000,4.467410,-0.000000,3.117401,0.921861,0.700000,0.700000
112.720465,-1.450000,9.320000,4.712389,1.188321,3.177779,-0.202506,0.650000,0.650000
112.920465,-1.450000,9.120000,4.712389,0.000000,3.164615,5.099169,0.651800,0.651800
