s_m;x_m;y_m;psi_rad;kappa_radpm;vx_mps;ax_mps2;w_tr_right_m;w_tr_left_m
0.000000;11.165300;-0.555800;-0.054952;2.433262;1.720172;-0.059338;1.110200;1.110200
0.071007;11.236200;-0.559700;-0.042288;0.178345;1.720172;5.240662;1.128100;1.128100
0.141971;11.307100;-0.562700;-0.033838;0.119080;1.924380;5.225737;1.140200;1.140200
0.212911;11.378000;-0.565100;-0.025382;0.119186;2.108296;5.210864;1.128100;1.128100
0.283834;11.448900;-0.566900;-0.019744;0.079507;2.276892;5.196038;1.118000;1.118000
0.354748;11.519800;-0.568300;-0.014103;0.079535;2.433366;5.181258;1.110200;1.110200
0.425655;11.590700;-0.569300;-0.009859;0.059861;2.579945;5.166522;1.101100;1.101100
0.496658;11.661700;-0.570000;-0.007052;0.039530;2.718235;5.151829;1.100000;1.100000
0.567560;11.732600;-0.570500;-0.004225;0.039868;2.849631;5.137158;1.100000;1.100000
0.638561;11.803600;-0.570800;-0.004231;-0.000084;2.974704;5.122549;1.100000;1.100000
0.709461;11.874500;-0.571100;-0.002817;0.019949;3.094556;5.107962;1.100000;1.100000
0.780462;11.945500;-0.571300;-0.002821;-0.000056;3.209453;5.093437;1.100000;1.100000
0.851362;12.016400;-0.571500;-0.001410;0.019893;3.320220;5.078933;1.100000;1.100000
0.922262;12.087300;-0.571600;-0.002817;-0.019837;3.426960;5.064491;1.100000;1.100000
0.993262;12.158300;-0.571800;-0.001410;0.019809;3.530184;5.050090;1.100000;1.100000
1.064162;12.229200;-0.571900;-0.001408;0.000028;3.630333;5.035709;1.100000;1.100000
1.135162;12.300200;-0.572000;-0.001410;-0.000028;3.727383;5.021389;1.100000;1.100000
1.206063;12.371100;-0.572100;-0.001408;0.000028;3.821835;5.007091;1.092000;1.092000
1.277063;12.442100;-0.572200;-0.002821;-0.019893;3.913621;4.992852;1.068900;1.068900
1.347963;12.513000;-0.572400;-0.001408;0.019921;4.003175;4.978635;1.060700;1.060700
1.418963;12.584000;-0.572500;-0.001410;-0.000028;4.090402;4.964478;1.051200;1.051200
1.489863;12.654900;-0.572600;-0.001410;0.000000;4.175685;4.950341;1.050000;1.050000
1.560763;12.725800;-0.572700;-0.001408;0.000028;4.258908;4.936264;1.030800;1.030800
1.631763;12.796800;-0.572800;-0.002821;-0.019893;4.340307;4.922227;1.019800;1.019800
1.702663;12.867700;-0.573000;-0.001408;0.019921;4.420093;4.908211;1.011200;1.011200
1.773664;12.938700;-0.573100;-0.001410;-0.000028;4.498134;4.894254;1.001200;1.001200
1.844564;13.009600;-0.573200;-0.001408;0.000028;4.574734;4.880317;1.000000;1.000000
1.915564;13.080600;-0.573300;-0.001410;-0.000028;4.649755;4.866439;1.000000;1.000000
1.986464;13.151500;-0.573400;-0.002821;-0.019893;4.723479;4.852582;1.000000;1.000000
2.057364;13.222400;-0.573600;-0.001408;0.019921;4.795764;4.838783;1.000000;1.000000
2.128364;13.293400;-0.573700;-0.001410;-0.000028;4.866775;4.825023;1.000000;1.000000
2.199264;13.364300;-0.573800;-0.001408;0.000028;4.936664;4.811284;1.000000;1.000000
2.270264;13.435300;-0.573900;-0.001410;-0.000028;5.005286;4.797602;1.000000;1.000000
2.341164;13.506200;-0.574000;-0.002817;-0.019837;5.072884;4.783941;1.000000;1.000000
2.412165;13.577200;-0.574200;-0.001410;0.019809;5.139311;4.770337;1.000000;1.000000
2.483065;13.648100;-0.574300;-0.001408;0.000028;5.204796;4.756753;1.000000;1.000000
2.554065;13.719100;-0.574400;-0.001410;-0.000028;5.269195;4.743227;1.000000;1.000000
2.624965;13.790000;-0.574500;-0.001410;0.000000;5.332725;4.729720;1.000000;1.000000
2.695865;13.860900;-0.574600;-0.002817;-0.019837;5.395241;4.716271;1.000000;1.000000
2.766865;13.931900;-0.574800;-0.001410;0.019809;5.456867;4.702860;1.000000;1.000000
2.837765;14.002800;-0.574900;-0.001408;0.000028;5.517717;4.689468;1.000000;1.000000
2.908765;14.073800;-0.575000;-0.001410;-0.000028;5.577649;4.676133;1.050000;1.050000
2.979665;14.144700;-0.575100;-0.001408;0.000028;5.636859;4.662817;1.050000;1.050000
3.050665;14.215700;-0.575200;-0.002821;-0.019893;5.695206;4.649558;1.050000;1.050000
3.121566;14.286600;-0.575400;-0.001408;0.019921;5.752878;4.636318;1.050000;1.050000
3.192566;14.357600;-0.575500;-0.001410;-0.000028;5.809737;4.623134;1.050000;1.050000
3.263466;14.428500;-0.575600;-0.001410;0.000000;5.865963;4.609969;1.050000;1.050000
3.334366;14.499400;-0.575700;-0.001408;0.000028;5.921420;4.596861;1.050000;1.050000
3.405366;14.570400;-0.575800;-0.002821;-0.019893;5.976208;4.583789;1.051200;1.051200
3.476266;14.641300;-0.576000;-0.001408;0.019921;6.030419;4.570736;1.060700;1.060700
3.547266;14.712300;-0.576100;-0.001410;-0.000028;6.083920;4.557739;1.068900;1.068900
3.618166;14.783200;-0.576200;-0.001408;0.000028;6.136879;4.544760;1.092000;1.092000
3.689167;14.854200;-0.576300;-0.001410;-0.000028;6.189163;4.531837;1.100000;1.100000
3.760067;14.925100;-0.576400;-0.002821;-0.019893;6.240934;4.518932;1.092000;1.092000
3.830967;14.996000;-0.576600;-0.001408;0.019921;6.292062;4.506082;1.079400;1.079400
3.901967;15.067000;-0.576700;-0.001410;-0.000028;6.342634;4.493269;1.068900;1.068900
3.972867;15.137900;-0.576800;-0.001408;0.000028;6.392734;4.480474;1.054800;1.054800
4.043867;15.208900;-0.576900;-0.001410;-0.000028;6.442234;4.467733;1.051200;1.051200
4.114767;15.279800;-0.577000;-0.002817;-0.019837;6.491287;4.455011;1.050000;1.050000
4.185767;15.350800;-0.577200;-0.001410;0.019809;6.539765;4.442342;1.050000;1.050000
4.256667;15.421700;-0.577300;-0.001408;0.000028;6.587817;4.429692;1.050000;1.050000
4.327668;15.492700;-0.577400;-0.001410;-0.000028;6.635320;4.417096;1.030800;1.030800
4.398568;15.563600;-0.577500;-0.001410;0.000000;6.682417;4.404518;1.019800;1.019800
4.469468;15.634500;-0.577600;-0.002817;-0.019837;6.728986;4.391993;1.005000;1.005000
4.540468;15.705500;-0.577800;-0.001410;0.019809;6.775105;4.379504;1.001200;1.001200
4.611368;15.776400;-0.577900;-0.001408;0.000028;6.820846;4.367033;1.000000;1.000000
4.682368;15.847400;-0.578000;-0.001410;-0.000028;6.866089;4.354615;1.000000;1.000000
4.753268;15.918300;-0.578100;-0.001408;0.000028;6.910972;4.342215;1.000000;1.000000
4.824268;15.989300;-0.578200;-0.002821;-0.019893;6.955377;4.329868;1.000000;1.000000
4.895169;16.060200;-0.578400;-0.001410;0.019893;6.999436;4.317538;1.000000;1.000000
4.966069;16.131100;-0.578500;-0.001408;0.000028;7.043035;4.305261;1.000000;1.000000
5.037069;16.202100;-0.578600;-0.001410;-0.000028;7.086242;4.293018;1.000000;1.000000
5.107969;16.273000;-0.578700;-0.001408;0.000028;7.129126;4.280793;1.000000;1.000000
5.178969;16.344000;-0.578800;-0.002821;-0.019893;7.171572;4.268621;1.000000;1.000000
5.249869;16.414900;-0.579000;-0.001408;0.019921;7.213709;4.256465;1.000000;1.000000
5.320869;16.485900;-0.579100;-0.001410;-0.000028;7.255423;4.244362;1.000000;1.000000
5.391769;16.556800;-0.579200;-0.001408;0.000028;7.296839;4.232275;1.000000;1.000000
5.462769;16.627800;-0.579300;-0.001410;-0.000028;7.337847;4.220241;1.000000;1.000000
5.533669;16.698700;-0.579400;-0.002821;-0.019893;7.378569;4.208223;1.000000;1.000000
5.604570;16.769600;-0.579600;-0.001408;0.019921;7.418895;4.196257;1.000000;1.000000
5.675570;16.840600;-0.579700;-0.001410;-0.000028;7.458890;4.184324;1.000000;1.000000
5.746470;16.911500;-0.579800;-0.002817;-0.019837;7.498614;4.172409;1.000000;1.000000
5.817470;16.982500;-0.580000;-0.001410;0.019809;7.537961;4.160544;1.000000;1.000000
5.888370;17.053400;-0.580100;-0.002817;-0.019837;7.577048;4.148697;1.001200;1.001200
5.959370;17.124400;-0.580300;-0.002821;-0.000056;7.615769;4.136900;1.005000;1.005000
6.030271;17.195300;-0.580500;-0.004231;-0.019893;7.654240;4.125119;1.019800;1.019800
6.101171;17.266200;-0.580800;-0.004225;0.000084;7.692355;4.113389;1.030800;1.030800
6.172172;17.337200;-0.581100;-0.005642;-0.019949;7.730175;4.101692;1.059500;1.059500
6.243073;17.408100;-0.581500;-0.005634;0.000112;7.767758;4.090012;1.068900;1.068900
6.314074;17.479100;-0.581900;-0.007052;-0.019976;7.805000;4.078382;1.012400;1.012400
6.384976;17.550000;-0.582400;-0.009859;-0.039587;7.842013;4.066768;0.986200;0.986200
6.455979;17.621000;-0.583100;-0.009873;-0.000196;7.878696;4.055204;0.961800;0.961800
6.526883;17.691900;-0.583800;-0.011283;-0.019890;7.915157;4.043655;0.919200;0.919200
6.597787;17.762800;-0.584600;-0.012675;-0.019637;7.951298;4.032156;0.901400;0.901400
6.668793;17.833800;-0.585500;-0.014103;-0.020112;7.987173;4.020690;0.873200;0.873200
6.739700;17.904700;-0.586500;-0.015514;-0.019887;8.022837;4.009240;0.863100;0.863100
6.810609;17.975600;-0.587600;-0.016900;-0.019550;8.058194;3.997838;0.851500;0.851500
6.881619;18.046600;-0.588800;-0.016924;-0.000336;8.093296;3.986468;0.850000;0.850000
6.952529;18.117500;-0.590000;-0.018334;-0.019884;8.128198;3.975115;0.850000;0.850000
7.023441;18.188400;-0.591300;-0.018308;0.000364;8.162803;3.963810;0.851500;0.851500
7.094453;18.259400;-0.592600;-0.018334;-0.000364;8.197165;3.952536;0.855900;0.855900
7.165365;18.330300;-0.593900;-0.019744;-0.019883;8.231335;3.941279;0.873200;0.873200
7.236279;18.401200;-0.595300;-0.019716;0.000392;8.265219;3.930070;0.886000;0.886000
7.307292;18.472200;-0.596700;-0.018334;0.019463;8.298869;3.918892;0.900000;0.900000
7.378204;18.543100;-0.598000;-0.019744;-0.019883;8.332336;3.907731;0.900000;0.900000
7.449118;18.614000;-0.599400;-0.019716;0.000392;8.365526;3.896617;0.900000;0.900000
7.520132;18.685000;-0.600800;-0.019744;-0.000391;8.398493;3.885534;0.900000;0.900000
7.591046;18.755900;-0.602200;-0.019744;-0.000000;8.431283;3.874468;0.900000;0.900000
7.661960;18.826800;-0.603600;-0.019716;0.000392;8.463808;3.863448;0.900000;0.900000
7.732973;18.897800;-0.605000;-0.018334;0.019463;8.496116;3.852460;0.900000;0.900000
7.803885;18.968700;-0.606300;-0.019744;-0.019883;8.528255;3.841488;0.901400;0.901400
7.874799;19.039600;-0.607700;-0.019744;0.000000;8.560138;3.830562;0.912400;0.912400
7.945713;19.110500;-0.609100;-0.019716;0.000392;8.591812;3.819668;0.922000;0.922000
8.016727;19.181500;-0.610500;-0.019744;-0.000391;8.623281;3.808804;0.948700;0.948700
8.087641;19.252400;-0.611900;-0.019744;-0.000000;8.654590;3.797956;0.950000;0.950000
8.158554;19.323300;-0.613300;-0.019716;0.000392;8.685654;3.787154;0.950000;0.950000
8.229568;19.394300;-0.614700;-0.019744;-0.000391;8.716519;3.776383;0.950000;0.950000
8.300482;19.465200;-0.616100;-0.019744;-0.000000;8.747231;3.765627;0.950000;0.950000
8.371396;19.536100;-0.617500;-0.018308;0.020246;8.777706;3.754917;0.950000;0.950000
8.442408;19.607100;-0.618800;-0.019744;-0.020218;8.807989;3.744238;0.950000;0.950000
8.513322;19.678000;-0.620200;-0.019744;-0.000000;8.838125;3.733574;0.950000;0.950000
8.584235;19.748900;-0.621600;-0.019716;0.000392;8.868031;3.722955;0.950000;0.950000
8.655249;19.819900;-0.623000;-0.019744;-0.000391;8.897752;3.712367;0.950000;0.950000
8.726163;19.890800;-0.624400;-0.019744;-0.000000;8.927331;3.701793;0.950000;0.950000
8.797077;19.961700;-0.625800;-0.019744;0.000000;8.956688;3.691265;0.900000;0.900000
8.867991;20.032600;-0.627200;-0.019716;0.000392;8.985866;3.680766;0.900000;0.900000
8.939004;20.103600;-0.628600;-0.018334;0.019463;9.014867;3.670298;0.900000;0.900000
9.009916;20.174500;-0.629900;-0.019744;-0.019883;9.043733;3.659844;0.900000;0.900000
9.080830;20.245400;-0.631300;-0.019716;0.000392;9.072384;3.649435;0.900000;0.900000
9.151844;20.316400;-0.632700;-0.019744;-0.000391;9.100865;3.639056;0.900000;0.900000
9.222758;20.387300;-0.634100;-0.019744;0.000000;9.129217;3.628691;0.900000;0.900000
9.293672;20.458200;-0.635500;-0.019716;0.000392;9.157360;3.618371;0.900000;0.900000
9.364685;20.529200;-0.636900;-0.019744;-0.000391;9.185338;3.608080;0.900000;0.900000
9.435599;20.600100;-0.638300;-0.019744;-0.000000;9.213190;3.597803;0.900000;0.900000
9.506513;20.671000;-0.639700;-0.019744;0.000000;9.240841;3.587571;0.901400;0.901400
9.577427;20.741900;-0.641100;-0.018308;0.020246;9.268331;3.577367;0.912400;0.912400
9.648439;20.812900;-0.642400;-0.019744;-0.020218;9.295662;3.567193;0.922000;0.922000
9.719353;20.883800;-0.643800;-0.019744;0.000000;9.322873;3.557033;0.948700;0.948700
9.790266;20.954700;-0.645200;-0.019716;0.000392;9.349890;3.546916;0.950000;0.950000
9.861280;21.025700;-0.646600;-0.019744;-0.000391;9.376753;3.536828;0.950000;0.950000
9.932194;21.096600;-0.648000;-0.019744;0.000000;9.403500;3.526755;0.950000;0.950000
10.003108;21.167500;-0.649400;-0.019716;0.000392;9.430059;3.516724;0.950000;0.950000
10.074122;21.238500;-0.650800;-0.019744;-0.000391;9.456468;3.506722;0.950000;0.950000
10.145035;21.309400;-0.652200;-0.019744;-0.000000;9.482765;3.496735;0.950000;0.950000
10.215949;21.380300;-0.653600;-0.018308;0.020246;9.508878;3.486789;0.950000;0.950000
10.286961;21.451300;-0.654900;-0.019744;-0.020218;9.534846;3.476873;0.950000;0.950000
10.357875;21.522200;-0.656300;-0.019744;-0.000000;9.560705;3.466970;0.950000;0.950000
10.428789;21.593100;-0.657700;-0.019744;-0.000000;9.586386;3.457110;0.950000;0.950000
10.499703;21.664000;-0.659100;-0.019716;0.000392;9.611925;3.447277;0.950000;0.950000
10.570716;21.735000;-0.660500;-0.019744;-0.000391;9.637325;3.437473;0.951300;0.951300
10.641630;21.805900;-0.661900;-0.019744;0.000000;9.662621;3.427682;0.955200;0.955200
10.712544;21.876800;-0.663300;-0.019716;0.000392;9.687744;-10.776520;0.970800;0.970800
10.783558;21.947800;-0.664700;-0.019744;-0.000391;9.608537;-11.998600;0.982300;0.982300
10.854472;22.018700;-0.666100;-0.018334;0.019882;9.519446;-12.015195;0.996200;0.996200
10.925384;22.089600;-0.667400;-0.019716;-0.019491;9.429515;-12.067483;1.000000;1.000000
10.996397;22.160600;-0.668800;-0.019744;-0.000391;9.338324;-13.690455;1.000000;1.000000
11.067311;22.231500;-0.670200;-0.019744;0.000000;9.233628;-13.670875;1.000000;1.000000
11.138225;22.302400;-0.671600;-0.019744;-0.000000;9.128032;-13.600286;1.000000;1.000000
11.209139;22.373300;-0.673000;-0.019716;0.000392;9.021756;-13.581578;1.000000;1.000000
11.280153;22.444300;-0.674400;-0.019744;-0.000391;8.914361;-13.535930;0.982300;0.982300
11.351067;22.515200;-0.675800;-0.019744;-0.000000;8.805871;-13.487005;0.950000;0.950000
11.421980;22.586100;-0.677200;-0.019716;0.000392;8.696581;-12.060645;0.950000;0.950000
11.492994;22.657100;-0.678600;-0.018334;0.019463;8.597674;-11.995093;0.950000;0.950000
11.563906;22.728000;-0.679900;-0.019744;-0.019883;8.498021;-12.012683;0.950000;0.950000
11.634820;22.798900;-0.681300;-0.019716;0.000392;8.397183;-13.367962;0.950000;0.950000
11.705834;22.869900;-0.682700;-0.019744;-0.000391;8.283521;-13.319290;0.950000;0.950000
11.776748;22.940800;-0.684100;-0.019744;0.000000;8.168538;-13.300241;0.950000;0.950000
11.847661;23.011700;-0.685500;-0.019744;-0.000000;8.052247;-13.237908;0.950000;0.950000
11.918575;23.082600;-0.686900;-0.019716;0.000392;7.934808;-13.219690;0.950000;0.950000
11.989589;23.153600;-0.688300;-0.019744;-0.000391;7.815770;-13.168918;0.950000;0.950000
12.060503;23.224500;-0.689700;-0.019744;-0.000000;7.695188;-11.988910;0.950000;0.950000
12.131417;23.295400;-0.691100;-0.018308;0.020246;7.583901;-12.005492;0.950000;0.950000
12.202428;23.366400;-0.692400;-0.019744;-0.020218;7.470799;-11.974212;0.950000;0.950000
12.273342;23.437300;-0.693800;-0.019744;-0.000000;7.356101;-13.027596;0.950000;0.950000
12.344256;23.508200;-0.695200;-0.019716;0.000392;7.229422;-13.009663;0.950000;0.950000
12.415270;23.579200;-0.696600;-0.019744;-0.000391;7.100663;-12.955918;0.950000;0.950000
12.486184;23.650100;-0.698000;-0.019744;-0.000000;6.969886;-12.919114;0.950000;0.950000
12.557098;23.721000;-0.699400;-0.019716;0.000392;6.837180;-12.901327;0.950000;0.950000
12.628111;23.792000;-0.700800;-0.019744;-0.000391;6.702034;-11.990494;0.950000;0.950000
12.699025;23.862900;-0.702200;-0.018334;0.019882;6.573757;-12.006764;0.950000;0.950000
12.769937;23.933800;-0.703500;-0.019744;-0.019883;6.442934;-11.992646;0.950000;0.950000
12.840851;24.004700;-0.704900;-0.018308;0.020246;6.309560;-12.008910;0.950000;0.950000
12.911863;24.075700;-0.706200;-0.019744;-0.020218;6.173115;-11.264783;0.950000;0.950000
12.982777;24.146600;-0.707600;-0.016924;0.039766;6.042143;-11.275833;0.950000;0.950000
13.053687;24.217500;-0.708800;-0.016900;0.000336;5.908321;-11.372537;0.950000;0.950000
13.124697;24.288500;-0.710000;-0.014103;0.039380;5.770217;-11.340005;0.950000;0.950000
13.195604;24.359400;-0.711000;-0.011267;0.040000;5.628934;-10.224946;0.950000;0.950000
13.266609;24.430400;-0.711800;-0.005642;0.079227;5.498623;-10.195405;0.950000;0.950000
13.337510;24.501300;-0.712200;0.000000;0.079571;5.365353;-8.721397;0.950000;0.950000
13.408410;24.572200;-0.712200;0.009859;0.139053;5.248838;-8.346731;0.950000;0.950000
13.479413;24.643200;-0.711500;0.021153;0.159071;5.134855;-7.469244;0.950000;0.950000
13.550329;24.714100;-0.710000;0.035246;0.198727;5.030512;-6.164567;0.951300;0.951300
13.621273;24.785000;-0.707500;0.053621;0.259000;4.942845;-5.916575;0.961800;0.961800
13.692175;24.855800;-0.703700;0.073315;0.277762;4.857183;-4.678664;0.970800;0.970800
13.763166;24.926600;-0.698500;0.097424;0.339616;4.788400;-4.659819;0.996200;0.996200
13.834102;24.997200;-0.691600;0.121557;0.340199;4.718810;-4.210147;1.005000;1.005000
13.905025;25.067600;-0.683000;0.148472;0.379496;4.655090;-4.183263;1.011200;1.011200
13.976006;25.137800;-0.672500;0.174182;0.362217;4.590913;-4.780040;1.079400;1.079400
14.046980;25.207700;-0.660200;0.200161;0.366030;4.516403;-4.907315;1.092000;1.092000
14.117896;25.277200;-0.646100;0.224790;0.347295;4.438616;-5.533613;1.123600;1.123600
14.188779;25.346300;-0.630300;0.249078;0.342657;4.349307;-5.901243;1.140200;1.140200
14.259770;25.415100;-0.612800;0.274040;0.351621;4.252043;-5.934797;1.192700;1.192700
14.330718;25.483400;-0.593600;0.294562;0.289247;4.151776;-6.485953;1.234900;1.234900
14.401674;25.551300;-0.573000;0.319966;0.358037;4.039420;-6.425490;1.242000;1.242000
14.472572;25.618600;-0.550700;0.341792;0.307849;3.924928;-7.047758;1.274800;1.274800
14.543579;25.685500;-0.526900;0.367680;0.364574;3.795486;-7.014648;1.343500;1.343500
14.614521;25.751700;-0.501400;0.395442;0.391344;3.661902;-7.001034;1.345400;1.345400
14.685390;25.817100;-0.474100;0.423946;0.402199;3.523663;-6.856895;1.350900;1.350900
14.756374;25.881800;-0.444900;0.457339;0.470425;3.382945;-6.613697;1.430000;1.430000
14.827259;25.945400;-0.413600;0.494514;0.524444;3.241201;-6.401145;1.442200;1.442200
14.898266;26.007900;-0.379900;0.535584;0.578401;3.098047;-5.486190;1.484100;1.484100
14.969198;26.068900;-0.343700;0.584480;0.689332;2.969644;-4.963406;1.500800;1.500800
15.040062;26.128000;-0.304600;0.639560;0.777264;2.848622;-4.613393;1.520700;1.520700
15.111102;26.185000;-0.262200;0.700518;0.858071;2.731448;-3.740297;1.500800;1.500800
15.181997;26.239200;-0.216500;0.770444;0.986338;2.632372;-3.253010;1.470500;1.470500
15.252928;26.290100;-0.167100;0.847319;1.083800;2.543253;-2.679171;1.439600;1.439600
15.323775;26.337000;-0.114000;0.931527;1.188593;2.467400;-2.290350;1.411600;1.411600
15.394675;26.379300;-0.057100;1.021913;1.274829;2.400737;-1.956004;1.386500;1.386500
15.465592;26.416300;0.003400;1.117881;1.353239;2.342258;-1.544588;1.408000;1.408000
15.536435;26.447300;0.067100;1.219616;1.436078;2.295016;-1.546957;1.375700;1.375700
15.607364;26.471700;0.133700;1.324106;1.473159;2.246757;-1.433446;1.411600;1.411600
15.678209;26.489000;0.202400;1.432092;1.524258;2.201039;-0.669629;1.373000;1.373000
15.749090;26.498800;0.272600;1.548233;1.638549;2.179379;-0.095028;1.382900;1.382900
15.820008;26.500400;0.343500;1.669763;1.713662;2.176286;-0.094978;1.400000;1.400000
15.890854;26.493400;0.414000;1.783958;1.611868;2.173189;0.734865;1.400000;1.400000
15.961759;26.478400;0.483300;1.899683;1.632119;2.197015;0.402393;1.341600;1.341600
16.032659;26.455500;0.550400;2.012969;1.597823;2.209963;0.585355;1.320000;1.320000
16.103469;26.425200;0.614400;2.121620;1.534389;2.228664;0.969127;1.274800;1.274800
16.174354;26.388100;0.674800;2.226148;1.474636;2.259245;1.251988;1.253000;1.253000
16.245239;26.344900;0.731000;2.326263;1.412364;2.298191;1.514859;1.185300;1.185300
16.316122;26.296300;0.782600;2.417058;1.280898;2.344450;2.350521;1.163000;1.163000
16.387035;26.243200;0.829600;2.506267;1.258012;2.414471;2.123662;1.141300;1.141300
16.457977;26.186100;0.871700;2.582545;1.075204;2.476057;3.444481;1.166200;1.166200
16.528870;26.126000;0.909300;2.651470;0.972241;2.572854;3.920258;1.151100;1.151100
16.599823;26.063400;0.942700;2.717066;0.924514;2.678696;3.863894;1.142400;1.142400
16.670716;25.998800;0.971900;2.772598;0.783317;2.779159;4.888376;1.163000;1.163000
16.741693;25.932600;0.997500;2.824746;0.734714;2.901177;4.896167;1.140200;1.140200
16.812624;25.865200;1.019600;2.870268;0.641782;3.018586;5.117276;1.170500;1.170500
16.883518;25.796900;1.038600;2.908241;0.535636;3.136528;5.102718;1.142400;1.142400
16.954440;25.727900;1.055000;2.943092;0.491394;3.249816;5.088209;1.163000;1.163000
17.025434;25.658300;1.069000;2.971576;0.401217;3.359024;5.073736;1.110200;1.110200
17.096357;25.588400;1.081000;2.994514;0.323425;3.464599;5.059289;1.101100;1.101100
17.167323;25.518200;1.091400;3.014263;0.278276;3.566663;5.044898;1.025900;1.025900
17.238196;25.447900;1.100400;3.028601;0.202307;3.665668;5.030539;0.989900;0.989900
17.309149;25.377400;1.108400;3.041363;0.179871;3.761673;5.016240;0.955200;0.955200
17.380105;25.306800;1.115500;3.049783;0.118671;3.855128;5.001965;0.890200;0.890200
17.451004;25.236200;1.122000;3.056930;0.100797;3.946119;4.987730;0.860200;0.860200
17.521958;25.165500;1.128000;3.064065;0.100556;4.034737;4.973547;0.850000;0.850000
17.592971;25.094700;1.133500;3.066768;0.038066;4.121273;4.959394;0.827600;0.827600
17.663869;25.024000;1.138800;3.071088;0.060936;4.205860;4.945269;0.790600;0.790600
17.734846;24.953200;1.143800;3.072494;0.019803;4.288412;4.931207;0.776200;0.776200
17.805815;24.882400;1.148700;3.076621;0.058149;4.369265;4.917170;0.764900;0.764900
17.876665;24.811700;1.153300;3.078119;0.021145;4.448417;4.903174;0.751700;0.751700
17.947608;24.740900;1.157800;3.082423;0.060679;4.525835;4.889241;0.750000;0.750000
18.018632;24.670000;1.162000;3.085155;0.038466;4.601837;4.875330;0.750000;0.750000
18.089545;24.599200;1.166000;3.087972;0.039715;4.676477;4.861442;0.751700;0.751700
18.160447;24.528400;1.169800;3.093674;0.080431;4.749622;4.847615;0.743300;0.743300
18.231428;24.457500;1.173200;3.095082;0.019826;4.821444;4.833830;0.715900;0.715900
18.302405;24.386600;1.176500;3.100713;0.079335;4.892090;4.820069;0.650000;0.650000
18.373364;24.315700;1.179400;3.103476;0.038935;4.961529;4.806348;0.618500;0.618500
18.444216;24.244900;1.182100;3.107755;0.060402;5.029799;4.792669;0.608300;0.608300
18.515156;24.174000;1.184500;3.109210;0.020504;5.096864;4.779050;0.600000;0.600000
18.586193;24.103000;1.186800;3.111982;0.039029;5.162952;4.765453;0.600000;0.600000
18.657125;24.032100;1.188900;3.114801;0.039738;5.228109;4.751876;0.600000;0.600000
18.728050;23.961200;1.190800;3.114801;0.000000;5.292186;4.738358;0.570100;0.570100
18.798975;23.890300;1.192700;3.117620;0.039747;5.355313;4.724879;0.559000;0.559000
18.869896;23.819400;1.194400;3.116246;-0.019372;5.417528;4.711438;0.550000;0.550000
18.940919;23.748400;1.196200;3.119029;0.039192;5.478857;4.698037;0.550000;0.550000
19.011837;23.677500;1.197800;3.117620;-0.019877;5.539424;4.684655;0.552300;0.552300
19.082757;23.606600;1.199500;3.119029;0.019877;5.599077;4.671330;0.570100;0.570100
19.153675;23.535700;1.201100;3.119029;-0.000000;5.657937;4.658043;0.585200;0.585200
19.224593;23.464800;1.202700;3.119061;0.000448;5.716024;4.644794;0.626500;0.626500
19.295611;23.393800;1.204300;3.117620;-0.020297;5.773364;4.631583;0.650000;0.650000
19.366532;23.322900;1.206000;3.119029;0.019877;5.830059;4.618391;0.650000;0.650000
19.437450;23.252000;1.207600;3.119061;0.000448;5.885971;4.605254;0.650000;0.650000
19.508468;23.181000;1.209200;3.119029;-0.000447;5.941199;4.592155;0.650000;0.650000
19.579386;23.110100;1.210800;3.119029;0.000000;5.995840;4.579075;0.650000;0.650000
19.650304;23.039200;1.212400;3.119029;-0.000000;6.049759;4.566051;0.650000;0.650000
19.721222;22.968300;1.214000;3.119061;0.000448;6.103049;4.553064;0.657600;0.657600
19.792240;22.897300;1.215600;3.119029;-0.000447;6.155729;4.540114;0.667100;0.667100
19.863158;22.826400;1.217200;3.119029;-0.000000;6.207887;4.527182;0.680100;0.680100
19.934076;22.755500;1.218800;3.117620;-0.019877;6.259391;4.514305;0.700000;0.700000
20.004996;22.684600;1.220500;3.119061;0.020325;6.310330;4.501465;0.700000;0.700000
20.076014;22.613600;1.222100;3.119029;-0.000447;6.360720;4.488661;0.700000;0.700000
20.146932;22.542700;1.223700;3.119029;-0.000000;6.410641;4.475876;0.700000;0.700000
20.217850;22.471800;1.225300;3.119029;0.000000;6.459965;4.463145;0.650000;0.650000
20.288768;22.400900;1.226900;3.119061;0.000448;6.508778;4.450451;0.650000;0.650000
20.359787;22.329900;1.228500;3.119029;-0.000447;6.557089;4.437792;0.650000;0.650000
20.430705;22.259000;1.230100;3.119029;0.000000;6.604979;4.425152;0.650000;0.650000
20.501623;22.188100;1.231700;3.119029;-0.000000;6.652323;4.412566;0.650000;0.650000
20.572541;22.117200;1.233300;3.119061;0.000448;6.699198;4.400015;0.657600;0.657600
20.643559;22.046200;1.234900;3.117620;-0.020297;6.745616;4.387500;0.667100;0.667100
20.714479;21.975300;1.236600;3.119029;0.019877;6.791651;4.375003;0.680100;0.680100
20.785397;21.904400;1.238200;3.119029;-0.000000;6.837183;4.362559;0.700000;0.700000
20.856315;21.833500;1.239800;3.119061;0.000448;6.882285;4.350150;0.700000;0.700000
20.927333;21.762500;1.241400;3.119029;-0.000447;6.926965;4.337777;0.700000;0.700000
20.998251;21.691600;1.243000;3.119029;0.000000;6.971296;4.325422;0.700000;0.700000
21.069169;21.620700;1.244600;3.119029;-0.000000;7.015160;4.313119;0.700000;0.700000
21.140087;21.549800;1.246200;3.119061;0.000448;7.058628;4.300851;0.700000;0.700000
21.211105;21.478800;1.247800;3.119029;-0.000447;7.101707;4.288618;0.701800;0.701800
21.282023;21.407900;1.249400;3.119029;0.000000;7.144465;4.276403;0.715900;0.715900
21.352941;21.337000;1.251000;3.117620;-0.019877;7.186789;4.264239;0.728000;0.728000
21.423862;21.266100;1.252700;3.119061;0.020325;7.228745;4.252111;0.750000;0.750000
21.494880;21.195100;1.254300;3.119029;-0.000447;7.270342;4.240016;0.750000;0.750000
21.565798;21.124200;1.255900;3.119029;-0.000000;7.311642;4.227939;0.750000;0.750000
21.636716;21.053300;1.257500;3.119029;0.000000;7.352536;4.215913;0.750000;0.750000
21.707634;20.982400;1.259100;3.119061;0.000448;7.393088;4.203922;0.751700;0.751700
21.778652;20.911400;1.260700;3.119029;-0.000447;7.433305;4.191965;0.764900;0.764900
21.849570;20.840500;1.262300;3.119029;-0.000000;7.473248;4.180025;0.776200;0.776200
21.920488;20.769600;1.263900;3.119061;0.000448;7.512810;4.168135;0.800000;0.800000
21.991506;20.698600;1.265500;3.119029;-0.000447;7.552053;4.156280;0.800000;0.800000
22.062424;20.627700;1.267100;3.117620;-0.019877;7.591037;4.144442;0.800000;0.800000
22.133345;20.556800;1.268800;3.119029;0.019877;7.629658;4.132654;0.800000;0.800000
22.204263;20.485900;1.270400;3.119061;0.000448;7.667976;4.120899;0.800000;0.800000
22.275281;20.414900;1.272000;3.119029;-0.000447;7.705994;4.109178;0.800000;0.800000
22.346199;20.344000;1.273600;3.119029;0.000000;7.743772;4.097473;0.800000;0.800000
22.417117;20.273100;1.275200;3.119029;-0.000000;7.781206;4.085819;0.750000;0.750000
22.488035;20.202200;1.276800;3.119061;0.000448;7.818356;4.074197;0.750000;0.750000
22.559053;20.131200;1.278400;3.119029;-0.000447;7.855225;4.062609;0.750000;0.750000
22.629971;20.060300;1.280000;3.119029;0.000000;7.891869;4.051038;0.750000;0.750000
22.700889;19.989400;1.281600;3.117620;-0.019877;7.928189;4.039515;0.750000;0.750000
22.771809;19.918500;1.283300;3.119061;0.020325;7.964240;4.028026;0.728000;0.728000
22.842827;19.847500;1.284900;3.119029;-0.000447;8.000029;4.016568;0.715900;0.715900
22.913745;19.776600;1.286500;3.119029;-0.000000;8.035606;4.005128;0.707100;0.707100
22.984664;19.705700;1.288100;3.119029;0.000000;8.070875;3.993736;0.700000;0.700000
23.055582;19.634800;1.289700;3.119061;0.000448;8.105892;3.982377;0.700000;0.700000
23.126600;19.563800;1.291300;3.119029;-0.000447;8.140659;3.971050;0.707100;0.707100
23.197518;19.492900;1.292900;3.119029;-0.000000;8.175229;3.959739;0.715900;0.715900
23.268436;19.422000;1.294500;3.119029;0.000000;8.209507;3.948476;0.743300;0.743300
23.339354;19.351100;1.296100;3.119061;0.000448;8.243545;3.937245;0.750000;0.750000
23.410372;19.280100;1.297700;3.117620;-0.020297;8.277347;3.926047;0.750000;0.750000
23.481292;19.209200;1.299400;3.119029;0.019877;8.310964;3.914864;0.751700;0.751700
23.552210;19.138300;1.301000;3.119029;-0.000000;8.344304;3.903729;0.756600;0.756600
23.623128;19.067400;1.302600;3.119061;0.000448;8.377416;3.892625;0.776200;0.776200
23.694146;18.996400;1.304200;3.119029;-0.000447;8.410304;3.881553;0.790600;0.790600
23.765064;18.925500;1.305800;3.119029;0.000000;8.443017;3.870497;0.800000;0.800000
23.835982;18.854600;1.307400;3.119029;-0.000000;8.475465;3.859489;0.800000;0.800000
23.906900;18.783700;1.309000;3.119061;0.000448;8.507698;3.848511;0.800000;0.800000
23.977918;18.712700;1.310600;3.119029;-0.000447;8.539718;3.837565;0.800000;0.800000
24.048836;18.641800;1.312200;3.119029;-0.000000;8.571572;3.826634;0.800000;0.800000
24.119755;18.570900;1.313800;3.117620;-0.019877;8.603174;3.815750;0.800000;0.800000
24.190675;18.500000;1.315500;3.119061;0.020325;8.634571;3.804897;0.800000;0.800000
24.261693;18.429000;1.317100;3.119029;-0.000447;8.665766;3.794074;0.800000;0.800000
24.332611;18.358100;1.318700;3.119029;0.000000;8.696804;3.783267;0.800000;0.800000
24.403529;18.287200;1.320300;3.119029;-0.000000;8.727600;3.772507;0.800000;0.800000
24.474447;18.216300;1.321900;3.119061;0.000448;8.758201;3.761776;0.800000;0.800000
24.545465;18.145300;1.323500;3.119029;-0.000447;8.788608;3.751077;0.800000;0.800000
24.616383;18.074400;1.325100;3.119029;0.000000;8.818868;3.740393;0.750000;0.750000
24.687301;18.003500;1.326700;3.119061;0.000448;8.848895;3.729754;0.750000;0.750000
24.758319;17.932500;1.328300;3.117620;-0.020297;8.878737;3.719145;0.750000;0.750000
24.829240;17.861600;1.330000;3.119029;0.019877;8.908435;3.708552;0.750000;0.750000
24.900158;17.790700;1.331600;3.119029;-0.000000;8.937910;3.698003;0.750000;0.750000
24.971076;17.719800;1.333200;3.119061;0.000448;8.967204;3.687485;0.750000;0.750000
25.042094;17.648800;1.334800;3.119029;-0.000447;8.996320;3.676997;0.751700;0.751700
25.113012;17.577900;1.336400;3.119029;-0.000000;9.025300;3.666523;0.756600;0.756600
25.183930;17.507000;1.338000;3.119029;0.000000;9.054064;3.656095;0.776200;0.776200
25.254848;17.436100;1.339600;3.119061;0.000448;9.082656;3.645696;0.790600;0.790600
25.325866;17.365100;1.341200;3.119029;-0.000447;9.111078;3.635326;0.800000;0.800000
25.396784;17.294200;1.342800;3.119029;0.000000;9.139370;3.624972;0.800000;0.800000
25.467702;17.223300;1.344400;3.117620;-0.019877;9.167455;3.614661;0.800000;0.800000
25.538622;17.152400;1.346100;3.119061;0.020325;9.195375;3.604380;0.800000;0.800000
25.609640;17.081400;1.347700;3.119029;-0.000447;9.223133;3.594128;0.800000;0.800000
25.680559;17.010500;1.349300;3.119029;0.000000;9.250766;3.583890;0.800000;0.800000
25.751477;16.939600;1.350900;3.119029;-0.000000;9.278200;3.573697;0.801600;0.801600
25.822395;16.868700;1.352500;3.119061;0.000448;9.305475;3.563532;0.800000;0.800000
25.893413;16.797700;1.354100;3.119029;-0.000447;9.332594;3.553396;0.800000;0.800000
25.964331;16.726800;1.355700;3.119029;-0.000000;9.359595;3.543275;0.800000;0.800000
26.035249;16.655900;1.357300;3.119029;-0.000000;9.386404;3.533197;0.806200;0.806200
26.106167;16.585000;1.358900;3.119061;0.000448;9.413061;3.523147;0.813900;0.813900
26.177185;16.514000;1.360500;3.117620;-0.020297;9.439567;3.513126;0.838200;0.838200
26.248105;16.443100;1.362200;3.119029;0.019877;9.465961;3.503120;0.854400;0.854400
26.319023;16.372200;1.363800;3.119029;-0.000000;9.492171;3.493156;0.873200;0.873200
26.389941;16.301300;1.365400;3.119061;0.000448;9.518233;3.483220;0.886000;0.886000
26.460959;16.230300;1.367000;3.119029;-0.000447;9.544150;-3.769799;0.900000;0.900000
26.531877;16.159400;1.368600;3.119029;0.000000;9.516058;-13.776764;0.900000;0.900000
26.602795;16.088500;1.370200;3.119029;0.000000;9.412827;-13.698981;0.900000;0.900000
26.673713;16.017600;1.371800;3.119061;0.000448;9.309044;-13.680251;0.900000;0.900000
26.744731;15.946600;1.373400;3.119029;-0.000447;9.204236;-13.640806;0.886000;0.886000
26.815650;15.875700;1.375000;3.119029;0.000000;9.098377;-12.014268;0.824600;0.824600
26.886568;15.804800;1.376600;3.117620;-0.019877;9.004244;-11.978857;0.806200;0.806200
26.957488;15.733900;1.378300;3.119061;0.020325;8.909398;-11.994897;0.801600;0.801600
27.028506;15.662900;1.379900;3.119029;-0.000447;8.813400;-13.500190;0.800000;0.800000
27.099424;15.592000;1.381500;3.119029;0.000000;8.703936;-13.447889;0.800000;0.800000
27.170342;15.521100;1.383100;3.119061;0.000448;8.593666;-13.429495;0.806200;0.806200
27.241360;15.450100;1.384700;3.119029;-0.000447;8.482117;-13.385777;0.813900;0.813900
27.312278;15.379200;1.386300;3.119029;0.000000;8.369292;-13.366628;0.824600;0.824600
27.383196;15.308300;1.387900;3.119029;-0.000000;8.255252;-13.299118;0.850000;0.850000
27.454114;15.237400;1.389500;3.119061;0.000448;8.140202;-12.001182;0.850000;0.850000
27.525132;15.166400;1.391100;3.117620;-0.020297;8.034966;-11.967809;0.850000;0.850000
27.596053;15.095500;1.392800;3.119029;0.019877;7.928482;-12.010739;0.850000;0.850000
27.666971;15.024600;1.394400;3.119029;0.000000;7.820308;-13.162417;0.850000;0.850000
27.737889;14.953700;1.396000;3.119061;0.000448;7.700020;-13.144406;0.850000;0.850000
27.808907;14.882700;1.397600;3.119029;-0.000447;7.577992;-11.992899;0.850000;0.850000
27.879825;14.811800;1.399200;3.117620;-0.019877;7.464753;-12.009935;0.850000;0.850000
27.950745;14.740900;1.400900;3.119029;0.019877;7.349768;-12.009148;0.850000;0.850000
28.021663;14.670000;1.402500;3.117654;-0.019402;7.232959;-12.003661;0.850000;0.850000
28.092684;14.599000;1.404200;3.116210;-0.020323;7.114292;-11.969876;0.850000;0.850000
28.163606;14.528100;1.406000;3.116210;0.000000;6.993779;-10.121701;0.850000;0.850000
28.234529;14.457200;1.407800;3.111982;-0.059616;6.890372;-10.112227;0.851500;0.851500
28.305460;14.386300;1.409900;3.110573;-0.019866;6.785488;-9.344630;0.855900;0.855900
28.376395;14.315400;1.412100;3.104938;-0.079444;6.687092;-8.556800;0.873200;0.873200
28.447342;14.244500;1.414700;3.097897;-0.099239;6.595700;-7.763985;0.886000;0.886000
28.518310;14.173600;1.417800;3.089380;-0.120008;6.511650;-6.231539;0.863100;0.863100
28.589207;14.102800;1.421500;3.078119;-0.158845;6.443377;-4.730421;0.855900;0.855900
28.660149;14.032000;1.426000;3.064065;-0.198103;6.391116;-3.089061;0.801600;0.801600
28.731163;13.961200;1.431500;3.046975;-0.240653;6.356734;-3.077025;0.800000;0.800000
28.802080;13.890600;1.438200;3.030001;-0.239346;6.322266;-0.814415;0.800000;0.800000
28.873021;13.820100;1.446100;3.008668;-0.300714;6.313124;-0.812720;0.800000;0.800000
28.943947;13.749800;1.455500;2.987336;-0.300775;6.303985;-0.810202;0.800000;0.800000
29.014889;13.679700;1.466400;2.967410;-0.280870;6.294863;-0.792722;0.800000;0.800000
29.085863;13.609800;1.478700;2.945855;-0.303699;6.285923;-0.792370;0.756600;0.756600
29.156818;13.540200;1.492500;2.928431;-0.245574;6.276970;1.534173;0.764900;0.764900
29.227723;13.470900;1.507500;2.911309;-0.241479;6.294288;1.638599;0.790600;0.790600
29.298696;13.401800;1.523700;2.899352;-0.168470;6.312720;4.487253;0.807800;0.807800
29.369566;13.333000;1.540700;2.889435;-0.139937;6.362970;4.488087;0.782600;0.782600
29.440509;13.264300;1.558400;2.883623;-0.081915;6.412762;4.475330;0.832200;0.832200
29.511457;13.195700;1.576500;2.879174;-0.062713;6.462083;4.462597;0.820100;0.820100
29.582385;13.127200;1.594900;2.877813;-0.019190;6.510894;4.449898;0.851500;0.851500
29.653339;13.058700;1.613400;2.879174;0.019183;6.559191;4.437240;0.919200;0.919200
29.724267;12.990200;1.631800;2.880900;0.024329;6.607016;4.424612;0.919200;0.919200
29.795266;12.921600;1.650100;2.883623;0.038363;6.654346;3.263611;0.992500;0.992500
29.866214;12.853000;1.668200;2.888070;0.062678;6.689077;-9.532296;1.030800;1.030800
29.937183;12.784300;1.686000;2.893534;0.076989;6.587197;-9.505735;1.040400;1.040400
30.008052;12.715600;1.703400;2.896956;0.048280;6.483976;-10.491644;1.123600;1.123600
30.079066;12.646700;1.720600;2.901058;0.057775;6.368271;-9.565323;1.150000;1.150000
30.150009;12.577800;1.737500;2.906870;0.081921;6.260697;-9.553729;1.100000;1.100000
30.220954;12.508800;1.754000;2.908241;0.019329;6.151487;-11.155292;1.104500;1.104500
30.291876;12.439800;1.770400;2.911309;0.043250;6.021458;-11.164160;1.110200;1.110200
30.362850;12.370700;1.786600;2.912681;0.019334;5.888496;-12.019244;1.079400;1.079400
30.433801;12.301600;1.802700;2.914054;0.019353;5.741802;-12.017878;1.092000;1.092000
30.504729;12.232500;1.818700;2.912681;-0.019359;5.591327;-12.024544;1.100000;1.100000
30.575680;12.163400;1.834800;2.914054;0.019353;5.436651;-12.015510;1.050000;1.050000
30.646608;12.094300;1.850800;2.912681;-0.019359;5.277514;-12.023227;1.050000;1.050000
30.717559;12.025200;1.866900;2.912681;0.000000;5.113373;-11.542558;1.050000;1.050000
30.788509;11.956100;1.883000;2.915428;0.038718;4.950624;-11.017115;1.000000;1.000000
30.859415;11.887000;1.898900;2.919866;0.062584;4.790128;-10.258044;1.000000;1.000000
30.930352;11.817800;1.914500;2.927053;0.101318;4.635798;-9.892868;1.000000;1.000000
31.001278;11.748500;1.929600;2.935910;0.124880;4.481862;-8.262986;0.950000;0.950000
31.072274;11.679000;1.944100;2.951391;0.218056;4.349134;-8.238423;0.950000;0.950000
31.143152;11.609400;1.957500;2.967410;0.226007;4.212501;-7.326680;0.950000;0.950000
31.214126;11.539500;1.969800;2.988729;0.300375;4.087366;-6.594789;0.950000;0.950000
31.285054;11.469400;1.980600;3.014441;0.362520;3.971202;-6.057413;0.900000;0.900000
31.356026;11.399000;1.989600;3.044168;0.418848;3.861499;-5.518860;0.900000;0.900000
31.426963;11.328400;1.996500;3.078119;0.478603;3.758696;-4.584710;0.900000;0.900000
31.497906;11.257600;2.001000;3.117620;0.556802;3.671151;-3.920594;0.886000;0.886000
31.568826;11.186700;2.002700;3.161336;0.616415;3.594590;-3.261858;0.873200;0.873200
31.639740;11.115800;2.001300;3.209286;0.676165;3.529648;-2.196060;0.855900;0.855900
31.710702;11.045000;1.996500;3.263149;0.759046;3.485247;-2.020164;0.851500;0.851500
31.781626;10.974600;1.987900;3.318797;0.784620;3.443870;-1.749362;0.850000;0.850000
31.852536;10.904800;1.975400;3.376644;0.815764;3.407653;-1.572553;0.850000;0.850000
31.923384;10.835900;1.958900;3.436154;0.839975;3.374771;-1.556515;0.886000;0.886000
31.994340;10.768000;1.938300;3.495906;0.842101;3.341934;-1.291197;0.850000;0.850000
32.065245;10.701500;1.913700;3.558528;0.883179;3.314406;-1.249370;0.873200;0.873200
32.136116;10.636700;1.885000;3.620362;0.872490;3.287570;-1.570096;0.854400;0.854400
32.207097;10.573700;1.852300;3.682254;0.871953;3.253547;-1.274357;0.873200;0.873200
32.278012;10.512900;1.815800;3.747583;0.921236;3.225625;-1.255148;0.894400;0.894400
32.348941;10.454600;1.775400;3.813029;0.922682;3.197912;-0.616091;0.873200;0.873200
32.419829;10.399100;1.731300;3.883107;0.988577;3.184217;-0.566117;0.901400;0.901400
32.490749;10.346800;1.683400;3.953904;0.998256;3.171589;-0.557942;0.934100;0.934100
32.561698;10.298000;1.631900;4.024873;1.000301;3.159089;-0.199451;0.961800;0.961800
32.632607;10.253000;1.577100;4.098200;1.034099;3.154606;-0.199563;0.984900;0.984900
32.703577;10.212100;1.519100;4.171728;1.036031;3.150117;-0.195075;1.059500;1.059500
32.774492;10.175600;1.458300;4.239278;0.952557;3.145719;0.927298;1.106800;1.106800
32.845378;10.143300;1.395200;4.304905;0.925799;3.166554;1.153318;1.140200;1.140200
32.916284;10.115200;1.330100;4.365666;0.856931;3.192268;1.920842;1.163000;1.163000
32.987204;10.091100;1.263400;4.422282;0.798303;3.234652;2.482984;1.253000;1.253000
33.058170;10.070800;1.195400;4.476296;0.761132;3.288641;2.715732;1.274800;1.274800
33.129139;10.054200;1.126400;4.525223;0.689411;3.346731;3.447455;1.320000;1.320000
33.200077;10.041000;1.056700;4.569495;0.624092;3.419054;4.072896;1.411600;1.411600
33.271000;10.030900;0.986500;4.614965;0.641116;3.502540;3.437346;1.457700;1.457700
33.341937;10.024000;0.915900;4.655952;0.577801;3.571464;4.125187;1.533800;1.533800
33.412850;10.020000;0.845100;4.699696;0.616868;3.652480;3.129097;1.569200;1.569200
33.483755;10.019100;0.774200;4.740590;0.576745;3.712734;1.757583;1.533800;1.533800
33.554683;10.021100;0.703300;4.782893;0.596422;3.746150;-2.757733;1.518200;1.518200
33.625660;10.026100;0.632500;4.829745;0.660101;3.693567;-2.697490;1.552400;1.552400
33.696547;10.034400;0.562100;4.875220;0.641511;3.641363;-2.078528;1.529700;1.529700
33.767486;10.045900;0.492100;4.926929;0.728925;3.600672;-2.069198;1.520700;1.520700
33.838412;10.061000;0.422800;4.979259;0.737819;3.559672;-1.427225;1.507500;1.507500
33.909322;10.079700;0.354400;5.035478;0.792817;3.531121;-1.171029;1.500000;1.500000
33.980189;10.102200;0.287200;5.093419;0.817595;3.507526;-0.246445;1.460300;1.460300
34.051180;10.128600;0.221300;5.155837;0.879245;3.502543;-0.246012;1.392800;1.392800
34.122033;10.159000;0.157300;5.215788;0.846132;3.497553;0.296439;1.346300;1.346300
34.192928;10.193200;0.095200;5.277713;0.873469;3.503553;-0.162989;1.320000;1.320000
34.263864;10.231200;0.035300;5.338699;0.859730;3.500254;0.069958;1.297100;1.297100
34.334835;10.272800;-0.022200;5.396828;0.819054;3.501671;-0.392273;1.253000;1.253000
34.405694;10.317600;-0.077100;5.449920;0.749257;3.493712;-2.293823;1.185300;1.185300
34.476628;10.365300;-0.129600;5.503763;0.759073;3.446875;-2.195665;1.163000;1.163000
34.547622;10.415800;-0.179500;5.550685;0.660917;3.401390;-4.006639;1.141300;1.141300
34.618503;10.468500;-0.226900;5.599638;0.690642;3.316708;-3.881996;1.123600;1.123600
34.689440;10.523500;-0.271700;5.643915;0.624183;3.232682;-5.163636;1.142400;1.142400
34.760340;10.580400;-0.314000;5.691275;0.667970;3.117315;-5.135950;1.141300;1.141300
34.831315;10.639300;-0.353600;5.739381;0.677793;2.998227;-5.451258;1.123600;1.123600
34.902247;10.700000;-0.390300;5.786763;0.667985;2.866281;-6.102635;1.106800;1.106800
34.973213;10.762400;-0.424100;5.835309;0.684082;2.711055;-6.479079;1.123600;1.123600
35.044105;10.826300;-0.454800;5.885141;0.702930;2.535790;-6.837081;1.118000;1.118000
35.115052;10.891700;-0.482300;5.930682;0.641901;2.336844;-0.109224;1.079400;1.079400
35.186015;10.958300;-0.506800;6.042315;1.573102;2.333525;-0.109198;1.092000;1.092000
35.256861;11.027100;-0.523700;6.054274;0.168802;2.330202;5.191113;1.123600;1.123600
35.327811;11.096200;-0.539800;6.055647;0.019353;2.483017;-22.595803;1.096600;1.096600
