# x_m,y_m,width_inner,width_outer
-70.1091,-62.1498,1.0472,1.0472
-70.2226,-62.1583,1.0472,1.0472
-70.3361,-62.1671,1.0471,1.0471
-70.4496,-62.1762,1.0469,1.0469
-70.5630,-62.1857,1.0468,1.0468
-70.6764,-62.1955,1.0467,1.0467
-70.7898,-62.2056,1.0465,1.0466
-70.9031,-62.2161,1.0464,1.0464
-71.0164,-62.2268,1.0463,1.0463
-71.1297,-62.2379,1.0462,1.0462
-71.2429,-62.2493,1.0460,1.0461
-71.3561,-62.2611,1.0459,1.0460
-71.4693,-62.2731,1.0458,1.0459
-71.5825,-62.2854,1.0458,1.0458
-71.6956,-62.2981,1.0457,1.0457
-71.8087,-62.3109,1.0456,1.0457
-71.9217,-62.3240,1.0456,1.0456
-72.0348,-62.3374,1.0455,1.0456
-72.1478,-62.3509,1.0455,1.0455
-72.2608,-62.3647,1.0455,1.0455
-72.3737,-62.3785,1.0454,1.0454
-72.4867,-62.3926,1.0454,1.0454
-72.5996,-62.4067,1.0454,1.0454
-72.7125,-62.4209,1.0453,1.0453
-72.8254,-62.4353,1.0452,1.0452
-72.9383,-62.4497,1.0451,1.0451
-73.0512,-62.4642,1.0450,1.0450
-73.1641,-62.4787,1.0448,1.0449
-73.2770,-62.4933,1.0446,1.0447
-73.3899,-62.5080,1.0442,1.0444
-73.5027,-62.5228,1.0438,1.0440
-73.6156,-62.5377,1.0432,1.0435
-73.7284,-62.5528,1.0424,1.0429
-73.8412,-62.5681,1.0413,1.0422
-73.9539,-62.5837,1.0400,1.0413
-74.0666,-62.5998,1.0382,1.0402
-74.1792,-62.6164,1.0360,1.0390
-74.2916,-62.6339,1.0331,1.0377
-74.4040,-62.6523,1.0297,1.0363
-74.5161,-62.6720,1.0256,1.0349
-74.6279,-62.6932,1.0212,1.0326
-74.7392,-62.7169,1.0169,1.0302
-74.8500,-62.7431,1.0137,1.0282
-74.9598,-62.7729,1.0097,1.0273
-75.0683,-62.8071,1.0113,1.0276
-75.1750,-62.8468,1.0171,1.0273
-75.2790,-62.8929,1.0191,1.0297
-75.3790,-62.9471,1.0247,1.0329
-75.4738,-63.0102,1.0326,1.0375
-75.5615,-63.0826,1.0413,1.0425
-75.6404,-63.1644,1.0495,1.0466
-75.7089,-63.2552,1.0563,1.0480
-75.7657,-63.3538,1.0611,1.0441
-75.8096,-63.4587,1.0527,1.0377
-75.8402,-63.5682,1.0423,1.0287
-75.8572,-63.6807,1.0303,1.0196
-75.8611,-63.7944,1.0177,1.0115
-75.8527,-63.9079,1.0054,1.0056
-75.8330,-64.0199,0.9945,1.0024
-75.8031,-64.1297,0.9861,0.9999
-75.7647,-64.2368,0.9819,1.0011
-75.7193,-64.3412,0.9834,1.0019
-75.6679,-64.4427,0.9798,1.0055
-75.6115,-64.5415,0.9825,1.0095
-75.5513,-64.6381,0.9914,1.0132
-75.4877,-64.7325,0.9990,1.0178
-75.4214,-64.8250,1.0066,1.0231
-75.3530,-64.9160,1.0145,1.0276
-75.2828,-65.0056,1.0217,1.0312
-75.2109,-65.0938,1.0279,1.0349
-75.1378,-65.1810,1.0335,1.0386
-75.0636,-65.2673,1.0383,1.0420
-74.9885,-65.3528,1.0424,1.0452
-74.9126,-65.4377,1.0460,1.0482
-74.8360,-65.5219,1.0491,1.0509
-74.7589,-65.6056,1.0517,1.0533
-74.6812,-65.6888,1.0539,1.0555
-74.6031,-65.7716,1.0558,1.0570
-74.5247,-65.8540,1.0574,1.0583
-74.4459,-65.9362,1.0587,1.0594
-74.3668,-66.0181,1.0598,1.0603
-74.2875,-66.0997,1.0607,1.0611
-74.2080,-66.1812,1.0615,1.0618
-74.1283,-66.2624,1.0620,1.0623
-74.0485,-66.3435,1.0625,1.0627
-73.9685,-66.4245,1.0628,1.0631
-73.8884,-66.5053,1.0630,1.0633
-73.8081,-66.5861,1.0631,1.0634
-73.7278,-66.6667,1.0631,1.0634
-73.6474,-66.7473,1.0630,1.0634
-73.5669,-66.8277,1.0628,1.0633
-73.4864,-66.9081,1.0626,1.0631
-73.4058,-66.9885,1.0623,1.0629
-73.3251,-67.0688,1.0620,1.0626
-73.2444,-67.1491,1.0616,1.0623
-73.1637,-67.2293,1.0612,1.0620
-73.0829,-67.3095,1.0608,1.0616
-73.0021,-67.3897,1.0603,1.0612
-72.9213,-67.4699,1.0599,1.0609
-72.8405,-67.5500,1.0594,1.0605
-72.7597,-67.6302,1.0589,1.0601
-72.6789,-67.7103,1.0585,1.0598
-72.5981,-67.7905,1.0581,1.0595
-72.5174,-67.8707,1.0577,1.0591
-72.4366,-67.9509,1.0573,1.0586
-72.3560,-68.0312,1.0570,1.0581
-72.2753,-68.1115,1.0568,1.0577
-72.1947,-68.1919,1.0566,1.0574
-72.1141,-68.2723,1.0565,1.0571
-72.0336,-68.3527,1.0565,1.0569
-71.9532,-68.4332,1.0565,1.0568
-71.8727,-68.5138,1.0566,1.0568
-71.7924,-68.5944,1.0568,1.0568
-71.7121,-68.6751,1.0570,1.0569
-71.6319,-68.7558,1.0573,1.0570
-71.5517,-68.8366,1.0577,1.0572
-71.4715,-68.9174,1.0581,1.0575
-71.3914,-68.9982,1.0585,1.0578
-71.3113,-69.0791,1.0589,1.0581
-71.2313,-69.1600,1.0594,1.0584
-71.1513,-69.2410,1.0598,1.0587
-71.0713,-69.3220,1.0602,1.0590
-70.9913,-69.4030,1.0606,1.0593
-70.9114,-69.4840,1.0610,1.0596
-70.8315,-69.5650,1.0611,1.0598
-70.7516,-69.6461,1.0611,1.0599
-70.6717,-69.7271,1.0611,1.0600
-70.5918,-69.8082,1.0610,1.0601
-70.5119,-69.8893,1.0608,1.0601
-70.4321,-69.9704,1.0606,1.0600
-70.3523,-70.0516,1.0604,1.0599
-70.2725,-70.1327,1.0601,1.0597
-70.1927,-70.2139,1.0598,1.0595
-70.1129,-70.2951,1.0594,1.0592
-70.0332,-70.3763,1.0590,1.0589
-69.9535,-70.4576,1.0586,1.0586
-69.8738,-70.5388,1.0582,1.0583
-69.7942,-70.6201,1.0577,1.0580
-69.7145,-70.7015,1.0573,1.0577
-69.6349,-70.7828,1.0569,1.0574
-69.5554,-70.8642,1.0566,1.0572
-69.4758,-70.9456,1.0562,1.0570
-69.3963,-71.0270,1.0559,1.0568
-69.3168,-71.1085,1.0557,1.0567
-69.2373,-71.1899,1.0555,1.0566
-69.1578,-71.2714,1.0553,1.0566
-69.0784,-71.3529,1.0552,1.0566
-68.9989,-71.4344,1.0551,1.0567
-68.9195,-71.5160,1.0551,1.0565
-68.8401,-71.5975,1.0551,1.0564
-68.7607,-71.6791,1.0552,1.0563
-68.6813,-71.7606,1.0552,1.0562
-68.6019,-71.8422,1.0553,1.0562
-68.5226,-71.9238,1.0554,1.0562
-68.4432,-72.0053,1.0555,1.0562
-68.3639,-72.0869,1.0556,1.0562
-68.2845,-72.1685,1.0557,1.0561
-68.2051,-72.2501,1.0558,1.0561
-68.1258,-72.3317,1.0559,1.0560
-68.0465,-72.4133,1.0559,1.0560
-67.9671,-72.4949,1.0560,1.0559
-67.8878,-72.5765,1.0560,1.0558
-67.8084,-72.6582,1.0560,1.0556
-67.7291,-72.7398,1.0560,1.0555
-67.6498,-72.8214,1.0560,1.0554
-67.5704,-72.9030,1.0560,1.0553
-67.4911,-72.9846,1.0560,1.0552
-67.4117,-73.0662,1.0560,1.0550
-67.3324,-73.1478,1.0560,1.0550
-67.2530,-73.2294,1.0561,1.0549
-67.1737,-73.3110,1.0562,1.0549
-67.0943,-73.3926,1.0563,1.0549
-67.0150,-73.4742,1.0564,1.0550
-66.9356,-73.5557,1.0564,1.0550
-66.8562,-73.6373,1.0564,1.0551
-66.7769,-73.7189,1.0564,1.0553
-66.6975,-73.8005,1.0565,1.0554
-66.6182,-73.8821,1.0566,1.0556
-66.5388,-73.9637,1.0566,1.0558
-66.4595,-74.0453,1.0567,1.0560
-66.3801,-74.1269,1.0567,1.0561
-66.3008,-74.2085,1.0568,1.0563
-66.2215,-74.2901,1.0568,1.0564
-66.1421,-74.3718,1.0568,1.0565
-66.0628,-74.4534,1.0567,1.0566
-65.9836,-74.5351,1.0567,1.0567
-65.9043,-74.6168,1.0566,1.0567
-65.8251,-74.6985,1.0565,1.0567
-65.7459,-74.7802,1.0563,1.0567
-65.6667,-74.8620,1.0562,1.0566
-65.5876,-74.9438,1.0560,1.0565
-65.5085,-75.0256,1.0558,1.0565
-65.4294,-75.1075,1.0556,1.0564
-65.3504,-75.1894,1.0554,1.0563
-65.2714,-75.2714,1.0552,1.0562
-65.1925,-75.3535,1.0550,1.0562
-65.1137,-75.4355,1.0548,1.0561
-65.0350,-75.5177,1.0546,1.0561
-64.9563,-75.6000,1.0544,1.0559
-64.8777,-75.6823,1.0543,1.0556
-64.7991,-75.7647,1.0542,1.0552
-64.7207,-75.8472,1.0541,1.0549
-64.6424,-75.9297,1.0540,1.0546
-64.5642,-76.0124,1.0539,1.0543
-64.4861,-76.0953,1.0539,1.0541
-64.4082,-76.1782,1.0539,1.0538
-64.3303,-76.2612,1.0539,1.0535
-64.2527,-76.3444,1.0539,1.0533
-64.1751,-76.4278,1.0540,1.0531
-64.0978,-76.5112,1.0540,1.0528
-64.0206,-76.5949,1.0540,1.0526
-63.9436,-76.6787,1.0536,1.0524
-63.8668,-76.7627,1.0532,1.0522
-63.7901,-76.8469,1.0528,1.0520
-63.7138,-76.9312,1.0524,1.0519
-63.6376,-77.0158,1.0520,1.0517
-63.5617,-77.1007,1.0517,1.0515
-63.4861,-77.1857,1.0514,1.0514
-63.4107,-77.2710,1.0510,1.0513
-63.3355,-77.3565,1.0507,1.0512
-63.2607,-77.4422,1.0504,1.0511
-63.1862,-77.5282,1.0501,1.0511
-63.1119,-77.6145,1.0499,1.0512
-63.0380,-77.7010,1.0497,1.0513
-62.9644,-77.7879,1.0496,1.0507
-62.8911,-77.8750,1.0495,1.0502
-62.8182,-77.9623,1.0494,1.0497
-62.7456,-78.0500,1.0493,1.0493
-62.6734,-78.1380,1.0494,1.0489
-62.6016,-78.2263,1.0495,1.0485
-62.5302,-78.3149,1.0495,1.0482
-62.4591,-78.4038,1.0491,1.0480
-62.3884,-78.4930,1.0487,1.0479
-62.3181,-78.5826,1.0483,1.0478
-62.2482,-78.6724,1.0481,1.0478
-62.1787,-78.7625,1.0479,1.0479
-62.1096,-78.8529,1.0477,1.0481
-62.0409,-78.9436,1.0477,1.0483
-61.9725,-79.0347,1.0477,1.0486
-61.9045,-79.1260,1.0478,1.0490
-61.8370,-79.2175,1.0479,1.0495
-61.7697,-79.3094,1.0481,1.0495
-61.7029,-79.4015,1.0483,1.0493
-61.6363,-79.4938,1.0486,1.0491
-61.5702,-79.5864,1.0489,1.0491
-61.5043,-79.6792,1.0493,1.0491
-61.4387,-79.7722,1.0497,1.0491
-61.3733,-79.8654,1.0501,1.0492
-61.3083,-79.9588,1.0505,1.0493
-61.2434,-80.0524,1.0507,1.0494
-61.1788,-80.1460,1.0507,1.0496
-61.1143,-80.2398,1.0507,1.0497
-61.0500,-80.3338,1.0507,1.0499
-60.9859,-80.4278,1.0507,1.0500
-60.9218,-80.5219,1.0507,1.0502
-60.8579,-80.6161,1.0506,1.0503
-60.7941,-80.7103,1.0506,1.0504
-60.7304,-80.8047,1.0505,1.0504
-60.6668,-80.8990,1.0505,1.0505
-60.6033,-80.9935,1.0504,1.0505
-60.5398,-81.0880,1.0503,1.0505
-60.4765,-81.1825,1.0501,1.0505
-60.4132,-81.2771,1.0500,1.0505
-60.3501,-81.3718,1.0499,1.0505
-60.2871,-81.4666,1.0497,1.0505
-60.2242,-81.5615,1.0496,1.0505
-60.1615,-81.6565,1.0495,1.0506
-60.0990,-81.7516,1.0494,1.0506
-60.0367,-81.8469,1.0493,1.0507
-59.9746,-81.9423,1.0493,1.0505
-59.9128,-82.0379,1.0493,1.0501
-59.8513,-82.1336,1.0493,1.0498
-59.7902,-82.2296,1.0494,1.0495
-59.7294,-82.3258,1.0496,1.0492
-59.6689,-82.4223,1.0498,1.0490
-59.6089,-82.5190,1.0500,1.0488
-59.5493,-82.6159,1.0497,1.0487
-59.4901,-82.7131,1.0495,1.0487
-59.4314,-82.8106,1.0493,1.0488
-59.3731,-82.9084,1.0492,1.0489
-59.3153,-83.0065,1.0492,1.0491
-59.2581,-83.1048,1.0492,1.0495
-59.2013,-83.2035,1.0493,1.0498
-59.1450,-83.3024,1.0494,1.0503
-59.0892,-83.4016,1.0497,1.0508
-59.0340,-83.5011,1.0499,1.0514
-58.9792,-83.6009,1.0503,1.0513
-58.9250,-83.7010,1.0506,1.0511
-58.8712,-83.8013,1.0509,1.0510
-58.8179,-83.9019,1.0513,1.0509
-58.7651,-84.0027,1.0517,1.0508
-58.7127,-84.1037,1.0517,1.0507
-58.6607,-84.2050,1.0514,1.0507
-58.6092,-84.3065,1.0512,1.0506
-58.5581,-84.4082,1.0510,1.0506
-58.5073,-84.5100,1.0508,1.0505
-58.4569,-84.6121,1.0506,1.0504
-58.4068,-84.7143,1.0504,1.0504
-58.3570,-84.8166,1.0502,1.0503
-58.3075,-84.9191,1.0500,1.0503
-58.2582,-85.0217,1.0498,1.0502
-58.2092,-85.1244,1.0496,1.0501
-58.1604,-85.2272,1.0494,1.0501
-58.1117,-85.3302,1.0492,1.0500
-58.0633,-85.4331,1.0491,1.0500
-58.0150,-85.5362,1.0489,1.0500
-57.9668,-85.6393,1.0488,1.0499
-57.9187,-85.7425,1.0487,1.0500
-57.8708,-85.8457,1.0487,1.0497
-57.8229,-85.9490,1.0486,1.0494
-57.7751,-86.0523,1.0486,1.0491
-57.7274,-86.1556,1.0486,1.0489
-57.6798,-86.2590,1.0486,1.0487
-57.6322,-86.3624,1.0487,1.0486
-57.5846,-86.4658,1.0487,1.0484
-57.5371,-86.5692,1.0489,1.0483
-57.4896,-86.6727,1.0490,1.0483
-57.4422,-86.7761,1.0491,1.0482
-57.3948,-86.8796,1.0493,1.0482
-57.3474,-86.9831,1.0494,1.0482
-57.3000,-87.0865,1.0493,1.0482
-57.2526,-87.1900,1.0493,1.0483
-57.2052,-87.2935,1.0493,1.0483
-57.1578,-87.3970,1.0493,1.0484
-57.1105,-87.5005,1.0493,1.0484
-57.0631,-87.6040,1.0492,1.0485
-57.0157,-87.7075,1.0492,1.0485
-56.9683,-87.8109,1.0492,1.0486
-56.9209,-87.9144,1.0492,1.0486
-56.8735,-88.0179,1.0492,1.0486
-56.8261,-88.1214,1.0491,1.0487
-56.7786,-88.2248,1.0491,1.0487
-56.7312,-88.3283,1.0490,1.0487
-56.6838,-88.4317,1.0490,1.0487
-56.6363,-88.5352,1.0489,1.0487
-56.5889,-88.6387,1.0489,1.0487
-56.5414,-88.7421,1.0489,1.0487
-56.4940,-88.8456,1.0488,1.0488
-56.4465,-88.9490,1.0488,1.0488
-56.3991,-89.0525,1.0487,1.0488
-56.3516,-89.1560,1.0487,1.0489
-56.3042,-89.2594,1.0487,1.0489
-56.2568,-89.3629,1.0487,1.0490
-56.2094,-89.4664,1.0487,1.0490
-56.1620,-89.5698,1.0487,1.0491
-56.1146,-89.6733,1.0488,1.0492
-56.0672,-89.7768,1.0488,1.0493
-56.0198,-89.8803,1.0489,1.0494
-55.9724,-89.9838,1.0489,1.0495
-55.9250,-90.0872,1.0490,1.0496
-55.8776,-90.1907,1.0490,1.0497
-55.8302,-90.2942,1.0491,1.0498
-55.7828,-90.3977,1.0491,1.0500
-55.7353,-90.5011,1.0492,1.0501
-55.6879,-90.6046,1.0492,1.0502
-55.6405,-90.7081,1.0493,1.0503
-55.5930,-90.8115,1.0493,1.0504
-55.5456,-90.9150,1.0493,1.0505
-55.4981,-91.0184,1.0494,1.0505
-55.4506,-91.1219,1.0494,1.0505
-55.4031,-91.2253,1.0495,1.0504
-55.3556,-91.3287,1.0495,1.0503
-55.3081,-91.4322,1.0495,1.0502
-55.2606,-91.5356,1.0496,1.0500
-55.2131,-91.6390,1.0496,1.0499
-55.1656,-91.7424,1.0497,1.0498
-55.1180,-91.8458,1.0498,1.0497
-55.0705,-91.9493,1.0499,1.0496
-55.0229,-92.0527,1.0499,1.0495
-54.9753,-92.1561,1.0500,1.0495
-54.9278,-92.2594,1.0502,1.0494
-54.8802,-92.3628,1.0503,1.0494
-54.8325,-92.4662,1.0504,1.0494
-54.7849,-92.5696,1.0504,1.0493
-54.7372,-92.6729,1.0503,1.0493
-54.6895,-92.7763,1.0503,1.0493
-54.6418,-92.8796,1.0502,1.0493
-54.5940,-92.9829,1.0502,1.0494
-54.5462,-93.0862,1.0502,1.0494
-54.4984,-93.1895,1.0502,1.0494
-54.4505,-93.2927,1.0502,1.0494
-54.4026,-93.3960,1.0501,1.0495
-54.3546,-93.4992,1.0501,1.0495
-54.3066,-93.6024,1.0501,1.0495
-54.2585,-93.7056,1.0501,1.0496
-54.2104,-93.8087,1.0501,1.0496
-54.1623,-93.9118,1.0501,1.0496
-54.1141,-94.0150,1.0501,1.0497
-54.0659,-94.1180,1.0501,1.0497
-54.0176,-94.2211,1.0501,1.0497
-53.9692,-94.3242,1.0501,1.0498
-53.9209,-94.4272,1.0501,1.0498
-53.8724,-94.5302,1.0501,1.0498
-53.8240,-94.6332,1.0500,1.0499
-53.7755,-94.7361,1.0500,1.0499
-53.7269,-94.8391,1.0500,1.0499
-53.6783,-94.9420,1.0500,1.0500
-53.6296,-95.0449,1.0500,1.0500
-53.5808,-95.1477,1.0500,1.0500
-53.5320,-95.2505,1.0500,1.0501
-53.4832,-95.3533,1.0500,1.0501
-53.4342,-95.4561,1.0500,1.0502
-53.3852,-95.5588,1.0501,1.0502
-53.3362,-95.6615,1.0501,1.0503
-53.2870,-95.7642,1.0501,1.0504
-53.2378,-95.8668,1.0502,1.0505
-53.1885,-95.9694,1.0503,1.0506
-53.1392,-96.0720,1.0504,1.0508
-53.0897,-96.1745,1.0505,1.0509
-53.0402,-96.2770,1.0507,1.0511
-52.9906,-96.3794,1.0509,1.0514
-52.9410,-96.4818,1.0511,1.0517
-52.8912,-96.5842,1.0514,1.0520
-52.8414,-96.6866,1.0517,1.0523
-52.7916,-96.7889,1.0520,1.0526
-52.7416,-96.8911,1.0523,1.0530
-52.6916,-96.9934,1.0526,1.0534
-52.6414,-97.0956,1.0529,1.0537
-52.5913,-97.1977,1.0533,1.0541
-52.5410,-97.2998,1.0536,1.0545
-52.4906,-97.4019,1.0539,1.0548
-52.4402,-97.5039,1.0542,1.0551
-52.3897,-97.6059,1.0544,1.0554
-52.3391,-97.7079,1.0547,1.0556
-52.2884,-97.8098,1.0549,1.0558
-52.2376,-97.9117,1.0550,1.0560
-52.1868,-98.0135,1.0551,1.0561
-52.1358,-98.1152,1.0552,1.0561
-52.0848,-98.2170,1.0552,1.0561
-52.0336,-98.3187,1.0551,1.0561
-51.9824,-98.4203,1.0551,1.0560
-51.9311,-98.5219,1.0549,1.0559
-51.8797,-98.6235,1.0548,1.0557
-51.8282,-98.7250,1.0546,1.0555
-51.7766,-98.8264,1.0544,1.0553
-51.7249,-98.9278,1.0542,1.0549
-51.6732,-99.0292,1.0539,1.0546
-51.6213,-99.1305,1.0537,1.0542
-51.5694,-99.2318,1.0534,1.0539
-51.5174,-99.3330,1.0532,1.0535
-51.4653,-99.4342,1.0529,1.0532
-51.4131,-99.5354,1.0527,1.0528
-51.3608,-99.6365,1.0525,1.0525
-51.3085,-99.7375,1.0524,1.0522
-51.2560,-99.8386,1.0522,1.0520
-51.2035,-99.9395,1.0521,1.0517
-51.1509,-100.0405,1.0520,1.0515
-51.0982,-100.1414,1.0519,1.0513
-51.0454,-100.2422,1.0518,1.0511
-50.9926,-100.3430,1.0518,1.0510
-50.9397,-100.4438,1.0518,1.0509
-50.8867,-100.5445,1.0516,1.0507
-50.8337,-100.6452,1.0515,1.0506
-50.7805,-100.7459,1.0514,1.0505
-50.7273,-100.8465,1.0512,1.0504
-50.6741,-100.9471,1.0511,1.0503
-50.6208,-101.0477,1.0510,1.0502
-50.5674,-101.1482,1.0509,1.0502
-50.5140,-101.2487,1.0508,1.0501
-50.4605,-101.3492,1.0507,1.0500
-50.4069,-101.4496,1.0506,1.0499
-50.3533,-101.5500,1.0505,1.0499
-50.2997,-101.6504,1.0503,1.0498
-50.2460,-101.7507,1.0502,1.0497
-50.1922,-101.8510,1.0501,1.0496
-50.1384,-101.9513,1.0500,1.0496
-50.0845,-102.0516,1.0499,1.0495
-50.0306,-102.1518,1.0498,1.0494
-49.9766,-102.2520,1.0497,1.0493
-49.9225,-102.3522,1.0496,1.0493
-49.8683,-102.4523,1.0495,1.0492
-49.8141,-102.5523,1.0494,1.0491
-49.7598,-102.6524,1.0493,1.0491
-49.7054,-102.7523,1.0492,1.0490
-49.6509,-102.8523,1.0491,1.0489
-49.5963,-102.9521,1.0490,1.0488
-49.5416,-103.0519,1.0489,1.0487
-49.4868,-103.1517,1.0488,1.0486
-49.4318,-103.2513,1.0487,1.0485
-49.3767,-103.3509,1.0485,1.0484
-49.3214,-103.4504,1.0484,1.0482
-49.2660,-103.5498,1.0482,1.0481
-49.2104,-103.6492,1.0481,1.0479
-49.1547,-103.7484,1.0479,1.0478
-49.0987,-103.8475,1.0478,1.0476
-49.0425,-103.9465,1.0476,1.0475
-48.9862,-104.0454,1.0474,1.0473
-48.9296,-104.1441,1.0473,1.0472
-48.8727,-104.2427,1.0472,1.0470
-48.8157,-104.3412,1.0471,1.0469
-48.7584,-104.4395,1.0470,1.0468
-48.7008,-104.5377,1.0469,1.0467
-48.6429,-104.6357,1.0468,1.0466
-48.5848,-104.7336,1.0468,1.0465
-48.5263,-104.8313,1.0468,1.0465
-48.4676,-104.9288,1.0468,1.0465
-48.4086,-105.0261,1.0468,1.0465
-48.3493,-105.1232,1.0469,1.0465
-48.2896,-105.2202,1.0470,1.0466
-48.2297,-105.3169,1.0471,1.0467
-48.1695,-105.4135,1.0472,1.0467
-48.1089,-105.5099,1.0473,1.0468
-48.0480,-105.6060,1.0475,1.0470
-47.9869,-105.7020,1.0476,1.0471
-47.9254,-105.7978,1.0478,1.0472
-47.8636,-105.8934,1.0479,1.0474
-47.8015,-105.9888,1.0481,1.0475
-47.7392,-106.0840,1.0483,1.0476
-47.6765,-106.1790,1.0484,1.0478
-47.6136,-106.2739,1.0486,1.0479
-47.5505,-106.3686,1.0487,1.0480
-47.4870,-106.4631,1.0489,1.0482
-47.4234,-106.5574,1.0490,1.0483
-47.3595,-106.6516,1.0491,1.0484
-47.2953,-106.7456,1.0492,1.0485
-47.2310,-106.8395,1.0493,1.0486
-47.1665,-106.9333,1.0494,1.0487
-47.1018,-107.0269,1.0495,1.0488
-47.0369,-107.1205,1.0495,1.0488
-46.9719,-107.2139,1.0496,1.0489
-46.9067,-107.3072,1.0496,1.0489
-46.8414,-107.4004,1.0496,1.0490
-46.7760,-107.4935,1.0497,1.0490
-46.7105,-107.5866,1.0497,1.0491
-46.6448,-107.6796,1.0497,1.0491
-46.5791,-107.7726,1.0496,1.0491
-46.5134,-107.8655,1.0496,1.0491
-46.4475,-107.9583,1.0496,1.0491
-46.3817,-108.0511,1.0496,1.0491
-46.3157,-108.1439,1.0495,1.0491
-46.2498,-108.2366,1.0495,1.0491
-46.1838,-108.3294,1.0494,1.0491
-46.1177,-108.4221,1.0494,1.0491
-46.0517,-108.5148,1.0493,1.0491
-45.9856,-108.6075,1.0493,1.0491
-45.9195,-108.7001,1.0492,1.0491
-45.8535,-108.7928,1.0492,1.0491
-45.7874,-108.8855,1.0491,1.0491
-45.7213,-108.9781,1.0491,1.0491
-45.6551,-109.0708,1.0490,1.0491
-45.5890,-109.1634,1.0490,1.0491
-45.5229,-109.2560,1.0489,1.0491
-45.4568,-109.3487,1.0489,1.0491
-45.3907,-109.4413,1.0488,1.0491
-45.3246,-109.5340,1.0488,1.0491
-45.2584,-109.6266,1.0488,1.0491
-45.1923,-109.7193,1.0488,1.0491
-45.1262,-109.8119,1.0487,1.0491
-45.0600,-109.9045,1.0487,1.0492
-44.9939,-109.9971,1.0487,1.0492
-44.9277,-110.0898,1.0488,1.0493
-44.8616,-110.1824,1.0488,1.0494
-44.7954,-110.2750,1.0488,1.0495
-44.7292,-110.3676,1.0489,1.0496
-44.6631,-110.4602,1.0489,1.0497
-44.5969,-110.5528,1.0490,1.0498
-44.5307,-110.6454,1.0491,1.0500
-44.4645,-110.7380,1.0492,1.0501
-44.3983,-110.8305,1.0493,1.0503
-44.3321,-110.9231,1.0495,1.0505
-44.2658,-111.0157,1.0496,1.0507
-44.1996,-111.1083,1.0498,1.0507
-44.1334,-111.2008,1.0499,1.0507
-44.0671,-111.2934,1.0501,1.0507
-44.0009,-111.3859,1.0503,1.0507
-43.9347,-111.4785,1.0505,1.0507
-43.8684,-111.5711,1.0506,1.0507
-43.8022,-111.6636,1.0508,1.0506
-43.7360,-111.7562,1.0510,1.0506
-43.6698,-111.8488,1.0512,1.0506
-43.6036,-111.9414,1.0513,1.0506
-43.5374,-112.0340,1.0514,1.0505
-43.4712,-112.1266,1.0513,1.0505
-43.4051,-112.2192,1.0512,1.0505
-43.3389,-112.3118,1.0511,1.0504
-43.2728,-112.4044,1.0510,1.0503
-43.2066,-112.4971,1.0509,1.0503
-43.1405,-112.5897,1.0508,1.0502
-43.0744,-112.6823,1.0506,1.0501
-43.0083,-112.7750,1.0505,1.0500
-42.9422,-112.8676,1.0504,1.0499
-42.8761,-112.9603,1.0503,1.0499
-42.8100,-113.0530,1.0502,1.0498
-42.7439,-113.1456,1.0500,1.0497
-42.6778,-113.2383,1.0499,1.0496
-42.6117,-113.3310,1.0498,1.0496
-42.5457,-113.4237,1.0497,1.0495
-42.4796,-113.5163,1.0497,1.0495
-42.4135,-113.6090,1.0496,1.0495
-42.3475,-113.7017,1.0495,1.0494
-42.2815,-113.7945,1.0495,1.0494
-42.2155,-113.8872,1.0494,1.0494
-42.1495,-113.9799,1.0494,1.0494
-42.0835,-114.0727,1.0493,1.0494
-42.0176,-114.1654,1.0493,1.0494
-41.9516,-114.2582,1.0493,1.0495
-41.8857,-114.3510,1.0493,1.0495
-41.8198,-114.4438,1.0493,1.0495
-41.7540,-114.5366,1.0493,1.0496
-41.6882,-114.6295,1.0493,1.0496
-41.6224,-114.7224,1.0493,1.0497
-41.5566,-114.8153,1.0493,1.0498
-41.4908,-114.9082,1.0494,1.0499
-41.4251,-115.0011,1.0494,1.0500
-41.3594,-115.0940,1.0494,1.0501
-41.2938,-115.1870,1.0495,1.0502
-41.2281,-115.2800,1.0496,1.0503
-41.1625,-115.3729,1.0496,1.0504
-41.0968,-115.4659,1.0497,1.0505
-41.0312,-115.5589,1.0498,1.0506
-40.9656,-115.6519,1.0499,1.0508
-40.9000,-115.7450,1.0500,1.0509
-40.8344,-115.8380,1.0501,1.0509
-40.7688,-115.9310,1.0502,1.0508
-40.7032,-116.0240,1.0503,1.0507
-40.6376,-116.1170,1.0504,1.0506
-40.5719,-116.2100,1.0505,1.0506
-40.5063,-116.3029,1.0506,1.0505
-40.4406,-116.3959,1.0507,1.0504
-40.3750,-116.4889,1.0508,1.0503
-40.3093,-116.5818,1.0508,1.0502
-40.2435,-116.6747,1.0509,1.0501
-40.1778,-116.7676,1.0507,1.0501
-40.1120,-116.8605,1.0506,1.0500
-40.0462,-116.9534,1.0505,1.0499
-39.9803,-117.0462,1.0504,1.0498
-39.9144,-117.1390,1.0502,1.0497
-39.8484,-117.2317,1.0501,1.0496
-39.7823,-117.3244,1.0500,1.0495
-39.7162,-117.4171,1.0499,1.0494
-39.6500,-117.5097,1.0498,1.0493
-39.5838,-117.6022,1.0497,1.0493
-39.5174,-117.6947,1.0497,1.0492
-39.4510,-117.7871,1.0496,1.0491
-39.3844,-117.8794,1.0496,1.0491
-39.3178,-117.9717,1.0495,1.0491
-39.2511,-118.0639,1.0495,1.0491
-39.1843,-118.1561,1.0495,1.0491
-39.1174,-118.2482,1.0495,1.0491
-39.0504,-118.3402,1.0495,1.0491
-38.9834,-118.4322,1.0495,1.0491
-38.9162,-118.5241,1.0495,1.0491
-38.8491,-118.6159,1.0495,1.0492
-38.7818,-118.7078,1.0496,1.0493
-38.7145,-118.7996,1.0496,1.0493
-38.6472,-118.8914,1.0496,1.0494
-38.5799,-118.9832,1.0497,1.0495
-38.5126,-119.0749,1.0497,1.0495
-38.4454,-119.1668,1.0498,1.0496
-38.3781,-119.2586,1.0498,1.0497
-38.3109,-119.3505,1.0498,1.0498
-38.2438,-119.4424,1.0499,1.0499
-38.1768,-119.5344,1.0499,1.0500
-38.1099,-119.6265,1.0500,1.0501
-38.0432,-119.7187,1.0500,1.0502
-37.9766,-119.8110,1.0501,1.0503
-37.9102,-119.9034,1.0501,1.0505
-37.8439,-119.9960,1.0502,1.0506
-37.7779,-120.0887,1.0503,1.0507
-37.7122,-120.1816,1.0504,1.0509
-37.6467,-120.2747,1.0505,1.0511
-37.5815,-120.3680,1.0506,1.0513
-37.5165,-120.4615,1.0508,1.0515
-37.4519,-120.5552,1.0510,1.0511
-37.3877,-120.6491,1.0512,1.0507
-37.3238,-120.7433,1.0509,1.0504
-37.2603,-120.8378,1.0505,1.0501
-37.1972,-120.9325,1.0502,1.0498
-37.1345,-121.0275,1.0499,1.0496
-37.0722,-121.1227,1.0496,1.0495
-37.0104,-121.2183,1.0495,1.0494
-36.9490,-121.3142,1.0494,1.0493
-36.8881,-121.4103,1.0493,1.0494
-36.8277,-121.5068,1.0493,1.0495
-36.7677,-121.6035,1.0494,1.0496
-36.7083,-121.7006,1.0495,1.0499
-36.6492,-121.7979,1.0497,1.0502
-36.5907,-121.8955,1.0500,1.0506
-36.5325,-121.9933,1.0503,1.0510
-36.4748,-122.0914,1.0506,1.0512
-36.4175,-122.1897,1.0510,1.0510
-36.3605,-122.2883,1.0512,1.0507
-36.3038,-122.3870,1.0509,1.0506
-36.2474,-122.4858,1.0507,1.0504
-36.1913,-122.5848,1.0503,1.0502
-36.1353,-122.6839,1.0500,1.0499
-36.0794,-122.7831,1.0495,1.0495
-36.0235,-122.8822,1.0488,1.0490
-35.9676,-122.9814,1.0480,1.0484
-35.9114,-123.0804,1.0470,1.0475
-35.8550,-123.1792,1.0456,1.0465
-35.7982,-123.2778,1.0440,1.0453
-35.7408,-123.3761,1.0420,1.0438
-35.6827,-123.4740,1.0396,1.0420
-35.6236,-123.5713,1.0367,1.0390
-35.5634,-123.6679,1.0333,1.0356
-35.5019,-123.7636,1.0294,1.0320
-35.4389,-123.8584,1.0253,1.0282
-35.3741,-123.9520,1.0199,1.0242
-35.3070,-124.0439,1.0131,1.0205
-35.2375,-124.1340,1.0063,1.0146
-35.1653,-124.2220,1.0008,1.0089
-35.0897,-124.3071,0.9952,1.0043
-35.0107,-124.3890,0.9887,0.9983
-34.9277,-124.4668,0.9860,0.9930
-34.8404,-124.5399,0.9824,0.9882
-34.7485,-124.6070,0.9792,0.9835
-34.6522,-124.6676,0.9813,0.9803
-34.5513,-124.7200,0.9813,0.9784
-34.4463,-124.7640,0.9782,0.9782
-34.3382,-124.7993,0.9791,0.9798
-34.2274,-124.8254,0.9836,0.9822
-34.1150,-124.8430,0.9812,0.9872
-34.0017,-124.8533,0.9832,0.9905
-33.8879,-124.8561,0.9889,0.9965
-33.7742,-124.8538,0.9916,1.0014
-33.6606,-124.8460,0.9981,1.0068
-33.5474,-124.8345,1.0049,1.0125
-33.4345,-124.8197,1.0103,1.0176
-33.3221,-124.8019,1.0159,1.0216
-33.2101,-124.7820,1.0212,1.0255
-33.0983,-124.7602,1.0260,1.0292
-32.9869,-124.7370,1.0302,1.0325
-32.8758,-124.7124,1.0336,1.0357
-32.7649,-124.6868,1.0365,1.0385
-32.6542,-124.6604,1.0389,1.0409
-32.5436,-124.6333,1.0409,1.0424
-32.4332,-124.6057,1.0425,1.0437
-32.3229,-124.5776,1.0439,1.0448
-32.2127,-124.5492,1.0450,1.0458
-32.1026,-124.5205,1.0459,1.0466
-31.9925,-124.4916,1.0467,1.0473
-31.8825,-124.4625,1.0473,1.0480
-31.7725,-124.4332,1.0479,1.0485
-31.6625,-124.4039,1.0484,1.0490
-31.5525,-124.3744,1.0488,1.0495
-31.4426,-124.3449,1.0491,1.0499
-31.3327,-124.3154,1.0494,1.0503
-31.2228,-124.2858,1.0497,1.0507
-31.1129,-124.2563,1.0500,1.0510
-31.0030,-124.2267,1.0502,1.0513
-30.8930,-124.1971,1.0504,1.0516
-30.7831,-124.1676,1.0506,1.0519
-30.6732,-124.1380,1.0508,1.0522
-30.5633,-124.1085,1.0510,1.0524
-30.4534,-124.0790,1.0511,1.0526
-30.3434,-124.0495,1.0512,1.0526
-30.2335,-124.0200,1.0513,1.0525
-30.1236,-123.9905,1.0513,1.0524
-30.0136,-123.9611,1.0514,1.0523
-29.9037,-123.9317,1.0514,1.0522
-29.7937,-123.9023,1.0514,1.0520
-29.6838,-123.8729,1.0513,1.0518
-29.5738,-123.8435,1.0513,1.0516
-29.4639,-123.8141,1.0512,1.0514
-29.3539,-123.7847,1.0511,1.0511
-29.2439,-123.7553,1.0510,1.0508
-29.1340,-123.7259,1.0508,1.0506
-29.0240,-123.6966,1.0507,1.0503
-28.9141,-123.6672,1.0505,1.0500
-28.8041,-123.6378,1.0504,1.0496
-28.6941,-123.6084,1.0502,1.0493
-28.5842,-123.5789,1.0500,1.0490
-28.4742,-123.5495,1.0499,1.0487
-28.3643,-123.5201,1.0497,1.0484
-28.2544,-123.4906,1.0494,1.0482
-28.1444,-123.4611,1.0491,1.0479
-28.0345,-123.4316,1.0488,1.0476
-27.9246,-123.4021,1.0485,1.0474
-27.8147,-123.3726,1.0482,1.0472
-27.7047,-123.3431,1.0480,1.0470
-27.5948,-123.3135,1.0478,1.0469
-27.4849,-123.2839,1.0476,1.0468
-27.3750,-123.2544,1.0475,1.0467
-27.2651,-123.2248,1.0473,1.0467
-27.1552,-123.1952,1.0473,1.0466
-27.0453,-123.1656,1.0472,1.0467
-26.9354,-123.1359,1.0472,1.0467
-26.8255,-123.1063,1.0472,1.0468
-26.7156,-123.0767,1.0473,1.0470
-26.6057,-123.0470,1.0473,1.0471
-26.4958,-123.0174,1.0474,1.0473
-26.3859,-122.9878,1.0476,1.0475
-26.2760,-122.9581,1.0477,1.0478
-26.1662,-122.9285,1.0479,1.0481
-26.0563,-122.8988,1.0481,1.0484
-25.9464,-122.8692,1.0484,1.0487
-25.8365,-122.8395,1.0486,1.0490
-25.7266,-122.8098,1.0488,1.0494
-25.6167,-122.7802,1.0491,1.0497
-25.5068,-122.7505,1.0494,1.0501
-25.3970,-122.7209,1.0496,1.0504
-25.2871,-122.6912,1.0499,1.0508
-25.1772,-122.6615,1.0502,1.0511
-25.0673,-122.6319,1.0504,1.0515
-24.9574,-122.6022,1.0507,1.0518
-24.8475,-122.5725,1.0509,1.0521
-24.7376,-122.5429,1.0511,1.0524
-24.6278,-122.5132,1.0513,1.0527
-24.5179,-122.4836,1.0515,1.0530
-24.4080,-122.4539,1.0517,1.0531
-24.2981,-122.4243,1.0518,1.0531
-24.1882,-122.3947,1.0519,1.0530
-24.0783,-122.3650,1.0520,1.0530
-23.9684,-122.3354,1.0520,1.0529
-23.8585,-122.3059,1.0520,1.0527
-23.7486,-122.2763,1.0520,1.0525
-23.6387,-122.2467,1.0520,1.0523
-23.5287,-122.2172,1.0519,1.0521
-23.4188,-122.1877,1.0518,1.0518
-23.3089,-122.1582,1.0517,1.0515
-23.1989,-122.1288,1.0516,1.0512
-23.0890,-122.0993,1.0514,1.0509
-22.9790,-122.0699,1.0513,1.0505
-22.8691,-122.0405,1.0511,1.0502
-22.7591,-122.0111,1.0509,1.0498
-22.6492,-121.9817,1.0507,1.0495
-22.5392,-121.9524,1.0503,1.0491
-22.4292,-121.9230,1.0499,1.0488
-22.3193,-121.8937,1.0495,1.0484
-22.2093,-121.8643,1.0491,1.0481
-22.0993,-121.8350,1.0488,1.0478
-21.9894,-121.8056,1.0485,1.0476
-21.8794,-121.7763,1.0482,1.0473
-21.7694,-121.7469,1.0479,1.0471
-21.6595,-121.7175,1.0477,1.0469
-21.5495,-121.6881,1.0475,1.0468
-21.4396,-121.6587,1.0473,1.0467
-21.3296,-121.6293,1.0472,1.0466
-21.2197,-121.5998,1.0471,1.0466
-21.1097,-121.5704,1.0470,1.0466
-20.9998,-121.5409,1.0470,1.0467
-20.8899,-121.5113,1.0470,1.0467
-20.7800,-121.4818,1.0470,1.0468
-20.6701,-121.4522,1.0471,1.0470
-20.5602,-121.4226,1.0472,1.0471
-20.4503,-121.3930,1.0473,1.0473
-20.3404,-121.3634,1.0474,1.0475
-20.2305,-121.3337,1.0475,1.0477
-20.1206,-121.3040,1.0476,1.0479
-20.0107,-121.2743,1.0478,1.0481
-19.9009,-121.2445,1.0479,1.0483
-19.7910,-121.2148,1.0481,1.0486
-19.6812,-121.1850,1.0483,1.0488
-19.5713,-121.1552,1.0484,1.0490
-19.4615,-121.1254,1.0486,1.0493
-19.3516,-121.0956,1.0488,1.0495
-19.2418,-121.0658,1.0489,1.0498
-19.1319,-121.0359,1.0491,1.0500
-19.0221,-121.0061,1.0493,1.0503
-18.9123,-120.9762,1.0494,1.0505
-18.8024,-120.9464,1.0496,1.0508
-18.6926,-120.9165,1.0498,1.0510
-18.5828,-120.8867,1.0499,1.0513
-18.4729,-120.8569,1.0501,1.0515
-18.3631,-120.8271,1.0502,1.0516
-18.2532,-120.7973,1.0504,1.0516
-18.1434,-120.7675,1.0505,1.0516
-18.0335,-120.7378,1.0507,1.0516
-17.9236,-120.7081,1.0508,1.0515
-17.8137,-120.6784,1.0509,1.0515
-17.7039,-120.6488,1.0511,1.0514
-17.5940,-120.6191,1.0512,1.0513
-17.4841,-120.5896,1.0513,1.0512
-17.3741,-120.5600,1.0513,1.0511
-17.2642,-120.5305,1.0514,1.0510
-17.1543,-120.5011,1.0515,1.0509
-17.0443,-120.4716,1.0515,1.0507
-16.9344,-120.4423,1.0515,1.0506
-16.8244,-120.4129,1.0516,1.0504
-16.7144,-120.3836,1.0514,1.0502
-16.6044,-120.3543,1.0511,1.0500
-16.4944,-120.3250,1.0508,1.0498
-16.3844,-120.2958,1.0505,1.0496
-16.2744,-120.2666,1.0503,1.0494
-16.1644,-120.2373,1.0500,1.0492
-16.0544,-120.2081,1.0497,1.0490
-15.9444,-120.1789,1.0494,1.0488
-15.8344,-120.1497,1.0492,1.0486
-15.7244,-120.1204,1.0489,1.0484
-15.6144,-120.0912,1.0487,1.0482
-15.5044,-120.0619,1.0485,1.0480
-15.3945,-120.0326,1.0483,1.0479
-15.2845,-120.0033,1.0481,1.0478
-15.1745,-119.9739,1.0480,1.0476
-15.0646,-119.9445,1.0478,1.0476
-14.9546,-119.9151,1.0477,1.0475
-14.8447,-119.8856,1.0476,1.0474
-14.7348,-119.8561,1.0475,1.0474
-14.6248,-119.8265,1.0474,1.0474
-14.5149,-119.7969,1.0474,1.0474
-14.4050,-119.7673,1.0474,1.0475
-14.2952,-119.7377,1.0473,1.0475
-14.1853,-119.7080,1.0474,1.0476
-14.0754,-119.6783,1.0474,1.0477
-13.9655,-119.6485,1.0474,1.0478
-13.8557,-119.6188,1.0475,1.0479
-13.7458,-119.5890,1.0476,1.0481
-13.6360,-119.5592,1.0476,1.0482
-13.5261,-119.5294,1.0478,1.0484
-13.4163,-119.4996,1.0479,1.0486
-13.3064,-119.4698,1.0480,1.0488
-13.1966,-119.4400,1.0482,1.0491
-13.0867,-119.4102,1.0483,1.0493
-12.9769,-119.3804,1.0485,1.0496
-12.8670,-119.3507,1.0487,1.0499
-12.7572,-119.3209,1.0489,1.0502
-12.6473,-119.2911,1.0492,1.0505
-12.5375,-119.2613,1.0494,1.0508
-12.4276,-119.2316,1.0496,1.0509
-12.3177,-119.2019,1.0499,1.0510
-12.2079,-119.1721,1.0501,1.0511
-12.0980,-119.1424,1.0504,1.0512
-11.9881,-119.1127,1.0507,1.0513
-11.8782,-119.0831,1.0509,1.0514
-11.7683,-119.0534,1.0512,1.0515
-11.6585,-119.0238,1.0514,1.0515
-11.5486,-118.9942,1.0517,1.0516
-11.4387,-118.9646,1.0519,1.0517
-11.3287,-118.9350,1.0521,1.0517
-11.2188,-118.9054,1.0523,1.0517
-11.1089,-118.8758,1.0525,1.0517
-10.9990,-118.8463,1.0526,1.0517
-10.8891,-118.8168,1.0528,1.0516
-10.7791,-118.7873,1.0526,1.0516
-10.6692,-118.7578,1.0524,1.0514
-10.5593,-118.7284,1.0522,1.0513
-10.4493,-118.6989,1.0520,1.0511
-10.3394,-118.6695,1.0517,1.0509
-10.2294,-118.6401,1.0514,1.0507
-10.1195,-118.6107,1.0511,1.0504
-10.0095,-118.5813,1.0507,1.0502
-9.8996,-118.5519,1.0503,1.0499
-9.7896,-118.5225,1.0500,1.0495
-9.6796,-118.4931,1.0496,1.0492
-9.5697,-118.4638,1.0492,1.0489
-9.4597,-118.4344,1.0488,1.0485
-9.3497,-118.4050,1.0484,1.0482
-9.2398,-118.3756,1.0480,1.0479
-9.1298,-118.3462,1.0477,1.0476
-9.0199,-118.3168,1.0474,1.0473
-8.9099,-118.2874,1.0470,1.0470
-8.8000,-118.2580,1.0468,1.0468
-8.6900,-118.2285,1.0465,1.0466
-8.5801,-118.1991,1.0463,1.0464
-8.4702,-118.1696,1.0461,1.0463
-8.3602,-118.1401,1.0460,1.0462
-8.2503,-118.1105,1.0459,1.0462
-8.1404,-118.0810,1.0459,1.0462
-8.0305,-118.0514,1.0458,1.0462
-7.9206,-118.0219,1.0459,1.0463
-7.8107,-117.9923,1.0459,1.0465
-7.7008,-117.9626,1.0460,1.0466
-7.5909,-117.9330,1.0462,1.0468
-7.4810,-117.9034,1.0463,1.0471
-7.3711,-117.8737,1.0465,1.0473
-7.2612,-117.8440,1.0467,1.0476
-7.1514,-117.8143,1.0469,1.0479
-7.0415,-117.7846,1.0472,1.0482
-6.9316,-117.7549,1.0474,1.0486
-6.8217,-117.7252,1.0477,1.0489
-6.7119,-117.6955,1.0480,1.0493
-6.6020,-117.6658,1.0483,1.0496
-6.4921,-117.6360,1.0486,1.0498
-6.3823,-117.6063,1.0489,1.0499
-6.2724,-117.5765,1.0492,1.0501
-6.1625,-117.5468,1.0495,1.0502
-6.0527,-117.5170,1.0497,1.0503
-5.9428,-117.4873,1.0500,1.0504
-5.8330,-117.4575,1.0503,1.0505
-5.7231,-117.4278,1.0505,1.0506
-5.6132,-117.3980,1.0507,1.0507
-5.5034,-117.3683,1.0509,1.0507
-5.3935,-117.3386,1.0511,1.0507
-5.2836,-117.3088,1.0513,1.0507
-5.1738,-117.2791,1.0515,1.0507
-5.0639,-117.2494,1.0516,1.0507
-4.9540,-117.2198,1.0517,1.0506
-4.8441,-117.1901,1.0515,1.0505
-4.7342,-117.1605,1.0514,1.0504
-4.6243,-117.1309,1.0512,1.0503
-4.5144,-117.1013,1.0510,1.0502
-4.4045,-117.0717,1.0508,1.0501
-4.2946,-117.0422,1.0506,1.0499
-4.1847,-117.0127,1.0504,1.0498
-4.0747,-116.9832,1.0502,1.0496
-3.9648,-116.9538,1.0499,1.0495
-3.8548,-116.9243,1.0497,1.0493
-3.7449,-116.8949,1.0495,1.0491
-3.6349,-116.8656,1.0493,1.0490
-3.5250,-116.8362,1.0491,1.0488
-3.4150,-116.8069,1.0489,1.0487
-3.3050,-116.7775,1.0487,1.0485
-3.1950,-116.7482,1.0485,1.0484
-3.0851,-116.7189,1.0483,1.0482
-2.9751,-116.6896,1.0481,1.0481
-2.8651,-116.6603,1.0480,1.0480
-2.7551,-116.6310,1.0478,1.0479
-2.6451,-116.6017,1.0477,1.0478
-2.5352,-116.5723,1.0476,1.0478
-2.4252,-116.5430,1.0474,1.0477
-2.3152,-116.5136,1.0474,1.0477
-2.2053,-116.4842,1.0473,1.0476
-2.0953,-116.4548,1.0472,1.0476
-1.9854,-116.4253,1.0472,1.0477
-1.8755,-116.3958,1.0472,1.0477
-1.7655,-116.3663,1.0472,1.0477
-1.6556,-116.3367,1.0472,1.0478
-1.5457,-116.3072,1.0472,1.0478
-1.4358,-116.2775,1.0472,1.0479
-1.3259,-116.2479,1.0473,1.0480
-1.2160,-116.2182,1.0473,1.0481
-1.1062,-116.1885,1.0474,1.0483
-0.9963,-116.1588,1.0474,1.0484
-0.8864,-116.1290,1.0475,1.0485
-0.7766,-116.0992,1.0476,1.0487
-0.6667,-116.0695,1.0477,1.0488
-0.5569,-116.0397,1.0479,1.0490
-0.4471,-116.0098,1.0480,1.0491
-0.3372,-115.9800,1.0481,1.0491
-0.2274,-115.9502,1.0483,1.0490
-0.1175,-115.9204,1.0484,1.0490
-0.0077,-115.8906,1.0486,1.0490
0.1022,-115.8608,1.0488,1.0490
0.2120,-115.8310,1.0490,1.0490
0.3219,-115.8012,1.0492,1.0491
0.4317,-115.7714,1.0494,1.0491
0.5416,-115.7417,1.0497,1.0491
0.6515,-115.7120,1.0499,1.0492
0.7613,-115.6823,1.0501,1.0492
0.8712,-115.6526,1.0503,1.0493
0.9811,-115.6229,1.0503,1.0494
1.0910,-115.5933,1.0503,1.0494
1.2009,-115.5637,1.0503,1.0495
1.3108,-115.5341,1.0503,1.0495
1.4207,-115.5046,1.0503,1.0495
1.5307,-115.4751,1.0502,1.0496
1.6406,-115.4456,1.0502,1.0496
1.7505,-115.4162,1.0501,1.0496
1.8605,-115.3868,1.0500,1.0495
1.9704,-115.3574,1.0499,1.0495
2.0804,-115.3280,1.0498,1.0494
2.1904,-115.2987,1.0496,1.0493
2.3004,-115.2693,1.0495,1.0492
2.4103,-115.2400,1.0493,1.0491
2.5203,-115.2107,1.0491,1.0490
2.6303,-115.1814,1.0489,1.0488
2.7403,-115.1521,1.0487,1.0487
2.8503,-115.1228,1.0485,1.0485
2.9602,-115.0935,1.0483,1.0483
3.0702,-115.0642,1.0481,1.0481
3.1802,-115.0349,1.0478,1.0479
3.2902,-115.0055,1.0476,1.0478
3.4001,-114.9762,1.0474,1.0476
3.5101,-114.9468,1.0472,1.0474
3.6200,-114.9174,1.0470,1.0472
3.7300,-114.8879,1.0468,1.0471
3.8399,-114.8585,1.0466,1.0470
3.9499,-114.8290,1.0465,1.0468
4.0598,-114.7995,1.0463,1.0467
4.1697,-114.7699,1.0462,1.0466
4.2796,-114.7404,1.0461,1.0466
4.3895,-114.7108,1.0460,1.0465
4.4994,-114.6812,1.0459,1.0465
4.6093,-114.6515,1.0459,1.0465
4.7192,-114.6219,1.0459,1.0466
4.8291,-114.5922,1.0459,1.0466
4.9390,-114.5625,1.0459,1.0467
5.0488,-114.5328,1.0460,1.0469
5.1587,-114.5031,1.0460,1.0470
5.2686,-114.4733,1.0462,1.0472
5.3784,-114.4436,1.0463,1.0474
5.4883,-114.4139,1.0465,1.0475
5.5982,-114.3841,1.0467,1.0475
5.7080,-114.3544,1.0469,1.0475
5.8179,-114.3246,1.0471,1.0476
5.9277,-114.2948,1.0474,1.0477
6.0376,-114.2651,1.0477,1.0478
6.1475,-114.2353,1.0480,1.0479
6.2573,-114.2056,1.0483,1.0480
6.3672,-114.1758,1.0486,1.0482
6.4770,-114.1461,1.0490,1.0483
6.5869,-114.1164,1.0493,1.0485
6.6968,-114.0866,1.0497,1.0487
6.8066,-114.0569,1.0498,1.0488
6.9165,-114.0272,1.0499,1.0490
7.0264,-113.9974,1.0500,1.0492
7.1362,-113.9677,1.0501,1.0493
7.2461,-113.9380,1.0502,1.0494
7.3560,-113.9083,1.0502,1.0495
7.4659,-113.8786,1.0503,1.0496
7.5757,-113.8489,1.0503,1.0497
7.6856,-113.8192,1.0502,1.0497
7.7955,-113.7895,1.0502,1.0497
7.9054,-113.7598,1.0501,1.0497
8.0152,-113.7301,1.0500,1.0497
8.1251,-113.7004,1.0499,1.0496
8.2350,-113.6708,1.0498,1.0495
8.3449,-113.6411,1.0496,1.0494
8.4548,-113.6115,1.0494,1.0493
8.5647,-113.5819,1.0492,1.0491
8.6746,-113.5523,1.0490,1.0490
8.7845,-113.5227,1.0488,1.0488
8.8944,-113.4932,1.0486,1.0486
9.0043,-113.4637,1.0483,1.0484
9.1143,-113.4341,1.0481,1.0482
9.2242,-113.4046,1.0479,1.0480
9.3341,-113.3752,1.0476,1.0478
9.4441,-113.3457,1.0474,1.0476
9.5540,-113.3163,1.0472,1.0475
9.6640,-113.2869,1.0470,1.0473
9.7739,-113.2575,1.0468,1.0472
9.8839,-113.2281,1.0467,1.0470
9.9939,-113.1987,1.0465,1.0469
10.1038,-113.1694,1.0464,1.0469
10.2138,-113.1401,1.0463,1.0468
10.3238,-113.1107,1.0463,1.0468
10.4338,-113.0814,1.0462,1.0468
10.5437,-113.0521,1.0462,1.0469
10.6537,-113.0228,1.0462,1.0470
10.7637,-112.9935,1.0463,1.0471
10.8737,-112.9642,1.0464,1.0473
10.9837,-112.9349,1.0465,1.0474
11.0936,-112.9056,1.0467,1.0477
11.2036,-112.8763,1.0469,1.0478
11.3136,-112.8470,1.0471,1.0478
11.4236,-112.8176,1.0473,1.0479
11.5335,-112.7883,1.0476,1.0480
11.6435,-112.7589,1.0479,1.0481
11.7535,-112.7296,1.0482,1.0482
11.8634,-112.7002,1.0485,1.0484
11.9734,-112.6708,1.0488,1.0485
12.0834,-112.6414,1.0492,1.0487
12.1933,-112.6120,1.0495,1.0489
12.3033,-112.5826,1.0499,1.0490
12.4132,-112.5532,1.0501,1.0492
12.5232,-112.5238,1.0502,1.0493
12.6331,-112.4943,1.0503,1.0495
12.7431,-112.4649,1.0504,1.0496
12.8530,-112.4354,1.0504,1.0497
12.9629,-112.4059,1.0504,1.0498
13.0728,-112.3764,1.0505,1.0499
13.1828,-112.3469,1.0504,1.0499
13.2927,-112.3173,1.0504,1.0499
13.4026,-112.2876,1.0503,1.0499
13.5124,-112.2579,1.0503,1.0499
13.6223,-112.2281,1.0501,1.0498
13.7321,-112.1983,1.0500,1.0497
13.8419,-112.1683,1.0498,1.0495
13.9517,-112.1382,1.0497,1.0494
14.0614,-112.1079,1.0495,1.0492
14.1711,-112.0775,1.0493,1.0490
14.2807,-112.0468,1.0490,1.0488
14.3902,-112.0160,1.0488,1.0486
14.4997,-111.9848,1.0486,1.0483
14.6091,-111.9533,1.0483,1.0481
14.7184,-111.9215,1.0481,1.0479
14.8275,-111.8893,1.0479,1.0476
14.9366,-111.8567,1.0477,1.0474
15.0455,-111.8236,1.0475,1.0472
15.1542,-111.7900,1.0474,1.0469
15.2628,-111.7558,1.0473,1.0468
15.3712,-111.7210,1.0473,1.0466
15.4793,-111.6856,1.0473,1.0465
15.5873,-111.6495,1.0472,1.0465
15.6949,-111.6126,1.0468,1.0465
15.8023,-111.5749,1.0463,1.0466
15.9095,-111.5365,1.0459,1.0466
16.0163,-111.4973,1.0455,1.0463
16.1229,-111.4572,1.0453,1.0459
16.2291,-111.4164,1.0451,1.0457
16.3350,-111.3747,1.0450,1.0455
16.4406,-111.3322,1.0449,1.0453
16.5459,-111.2889,1.0449,1.0452
16.6508,-111.2449,1.0450,1.0451
16.7554,-111.2001,1.0450,1.0451
16.8598,-111.1546,1.0452,1.0451
16.9638,-111.1085,1.0453,1.0452
17.0676,-111.0617,1.0455,1.0453
17.1711,-111.0143,1.0457,1.0454
17.2743,-110.9664,1.0459,1.0455
17.3773,-110.9180,1.0461,1.0456
17.4801,-110.8691,1.0463,1.0457
17.5827,-110.8198,1.0465,1.0459
17.6851,-110.7701,1.0466,1.0460
17.7873,-110.7200,1.0468,1.0461
17.8893,-110.6696,1.0469,1.0462
17.9912,-110.6189,1.0471,1.0464
18.0929,-110.5678,1.0472,1.0465
18.1945,-110.5165,1.0473,1.0465
18.2960,-110.4648,1.0474,1.0466
18.3973,-110.4129,1.0475,1.0467
18.4984,-110.3608,1.0475,1.0468
18.5994,-110.3083,1.0476,1.0468
18.7003,-110.2556,1.0476,1.0468
18.8010,-110.2026,1.0476,1.0468
18.9016,-110.1493,1.0476,1.0468
19.0020,-110.0957,1.0476,1.0468
19.1023,-110.0418,1.0476,1.0468
19.2024,-109.9876,1.0476,1.0468
19.3023,-109.9332,1.0476,1.0467
19.4020,-109.8784,1.0476,1.0467
19.5016,-109.8233,1.0475,1.0466
19.6010,-109.7678,1.0475,1.0465
19.7002,-109.7120,1.0473,1.0465
19.7993,-109.6559,1.0471,1.0464
19.8981,-109.5994,1.0469,1.0463
19.9967,-109.5426,1.0467,1.0463
20.0951,-109.4854,1.0465,1.0462
20.1933,-109.4278,1.0463,1.0462
20.2912,-109.3698,1.0461,1.0461
20.3889,-109.3114,1.0459,1.0461
20.4864,-109.2527,1.0458,1.0461
20.5836,-109.1935,1.0456,1.0462
20.6806,-109.1339,1.0454,1.0463
20.7773,-109.0739,1.0453,1.0463
20.8737,-109.0134,1.0452,1.0461
20.9698,-108.9525,1.0450,1.0459
21.0657,-108.8911,1.0449,1.0458
21.1612,-108.8292,1.0448,1.0456
21.2564,-108.7668,1.0447,1.0453
21.3512,-108.7039,1.0445,1.0451
21.4457,-108.6404,1.0443,1.0448
21.5398,-108.5764,1.0441,1.0444
21.6335,-108.5117,1.0438,1.0440
21.7267,-108.4464,1.0434,1.0435
21.8195,-108.3805,1.0429,1.0430
21.9117,-108.3138,1.0423,1.0424
22.0034,-108.2463,1.0416,1.0416
22.0944,-108.1780,1.0409,1.0408
22.1848,-108.1089,1.0400,1.0400
22.2745,-108.0388,1.0390,1.0390
22.3633,-107.9676,1.0378,1.0381
22.4512,-107.8953,1.0364,1.0367
22.5381,-107.8218,1.0339,1.0344
22.6239,-107.7470,1.0312,1.0320
22.7084,-107.6708,1.0283,1.0296
22.7917,-107.5931,1.0255,1.0271
22.8733,-107.5139,1.0226,1.0248
22.9531,-107.4327,1.0199,1.0230
23.0309,-107.3496,1.0177,1.0191
23.1066,-107.2646,1.0130,1.0155
23.1798,-107.1775,1.0089,1.0124
23.2498,-107.0878,1.0062,1.0103
23.3167,-106.9957,1.0035,1.0061
23.3800,-106.9011,0.9997,1.0028
23.4388,-106.8037,1.0000,1.0013
23.4932,-106.7037,0.9959,0.9978
23.5419,-106.6008,0.9974,0.9963
23.5852,-106.4956,0.9944,0.9950
23.6220,-106.3879,0.9973,0.9943
23.6528,-106.2784,0.9947,0.9956
23.6766,-106.1671,0.9975,0.9960
23.6944,-106.0547,0.9974,0.9984
23.7058,-105.9415,1.0007,1.0010
23.7116,-105.8278,1.0014,1.0039
23.7122,-105.7140,1.0067,1.0083
23.7078,-105.6003,1.0077,1.0115
23.6996,-105.4868,1.0116,1.0148
23.6876,-105.3736,1.0168,1.0190
23.6723,-105.2609,1.0201,1.0234
23.6544,-105.1485,1.0231,1.0259
23.6343,-105.0364,1.0263,1.0285
23.6121,-104.9248,1.0296,1.0311
23.5881,-104.8135,1.0324,1.0338
23.5627,-104.7026,1.0350,1.0363
23.5361,-104.5919,1.0374,1.0386
23.5086,-104.4815,1.0393,1.0406
23.4802,-104.3713,1.0410,1.0423
23.4510,-104.2612,1.0424,1.0433
23.4213,-104.1514,1.0436,1.0441
23.3911,-104.0416,1.0445,1.0448
23.3605,-103.9320,1.0453,1.0454
23.3296,-103.8225,1.0459,1.0460
23.2985,-103.7130,1.0463,1.0464
23.2671,-103.6036,1.0467,1.0468
23.2356,-103.4942,1.0469,1.0471
23.2039,-103.3849,1.0471,1.0474
23.1722,-103.2756,1.0472,1.0476
23.1405,-103.1663,1.0473,1.0478
23.1086,-103.0570,1.0473,1.0479
23.0768,-102.9477,1.0474,1.0481
23.0450,-102.8385,1.0474,1.0482
23.0131,-102.7292,1.0473,1.0483
22.9813,-102.6199,1.0473,1.0484
22.9495,-102.5106,1.0473,1.0485
22.9177,-102.4013,1.0473,1.0487
22.8859,-102.2920,1.0472,1.0488
22.8541,-102.1827,1.0472,1.0487
22.8224,-102.0734,1.0472,1.0486
22.7907,-101.9641,1.0472,1.0485
22.7590,-101.8548,1.0472,1.0483
22.7273,-101.7455,1.0472,1.0483
22.6956,-101.6362,1.0472,1.0482
22.6639,-101.5269,1.0473,1.0481
22.6322,-101.4175,1.0473,1.0480
22.6006,-101.3082,1.0473,1.0480
22.5689,-101.1989,1.0474,1.0479
22.5372,-101.0896,1.0474,1.0479
22.5055,-100.9803,1.0475,1.0478
22.4738,-100.8709,1.0475,1.0477
22.4421,-100.7616,1.0475,1.0477
22.4104,-100.6523,1.0476,1.0476
22.3786,-100.5430,1.0476,1.0475
22.3468,-100.4337,1.0476,1.0475
22.3150,-100.3245,1.0476,1.0474
22.2831,-100.2152,1.0476,1.0473
22.2512,-100.1059,1.0476,1.0472
22.2193,-99.9967,1.0475,1.0470
22.1873,-99.8875,1.0475,1.0469
22.1552,-99.7783,1.0474,1.0468
22.1231,-99.6691,1.0474,1.0466
22.0909,-99.5599,1.0473,1.0465
22.0587,-99.4507,1.0472,1.0464
22.0263,-99.3416,1.0472,1.0462
21.9939,-99.2325,1.0471,1.0461
21.9615,-99.1234,1.0471,1.0460
21.9289,-99.0144,1.0470,1.0459
21.8963,-98.9053,1.0470,1.0458
21.8636,-98.7963,1.0470,1.0457
21.8309,-98.6873,1.0470,1.0457
21.7981,-98.5783,1.0470,1.0456
21.7652,-98.4693,1.0471,1.0456
21.7323,-98.3604,1.0470,1.0456
21.6994,-98.2514,1.0469,1.0456
21.6665,-98.1425,1.0467,1.0456
21.6335,-98.0335,1.0466,1.0456
21.6006,-97.9246,1.0465,1.0456
21.5676,-97.8156,1.0464,1.0457
21.5347,-97.7067,1.0463,1.0457
21.5019,-97.5977,1.0463,1.0458
21.4691,-97.4887,1.0462,1.0459
21.4363,-97.3797,1.0461,1.0459
21.4036,-97.2707,1.0460,1.0460
21.3710,-97.1616,1.0459,1.0461
21.3385,-97.0525,1.0458,1.0462
21.3061,-96.9434,1.0457,1.0463
21.2738,-96.8343,1.0456,1.0464
21.2415,-96.7252,1.0456,1.0465
21.2094,-96.6160,1.0455,1.0466
21.1773,-96.5068,1.0454,1.0467
21.1453,-96.3975,1.0453,1.0467
21.1133,-96.2883,1.0452,1.0468
21.0814,-96.1790,1.0452,1.0467
21.0495,-96.0698,1.0451,1.0465
21.0176,-95.9605,1.0450,1.0463
20.9857,-95.8513,1.0449,1.0461
20.9536,-95.7421,1.0448,1.0460
20.9215,-95.6329,1.0447,1.0458
20.8892,-95.5238,1.0445,1.0457
20.8566,-95.4147,1.0444,1.0455
20.8238,-95.3057,1.0442,1.0454
20.7907,-95.1968,1.0440,1.0453
20.7571,-95.0881,1.0438,1.0452
20.7231,-94.9794,1.0435,1.0451
20.6886,-94.8710,1.0433,1.0447
20.6534,-94.7627,1.0430,1.0442
20.6176,-94.6547,1.0427,1.0437
20.5809,-94.5469,1.0424,1.0431
20.5434,-94.4395,1.0421,1.0425
20.5050,-94.3324,1.0420,1.0419
20.4655,-94.2256,1.0420,1.0413
20.4249,-94.1193,1.0420,1.0408
20.3830,-94.0134,1.0418,1.0403
20.3398,-93.9081,1.0407,1.0401
20.2952,-93.8034,1.0397,1.0399
20.2492,-93.6993,1.0390,1.0398
20.2016,-93.5959,1.0384,1.0398
20.1525,-93.4933,1.0379,1.0391
20.1017,-93.3914,1.0381,1.0380
20.0491,-93.2905,1.0383,1.0373
19.9947,-93.1905,1.0383,1.0369
19.9384,-93.0916,1.0370,1.0367
19.8804,-92.9937,1.0363,1.0367
19.8205,-92.8969,1.0358,1.0370
19.7587,-92.8013,1.0359,1.0363
19.6950,-92.7070,1.0363,1.0355
19.6292,-92.6141,1.0367,1.0350
19.5616,-92.5226,1.0353,1.0349
19.4921,-92.4325,1.0346,1.0349
19.4207,-92.3438,1.0342,1.0353
19.3475,-92.2566,1.0346,1.0345
19.2723,-92.1713,1.0349,1.0338
19.1952,-92.0875,1.0344,1.0333
19.1163,-92.0054,1.0332,1.0331
19.0357,-91.9251,1.0325,1.0331
18.9534,-91.8465,1.0325,1.0333
18.8692,-91.7699,1.0328,1.0322
18.7833,-91.6953,1.0330,1.0316
18.6957,-91.6226,1.0317,1.0312
18.6066,-91.5518,1.0310,1.0312
18.5159,-91.4831,1.0311,1.0316
18.4235,-91.4166,1.0317,1.0315
18.3296,-91.3522,1.0324,1.0310
18.2344,-91.2899,1.0314,1.0308
18.1378,-91.2298,1.0311,1.0310
18.0399,-91.1717,1.0316,1.0315
17.9406,-91.1160,1.0324,1.0327
17.8401,-91.0625,1.0338,1.0326
17.7386,-91.0111,1.0331,1.0325
17.6360,-90.9618,1.0330,1.0327
17.5324,-90.9147,1.0333,1.0332
17.4278,-90.8699,1.0339,1.0341
17.3223,-90.8272,1.0348,1.0353
17.2159,-90.7866,1.0359,1.0351
17.1088,-90.7481,1.0355,1.0349
17.0010,-90.7116,1.0353,1.0350
16.8925,-90.6775,1.0354,1.0355
16.7833,-90.6454,1.0359,1.0362
16.6735,-90.6154,1.0366,1.0371
16.5632,-90.5873,1.0380,1.0375
16.4524,-90.5613,1.0378,1.0373
16.3411,-90.5372,1.0376,1.0373
16.2295,-90.5151,1.0376,1.0376
16.1175,-90.4950,1.0382,1.0382
16.0051,-90.4767,1.0390,1.0390
15.8925,-90.4601,1.0399,1.0400
15.7797,-90.4452,1.0413,1.0412
15.6667,-90.4319,1.0419,1.0419
15.5534,-90.4202,1.0422,1.0421
15.4401,-90.4100,1.0426,1.0425
15.3266,-90.4011,1.0431,1.0430
15.2130,-90.3936,1.0437,1.0436
15.0994,-90.3873,1.0444,1.0443
14.9857,-90.3822,1.0452,1.0450
14.8720,-90.3781,1.0460,1.0458
14.7582,-90.3750,1.0467,1.0465
14.6444,-90.3728,1.0474,1.0473
14.5306,-90.3713,1.0481,1.0479
14.4168,-90.3706,1.0487,1.0486
14.3029,-90.3705,1.0492,1.0492
14.1891,-90.3710,1.0497,1.0497
14.0753,-90.3720,1.0501,1.0501
13.9615,-90.3735,1.0504,1.0505
13.8477,-90.3753,1.0506,1.0508
13.7339,-90.3775,1.0508,1.0510
13.6201,-90.3799,1.0509,1.0512
13.5063,-90.3826,1.0509,1.0513
13.3925,-90.3854,1.0509,1.0513
13.2788,-90.3884,1.0509,1.0513
13.1650,-90.3915,1.0509,1.0513
13.0512,-90.3947,1.0508,1.0512
12.9374,-90.3979,1.0507,1.0511
12.8237,-90.4012,1.0506,1.0510
12.7099,-90.4045,1.0505,1.0508
12.5961,-90.4077,1.0504,1.0507
12.4823,-90.4109,1.0503,1.0506
12.3686,-90.4141,1.0503,1.0505
12.2548,-90.4173,1.0502,1.0504
12.1410,-90.4204,1.0502,1.0504
12.0272,-90.4234,1.0502,1.0504
11.9135,-90.4264,1.0502,1.0504
11.7997,-90.4293,1.0503,1.0504
11.6859,-90.4322,1.0504,1.0505
11.5721,-90.4351,1.0505,1.0506
11.4583,-90.4379,1.0507,1.0507
11.3446,-90.4406,1.0508,1.0509
11.2308,-90.4434,1.0510,1.0511
11.1170,-90.4461,1.0512,1.0512
11.0032,-90.4487,1.0514,1.0514
10.8894,-90.4514,1.0516,1.0516
10.7756,-90.4540,1.0517,1.0517
10.6618,-90.4566,1.0519,1.0518
10.5480,-90.4592,1.0520,1.0520
10.4343,-90.4618,1.0521,1.0520
10.3205,-90.4644,1.0522,1.0521
10.2067,-90.4669,1.0523,1.0521
10.0929,-90.4695,1.0523,1.0522
9.9791,-90.4720,1.0523,1.0521
9.8653,-90.4745,1.0523,1.0521
9.7515,-90.4769,1.0523,1.0521
9.6377,-90.4793,1.0523,1.0520
9.5239,-90.4818,1.0523,1.0520
9.4101,-90.4842,1.0522,1.0519
9.2963,-90.4865,1.0522,1.0519
9.1825,-90.4889,1.0522,1.0519
9.0688,-90.4913,1.0522,1.0519
8.9550,-90.4936,1.0522,1.0519
8.8412,-90.4960,1.0523,1.0520
8.7274,-90.4983,1.0524,1.0520
8.6136,-90.5007,1.0525,1.0521
8.4998,-90.5031,1.0526,1.0523
8.3860,-90.5055,1.0528,1.0524
8.2722,-90.5079,1.0529,1.0526
8.1584,-90.5103,1.0529,1.0527
8.0446,-90.5128,1.0529,1.0529
7.9308,-90.5153,1.0529,1.0530
7.8170,-90.5178,1.0529,1.0532
7.7032,-90.5203,1.0528,1.0534
7.5895,-90.5229,1.0528,1.0533
7.4757,-90.5255,1.0527,1.0533
7.3619,-90.5280,1.0526,1.0532
7.2481,-90.5306,1.0525,1.0530
7.1343,-90.5333,1.0524,1.0529
7.0205,-90.5359,1.0522,1.0528
6.9067,-90.5385,1.0521,1.0526
6.7929,-90.5411,1.0520,1.0524
6.6791,-90.5437,1.0518,1.0523
6.5654,-90.5464,1.0517,1.0521
6.4516,-90.5490,1.0516,1.0520
6.3378,-90.5517,1.0514,1.0518
6.2240,-90.5543,1.0514,1.0517
6.1102,-90.5570,1.0513,1.0516
5.9964,-90.5597,1.0512,1.0515
5.8826,-90.5624,1.0512,1.0514
5.7689,-90.5651,1.0511,1.0513
5.6551,-90.5678,1.0511,1.0513
5.5413,-90.5706,1.0511,1.0513
5.4275,-90.5734,1.0511,1.0513
5.3137,-90.5762,1.0511,1.0512
5.1999,-90.5790,1.0512,1.0513
5.0861,-90.5818,1.0512,1.0513
4.9724,-90.5847,1.0512,1.0513
4.8586,-90.5875,1.0513,1.0513
4.7448,-90.5904,1.0513,1.0513
4.6310,-90.5932,1.0513,1.0513
4.5172,-90.5961,1.0514,1.0513
4.4035,-90.5990,1.0514,1.0514
4.2897,-90.6018,1.0515,1.0514
4.1759,-90.6047,1.0516,1.0514
4.0621,-90.6075,1.0516,1.0515
3.9483,-90.6104,1.0517,1.0515
3.8345,-90.6132,1.0518,1.0516
3.7208,-90.6161,1.0519,1.0517
3.6070,-90.6189,1.0520,1.0517
3.4932,-90.6217,1.0521,1.0518
3.3794,-90.6246,1.0521,1.0519
3.2656,-90.6274,1.0522,1.0519
3.1518,-90.6303,1.0523,1.0520
3.0381,-90.6331,1.0524,1.0521
2.9243,-90.6359,1.0525,1.0521
2.8105,-90.6387,1.0526,1.0522
2.6967,-90.6416,1.0526,1.0522
2.5829,-90.6444,1.0527,1.0522
2.4691,-90.6472,1.0528,1.0523
2.3554,-90.6500,1.0528,1.0523
2.2416,-90.6528,1.0529,1.0523
2.1278,-90.6556,1.0530,1.0524
2.0140,-90.6584,1.0528,1.0524
1.9002,-90.6612,1.0527,1.0525
1.7864,-90.6639,1.0525,1.0526
1.6727,-90.6667,1.0524,1.0526
1.5589,-90.6695,1.0523,1.0527
1.4451,-90.6722,1.0522,1.0528
1.3313,-90.6750,1.0521,1.0528
1.2175,-90.6778,1.0520,1.0527
1.1037,-90.6806,1.0520,1.0526
0.9900,-90.6834,1.0519,1.0525
0.8762,-90.6862,1.0519,1.0525
0.7624,-90.6890,1.0518,1.0524
0.6486,-90.6918,1.0518,1.0523
0.5348,-90.6946,1.0517,1.0522
0.4210,-90.6974,1.0517,1.0522
0.3072,-90.7002,1.0516,1.0521
0.1935,-90.7030,1.0516,1.0520
0.0797,-90.7058,1.0516,1.0520
-0.0341,-90.7086,1.0515,1.0519
-0.1479,-90.7114,1.0515,1.0518
-0.2617,-90.7142,1.0515,1.0518
-0.3755,-90.7170,1.0515,1.0517
-0.4892,-90.7198,1.0515,1.0517
-0.6030,-90.7226,1.0515,1.0517
-0.7168,-90.7253,1.0515,1.0517
-0.8306,-90.7281,1.0515,1.0517
-0.9444,-90.7308,1.0516,1.0517
-1.0582,-90.7335,1.0516,1.0517
-1.1719,-90.7363,1.0517,1.0517
-1.2857,-90.7390,1.0517,1.0517
-1.3995,-90.7417,1.0518,1.0517
-1.5133,-90.7444,1.0518,1.0517
-1.6271,-90.7471,1.0519,1.0518
-1.7409,-90.7498,1.0519,1.0518
-1.8547,-90.7525,1.0519,1.0518
-1.9685,-90.7551,1.0520,1.0517
-2.0822,-90.7578,1.0520,1.0517
-2.1960,-90.7604,1.0520,1.0517
-2.3098,-90.7630,1.0520,1.0517
-2.4236,-90.7656,1.0520,1.0517
-2.5374,-90.7681,1.0521,1.0517
-2.6512,-90.7706,1.0521,1.0517
-2.7650,-90.7731,1.0521,1.0517
-2.8788,-90.7756,1.0522,1.0517
-2.9926,-90.7780,1.0523,1.0518
-3.1064,-90.7804,1.0524,1.0518
-3.2201,-90.7828,1.0525,1.0520
-3.3339,-90.7852,1.0527,1.0521
-3.4477,-90.7875,1.0528,1.0522
-3.5615,-90.7899,1.0530,1.0524
-3.6753,-90.7922,1.0532,1.0526
-3.7891,-90.7946,1.0533,1.0528
-3.9029,-90.7969,1.0533,1.0530
-4.0167,-90.7993,1.0533,1.0532
-4.1305,-90.8016,1.0532,1.0534
-4.2443,-90.8039,1.0532,1.0535
-4.3581,-90.8062,1.0531,1.0536
-4.4719,-90.8085,1.0530,1.0537
-4.5857,-90.8108,1.0528,1.0538
-4.6995,-90.8131,1.0526,1.0536
-4.8133,-90.8153,1.0524,1.0533
-4.9271,-90.8174,1.0521,1.0530
-5.0409,-90.8195,1.0518,1.0526
-5.1547,-90.8215,1.0514,1.0522
-5.2685,-90.8235,1.0510,1.0518
-5.3823,-90.8253,1.0506,1.0513
-5.4961,-90.8271,1.0502,1.0508
-5.6099,-90.8288,1.0497,1.0502
-5.7237,-90.8304,1.0492,1.0497
-5.8375,-90.8319,1.0488,1.0491
-5.9513,-90.8332,1.0483,1.0486
-6.0651,-90.8345,1.0479,1.0481
-6.1789,-90.8357,1.0474,1.0476
-6.2927,-90.8367,1.0470,1.0471
-6.4066,-90.8376,1.0466,1.0466
-6.5204,-90.8385,1.0463,1.0462
-6.6342,-90.8392,1.0460,1.0458
-6.7480,-90.8399,1.0457,1.0454
-6.8618,-90.8404,1.0454,1.0451
-6.9756,-90.8409,1.0452,1.0449
-7.0895,-90.8414,1.0450,1.0446
-7.2033,-90.8417,1.0449,1.0444
-7.3171,-90.8420,1.0447,1.0443
-7.4309,-90.8423,1.0447,1.0441
-7.5447,-90.8425,1.0446,1.0440
-7.6585,-90.8427,1.0446,1.0440
-7.7724,-90.8428,1.0446,1.0439
-7.8862,-90.8429,1.0446,1.0439
-8.0000,-90.8430,1.0446,1.0439
-8.1138,-90.8431,1.0446,1.0439
-8.2276,-90.8431,1.0447,1.0440
-8.3415,-90.8432,1.0448,1.0440
-8.4553,-90.8432,1.0449,1.0441
-8.5691,-90.8432,1.0449,1.0442
-8.6829,-90.8432,1.0448,1.0443
-8.7967,-90.8431,1.0447,1.0444
-8.9105,-90.8431,1.0446,1.0445
-9.0244,-90.8430,1.0446,1.0447
-9.1382,-90.8430,1.0446,1.0449
-9.2520,-90.8429,1.0446,1.0451
-9.3658,-90.8428,1.0446,1.0454
-9.4796,-90.8426,1.0447,1.0456
-9.5935,-90.8425,1.0448,1.0456
-9.7073,-90.8423,1.0449,1.0457
-9.8211,-90.8420,1.0451,1.0458
-9.9349,-90.8417,1.0453,1.0459
-10.0487,-90.8414,1.0456,1.0461
-10.1625,-90.8410,1.0459,1.0463
-10.2764,-90.8406,1.0463,1.0466
-10.3902,-90.8401,1.0467,1.0470
-10.5040,-90.8396,1.0472,1.0474
-10.6178,-90.8390,1.0478,1.0479
-10.7316,-90.8384,1.0484,1.0485
-10.8454,-90.8377,1.0490,1.0491
-10.9593,-90.8369,1.0498,1.0498
-11.0731,-90.8361,1.0506,1.0506
-11.1869,-90.8353,1.0514,1.0514
-11.3007,-90.8344,1.0523,1.0522
-11.4145,-90.8335,1.0532,1.0531
-11.5283,-90.8325,1.0541,1.0540
-11.6422,-90.8316,1.0551,1.0550
-11.7560,-90.8307,1.0560,1.0559
-11.8698,-90.8298,1.0569,1.0568
-11.9836,-90.8289,1.0579,1.0577
-12.0974,-90.8281,1.0587,1.0586
-12.2112,-90.8273,1.0595,1.0594
-12.3250,-90.8266,1.0603,1.0602
-12.4389,-90.8260,1.0610,1.0608
-12.5527,-90.8256,1.0616,1.0614
-12.6665,-90.8252,1.0621,1.0619
-12.7803,-90.8250,1.0624,1.0622
-12.8941,-90.8249,1.0627,1.0624
-13.0079,-90.8250,1.0629,1.0626
-13.1218,-90.8252,1.0629,1.0626
-13.2356,-90.8257,1.0628,1.0624
-13.3494,-90.8263,1.0627,1.0622
-13.4632,-90.8270,1.0624,1.0618
-13.5770,-90.8280,1.0620,1.0614
-13.6908,-90.8291,1.0615,1.0609
-13.8047,-90.8305,1.0609,1.0603
-13.9185,-90.8320,1.0603,1.0596
-14.0323,-90.8337,1.0596,1.0589
-14.1461,-90.8356,1.0589,1.0582
-14.2599,-90.8377,1.0582,1.0574
-14.3737,-90.8400,1.0574,1.0566
-14.4875,-90.8424,1.0567,1.0559
-14.6012,-90.8451,1.0559,1.0551
-14.7150,-90.8479,1.0552,1.0544
-14.8288,-90.8509,1.0545,1.0537
-14.9426,-90.8540,1.0539,1.0531
-15.0563,-90.8573,1.0533,1.0525
-15.1701,-90.8608,1.0527,1.0519
-15.2839,-90.8645,1.0522,1.0515
-15.3976,-90.8683,1.0518,1.0510
-15.5114,-90.8722,1.0514,1.0506
-15.6251,-90.8763,1.0510,1.0503
-15.7389,-90.8806,1.0507,1.0500
-15.8526,-90.8850,1.0505,1.0497
-15.9663,-90.8895,1.0503,1.0495
-16.0800,-90.8941,1.0501,1.0494
-16.1938,-90.8988,1.0500,1.0492
-16.3075,-90.9037,1.0499,1.0491
-16.4212,-90.9086,1.0498,1.0490
-16.5349,-90.9137,1.0498,1.0490
-16.6486,-90.9188,1.0498,1.0489
-16.7623,-90.9240,1.0498,1.0489
-16.8760,-90.9293,1.0498,1.0489
-16.9897,-90.9346,1.0498,1.0489
-17.1034,-90.9401,1.0499,1.0489
-17.2171,-90.9455,1.0499,1.0489
-17.3307,-90.9511,1.0498,1.0489
-17.4444,-90.9567,1.0497,1.0490
-17.5581,-90.9623,1.0495,1.0490
-17.6718,-90.9680,1.0494,1.0490
-17.7855,-90.9738,1.0493,1.0490
-17.8991,-90.9796,1.0492,1.0491
-18.0128,-90.9854,1.0491,1.0491
-18.1265,-90.9913,1.0489,1.0491
-18.2401,-90.9973,1.0488,1.0491
-18.3538,-91.0033,1.0487,1.0491
-18.4674,-91.0095,1.0485,1.0490
-18.5811,-91.0156,1.0484,1.0490
-18.6947,-91.0219,1.0482,1.0490
-18.8084,-91.0283,1.0481,1.0489
-18.9220,-91.0348,1.0479,1.0489
-19.0356,-91.0414,1.0478,1.0488
-19.1492,-91.0482,1.0477,1.0487
-19.2628,-91.0551,1.0475,1.0486
-19.3764,-91.0621,1.0474,1.0485
-19.4900,-91.0694,1.0473,1.0484
-19.6036,-91.0768,1.0471,1.0482
-19.7172,-91.0844,1.0470,1.0481
-19.8307,-91.0923,1.0469,1.0480
-19.9443,-91.1004,1.0468,1.0478
-20.0578,-91.1087,1.0467,1.0477
-20.1713,-91.1174,1.0466,1.0476
-20.2847,-91.1263,1.0465,1.0475
-20.3982,-91.1355,1.0464,1.0473
-20.5116,-91.1451,1.0463,1.0471
-20.6250,-91.1550,1.0462,1.0469
-20.7383,-91.1653,1.0461,1.0467
-20.8516,-91.1760,1.0460,1.0465
-20.9649,-91.1871,1.0460,1.0463
-21.0781,-91.1986,1.0459,1.0461
-21.1913,-91.2106,1.0458,1.0458
-21.3045,-91.2231,1.0458,1.0455
-21.4175,-91.2360,1.0457,1.0453
-21.5306,-91.2495,1.0457,1.0450
-21.6435,-91.2635,1.0457,1.0447
-21.7564,-91.2780,1.0457,1.0445
-21.8692,-91.2932,1.0454,1.0442
-21.9819,-91.3089,1.0450,1.0440
-22.0946,-91.3253,1.0447,1.0437
-22.2071,-91.3423,1.0443,1.0435
-22.3195,-91.3599,1.0440,1.0433
-22.4319,-91.3782,1.0437,1.0432
-22.5441,-91.3972,1.0434,1.0430
-22.6562,-91.4170,1.0431,1.0429
-22.7682,-91.4374,1.0429,1.0428
-22.8800,-91.4586,1.0428,1.0427
-22.9917,-91.4806,1.0427,1.0427
-23.1032,-91.5034,1.0426,1.0428
-23.2145,-91.5270,1.0425,1.0428
-23.3257,-91.5514,1.0426,1.0430
-23.4367,-91.5766,1.0426,1.0431
-23.5475,-91.6027,1.0428,1.0434
-23.6580,-91.6297,1.0430,1.0437
-23.7684,-91.6576,1.0434,1.0440
-23.8785,-91.6864,1.0439,1.0442
-23.9884,-91.7161,1.0444,1.0441
-24.0980,-91.7469,1.0450,1.0440
-24.2073,-91.7785,1.0448,1.0440
-24.3163,-91.8111,1.0446,1.0441
-24.4251,-91.8447,1.0446,1.0442
-24.5335,-91.8793,1.0447,1.0444
-24.6416,-91.9149,1.0448,1.0447
-24.7494,-91.9514,1.0450,1.0449
-24.8569,-91.9889,1.0453,1.0453
-24.9640,-92.0275,1.0455,1.0456
-25.0707,-92.0670,1.0458,1.0460
-25.1770,-92.1076,1.0463,1.0464
-25.2830,-92.1492,1.0467,1.0468
-25.3885,-92.1919,1.0470,1.0473
-25.4936,-92.2356,1.0474,1.0479
-25.5982,-92.2803,1.0478,1.0476
-25.7024,-92.3261,1.0479,1.0472
-25.8062,-92.3730,1.0474,1.0469
-25.9094,-92.4209,1.0470,1.0466
-26.0122,-92.4698,1.0466,1.0463
-26.1144,-92.5198,1.0462,1.0460
-26.2162,-92.5708,1.0459,1.0458
-26.3174,-92.6229,1.0456,1.0456
-26.4180,-92.6761,1.0454,1.0456
-26.5181,-92.7303,1.0454,1.0456
-26.6176,-92.7855,1.0454,1.0458
-26.7165,-92.8418,1.0455,1.0460
-26.8149,-92.8990,1.0458,1.0463
-26.9128,-92.9571,1.0462,1.0465
-27.0100,-93.0162,1.0465,1.0462
-27.1068,-93.0762,1.0463,1.0461
-27.2030,-93.1370,1.0462,1.0461
-27.2987,-93.1986,1.0463,1.0461
-27.3939,-93.2610,1.0464,1.0463
-27.4886,-93.3242,1.0466,1.0465
-27.5828,-93.3880,1.0468,1.0467
-27.6766,-93.4525,1.0471,1.0471
-27.7699,-93.5176,1.0474,1.0474
-27.8628,-93.5833,1.0477,1.0477
-27.9554,-93.6496,1.0481,1.0481
-28.0475,-93.7164,1.0484,1.0484
-28.1393,-93.7837,1.0487,1.0487
-28.2307,-93.8515,1.0489,1.0490
-28.3218,-93.9198,1.0492,1.0492
-28.4125,-93.9886,1.0494,1.0495
-28.5028,-94.0578,1.0495,1.0497
-28.5928,-94.1275,1.0497,1.0499
-28.6824,-94.1978,1.0499,1.0501
-28.7715,-94.2685,1.0500,1.0503
-28.8603,-94.3397,1.0502,1.0505
-28.9486,-94.4115,1.0504,1.0507
-29.0365,-94.4839,1.0506,1.0509
-29.1238,-94.5568,1.0509,1.0511
-29.2107,-94.6304,1.0510,1.0508
-29.2970,-94.7046,1.0507,1.0505
-29.3827,-94.7795,1.0505,1.0503
-29.4678,-94.8551,1.0502,1.0501
-29.5522,-94.9315,1.0500,1.0499
-29.6359,-95.0085,1.0498,1.0497
-29.7189,-95.0864,1.0496,1.0496
-29.8012,-95.1650,1.0495,1.0495
-29.8827,-95.2445,1.0495,1.0495
-29.9634,-95.3247,1.0495,1.0495
-30.0433,-95.4058,1.0497,1.0495
-30.1224,-95.4877,1.0498,1.0497
-30.2006,-95.5704,1.0500,1.0499
-30.2780,-95.6539,1.0502,1.0502
-30.3545,-95.7381,1.0505,1.0505
-30.4303,-95.8230,1.0503,1.0501
-30.5053,-95.9086,1.0499,1.0497
-30.5796,-95.9948,1.0495,1.0494
-30.6532,-96.0817,1.0492,1.0492
-30.7262,-96.1690,1.0490,1.0490
-30.7986,-96.2568,1.0488,1.0488
-30.8705,-96.3450,1.0487,1.0487
-30.9420,-96.4336,1.0486,1.0485
-31.0132,-96.5224,1.0484,1.0484
-31.0841,-96.6114,1.0482,1.0482
-31.1549,-96.7005,1.0480,1.0479
-31.2257,-96.7897,1.0477,1.0477
-31.2965,-96.8788,1.0474,1.0473
-31.3674,-96.9678,1.0470,1.0469
-31.4386,-97.0566,1.0466,1.0464
-31.5101,-97.1452,1.0462,1.0459
-31.5819,-97.2334,1.0457,1.0454
-31.6543,-97.3213,1.0445,1.0449
-31.7272,-97.4087,1.0430,1.0444
-31.8008,-97.4955,1.0416,1.0431
-31.8752,-97.5817,1.0403,1.0414
-31.9502,-97.6672,1.0390,1.0397
-32.0262,-97.7520,1.0377,1.0381
-32.1029,-97.8361,1.0365,1.0366
-32.1806,-97.9192,1.0355,1.0352
-32.2593,-98.0015,1.0347,1.0341
-32.3389,-98.0829,1.0329,1.0333
-32.4195,-98.1632,1.0310,1.0329
-32.5014,-98.2423,1.0298,1.0309
-32.5843,-98.3202,1.0284,1.0289
-32.6683,-98.3970,1.0273,1.0273
-32.7534,-98.4726,1.0267,1.0262
-32.8396,-98.5469,1.0264,1.0257
-32.9269,-98.6200,1.0248,1.0258
-33.0155,-98.6914,1.0239,1.0251
-33.1053,-98.7614,1.0230,1.0234
-33.1962,-98.8298,1.0225,1.0224
-33.2882,-98.8968,1.0225,1.0221
-33.3813,-98.9623,1.0229,1.0224
-33.4755,-99.0262,1.0222,1.0235
-33.5709,-99.0882,1.0219,1.0227
-33.6675,-99.1484,1.0215,1.0218
-33.7651,-99.2069,1.0217,1.0216
-33.8637,-99.2637,1.0225,1.0221
-33.9633,-99.3188,1.0233,1.0232
-34.0639,-99.3721,1.0227,1.0239
-34.1655,-99.4235,1.0227,1.0233
-34.2681,-99.4727,1.0228,1.0230
-34.3715,-99.5201,1.0235,1.0232
-34.4758,-99.5657,1.0247,1.0239
-34.5809,-99.6094,1.0244,1.0252
-34.6868,-99.6512,1.0240,1.0248
-34.7934,-99.6911,1.0241,1.0243
-34.9007,-99.7290,1.0241,1.0240
-35.0088,-99.7647,1.0247,1.0241
-35.1174,-99.7986,1.0252,1.0246
-35.2267,-99.8305,1.0241,1.0254
-35.3365,-99.8605,1.0236,1.0242
-35.4467,-99.8886,1.0236,1.0234
-35.5575,-99.9148,1.0234,1.0231
-35.6688,-99.9387,1.0236,1.0229
-35.7805,-99.9606,1.0228,1.0231
-35.8925,-99.9805,1.0217,1.0230
-36.0049,-99.9985,1.0210,1.0215
-36.1176,-100.0145,1.0210,1.0205
-36.2305,-100.0286,1.0209,1.0200
-36.3437,-100.0405,1.0197,1.0200
-36.4571,-100.0501,1.0190,1.0202
-36.5707,-100.0576,1.0181,1.0192
-36.6844,-100.0631,1.0177,1.0178
-36.7981,-100.0666,1.0180,1.0169
-36.9119,-100.0680,1.0171,1.0168
-37.0258,-100.0673,1.0160,1.0173
-37.1395,-100.0640,1.0155,1.0172
-37.2532,-100.0587,1.0151,1.0156
-37.3668,-100.0512,1.0154,1.0147
-37.4802,-100.0416,1.0154,1.0145
-37.5934,-100.0299,1.0142,1.0151
-37.7063,-100.0158,1.0140,1.0161
-37.8189,-99.9993,1.0137,1.0145
-37.9312,-99.9805,1.0141,1.0137
-38.0431,-99.9596,1.0149,1.0136
-38.1545,-99.9366,1.0138,1.0144
-38.2655,-99.9114,1.0135,1.0158
-38.3759,-99.8838,1.0136,1.0146
-38.4857,-99.8537,1.0142,1.0139
-38.5949,-99.8215,1.0154,1.0140
-38.7034,-99.7871,1.0145,1.0148
-38.8112,-99.7506,1.0143,1.0163
-38.9182,-99.7120,1.0148,1.0155
-39.0244,-99.6710,1.0152,1.0151
-39.1297,-99.6277,1.0165,1.0152
-39.2341,-99.5824,1.0159,1.0160
-39.3376,-99.5350,1.0158,1.0176
-39.4401,-99.4857,1.0163,1.0168
-39.5417,-99.4344,1.0170,1.0166
-39.6422,-99.3809,1.0178,1.0169
-39.7415,-99.3253,1.0179,1.0176
-39.8397,-99.2678,1.0177,1.0191
-39.9369,-99.2086,1.0182,1.0188
-40.0330,-99.1477,1.0193,1.0186
-40.1280,-99.0850,1.0201,1.0190
-40.2217,-99.0203,1.0203,1.0198
-40.3142,-98.9539,1.0204,1.0211
-40.4055,-98.8860,1.0208,1.0220
-40.4956,-98.8166,1.0219,1.0218
-40.5847,-98.7457,1.0231,1.0222
-40.6725,-98.6733,1.0240,1.0232
-40.7589,-98.5992,1.0246,1.0244
-40.8442,-98.5238,1.0249,1.0260
-40.9283,-98.4471,1.0258,1.0271
-41.0112,-98.3691,1.0271,1.0273
-41.0929,-98.2899,1.0284,1.0280
-41.1735,-98.2096,1.0299,1.0292
-41.2527,-98.1278,1.0309,1.0305
-41.3307,-98.0450,1.0314,1.0322
-41.4076,-97.9610,1.0324,1.0342
-41.4833,-97.8761,1.0337,1.0347
-41.5579,-97.7901,1.0352,1.0353
-41.6314,-97.7032,1.0366,1.0363
-41.7038,-97.6153,1.0382,1.0375
-41.7749,-97.5265,1.0390,1.0387
-41.8449,-97.4368,1.0396,1.0402
-41.9139,-97.3462,1.0405,1.0418
-41.9819,-97.2550,1.0415,1.0433
-42.0489,-97.1630,1.0427,1.0436
-42.1150,-97.0703,1.0439,1.0440
-42.1801,-96.9769,1.0451,1.0446
-42.2444,-96.8830,1.0463,1.0452
-42.3078,-96.7885,1.0465,1.0459
-42.3704,-96.6934,1.0468,1.0466
-42.4323,-96.5979,1.0471,1.0472
-42.4934,-96.5019,1.0474,1.0479
-42.5540,-96.4055,1.0478,1.0485
-42.6140,-96.3088,1.0481,1.0491
-42.6734,-96.2118,1.0484,1.0497
-42.7325,-96.1144,1.0488,1.0502
-42.7911,-96.0169,1.0491,1.0501
-42.8493,-95.9191,1.0494,1.0499
-42.9073,-95.8211,1.0496,1.0497
-42.9650,-95.7230,1.0498,1.0496
-43.0225,-95.6248,1.0500,1.0494
-43.0798,-95.5264,1.0501,1.0492
-43.1369,-95.4280,1.0501,1.0490
-43.1940,-95.3296,1.0498,1.0488
-43.2510,-95.2311,1.0496,1.0486
-43.3080,-95.1325,1.0493,1.0484
-43.3650,-95.0340,1.0491,1.0483
-43.4219,-94.9354,1.0489,1.0481
-43.4789,-94.8369,1.0487,1.0479
-43.5359,-94.7384,1.0485,1.0478
-43.5929,-94.6399,1.0483,1.0476
-43.6500,-94.5414,1.0481,1.0475
-43.7072,-94.4430,1.0480,1.0474
-43.7643,-94.3446,1.0479,1.0473
-43.8216,-94.2462,1.0478,1.0473
-43.8789,-94.1478,1.0477,1.0472
-43.9362,-94.0495,1.0476,1.0472
-43.9936,-93.9512,1.0475,1.0472
-44.0510,-93.8529,1.0475,1.0472
-44.1084,-93.7547,1.0474,1.0472
-44.1658,-93.6564,1.0474,1.0472
-44.2233,-93.5582,1.0474,1.0472
-44.2808,-93.4599,1.0473,1.0473
-44.3382,-93.3617,1.0473,1.0473
-44.3957,-93.2634,1.0473,1.0473
-44.4531,-93.1651,1.0472,1.0473
-44.5105,-93.0668,1.0472,1.0474
-44.5678,-92.9685,1.0471,1.0474
-44.6252,-92.8702,1.0471,1.0475
-44.6824,-92.7718,1.0471,1.0475
-44.7397,-92.6735,1.0471,1.0476
-44.7968,-92.5750,1.0471,1.0477
-44.8539,-92.4766,1.0471,1.0478
-44.9109,-92.3781,1.0471,1.0479
-44.9679,-92.2795,1.0472,1.0480
-45.0247,-92.1809,1.0472,1.0482
-45.0815,-92.0823,1.0473,1.0484
-45.1382,-91.9836,1.0474,1.0486
-45.1947,-91.8848,1.0476,1.0488
-45.2512,-91.7860,1.0477,1.0488
-45.3075,-91.6871,1.0479,1.0487
-45.3638,-91.5881,1.0481,1.0486
-45.4199,-91.4891,1.0484,1.0486
-45.4759,-91.3900,1.0486,1.0486
-45.5318,-91.2909,1.0489,1.0486
-45.5875,-91.1916,1.0491,1.0486
-45.6432,-91.0923,1.0494,1.0486
-45.6987,-90.9930,1.0497,1.0486
-45.7540,-90.8935,1.0497,1.0486
-45.8093,-90.7940,1.0496,1.0487
-45.8645,-90.6945,1.0496,1.0487
-45.9195,-90.5948,1.0495,1.0488
-45.9745,-90.4952,1.0495,1.0488
-46.0293,-90.3954,1.0494,1.0488
-46.0841,-90.2957,1.0494,1.0489
-46.1388,-90.1959,1.0493,1.0489
-46.1934,-90.0960,1.0493,1.0489
-46.2480,-89.9961,1.0492,1.0489
-46.3025,-89.8962,1.0491,1.0489
-46.3570,-89.7963,1.0491,1.0489
-46.4114,-89.6963,1.0490,1.0489
-46.4658,-89.5963,1.0490,1.0489
-46.5202,-89.4964,1.0489,1.0489
-46.5746,-89.3964,1.0488,1.0489
-46.6289,-89.2963,1.0487,1.0489
-46.6832,-89.1963,1.0486,1.0488
-46.7375,-89.0963,1.0485,1.0488
-46.7918,-88.9962,1.0484,1.0488
-46.8460,-88.8962,1.0483,1.0487
-46.9001,-88.7960,1.0482,1.0487
-46.9542,-88.6959,1.0481,1.0486
-47.0081,-88.5957,1.0479,1.0485
-47.0620,-88.4954,1.0478,1.0484
-47.1156,-88.3950,1.0476,1.0483
-47.1691,-88.2945,1.0474,1.0483
-47.2222,-88.1939,1.0472,1.0482
-47.2751,-88.0931,1.0470,1.0481
-47.3277,-87.9921,1.0468,1.0474
-47.3799,-87.8910,1.0466,1.0466
-47.4315,-87.7896,1.0461,1.0458
-47.4827,-87.6879,1.0452,1.0450
-47.5333,-87.5860,1.0442,1.0442
-47.5833,-87.4837,1.0434,1.0433
-47.6325,-87.3811,1.0425,1.0425
-47.6810,-87.2781,1.0416,1.0417
-47.7286,-87.1747,1.0407,1.0409
-47.7754,-87.0710,1.0400,1.0403
-47.8212,-86.9668,1.0394,1.0398
-47.8659,-86.8621,1.0389,1.0395
-47.9096,-86.7570,1.0385,1.0388
-47.9521,-86.6514,1.0368,1.0372
-47.9935,-86.5454,1.0354,1.0358
-48.0335,-86.4388,1.0342,1.0346
-48.0720,-86.3318,1.0334,1.0336
-48.1092,-86.2242,1.0326,1.0328
-48.1449,-86.1161,1.0320,1.0323
-48.1791,-86.0076,1.0318,1.0323
-48.2118,-85.8985,1.0307,1.0308
-48.2430,-85.7891,1.0292,1.0293
-48.2726,-85.6792,1.0280,1.0283
-48.3005,-85.5688,1.0274,1.0277
-48.3265,-85.4580,1.0270,1.0273
-48.3507,-85.3468,1.0269,1.0273
-48.3733,-85.2353,1.0269,1.0269
-48.3941,-85.1234,1.0255,1.0255
-48.4132,-85.0112,1.0246,1.0246
-48.4306,-84.8987,1.0241,1.0243
-48.4460,-84.7859,1.0240,1.0243
-48.4593,-84.6729,1.0241,1.0247
-48.4708,-84.5597,1.0246,1.0245
-48.4806,-84.4463,1.0234,1.0233
-48.4885,-84.3327,1.0227,1.0227
-48.4945,-84.2191,1.0225,1.0226
-48.4985,-84.1053,1.0225,1.0229
-48.5004,-83.9915,1.0229,1.0234
-48.5003,-83.8777,1.0231,1.0231
-48.4984,-83.7639,1.0221,1.0221
-48.4945,-83.6502,1.0216,1.0217
-48.4887,-83.5365,1.0217,1.0218
-48.4806,-83.4230,1.0217,1.0221
-48.4703,-83.3096,1.0224,1.0228
-48.4581,-83.1965,1.0215,1.0218
-48.4438,-83.0836,1.0208,1.0209
-48.4275,-82.9709,1.0206,1.0206
-48.4091,-82.8586,1.0205,1.0209
-48.3881,-82.7467,1.0210,1.0213
-48.3650,-82.6353,1.0205,1.0211
-48.3399,-82.5243,1.0195,1.0198
-48.3126,-82.4138,1.0192,1.0191
-48.2832,-82.3038,1.0195,1.0192
-48.2516,-82.1945,1.0194,1.0199
-48.2173,-82.0859,1.0189,1.0199
-48.1810,-81.9781,1.0180,1.0184
-48.1425,-81.8710,1.0176,1.0176
-48.1020,-81.7646,1.0180,1.0176
-48.0593,-81.6591,1.0180,1.0184
-48.0144,-81.5546,1.0171,1.0187
-47.9670,-81.4511,1.0168,1.0172
-47.9176,-81.3485,1.0166,1.0165
-47.8662,-81.2470,1.0171,1.0166
-47.8128,-81.1465,1.0174,1.0176
-47.7575,-81.0470,1.0164,1.0180
-47.6999,-80.9489,1.0165,1.0170
-47.6402,-80.8520,1.0165,1.0165
-47.5786,-80.7562,1.0172,1.0168
-47.5153,-80.6617,1.0179,1.0178
-47.4501,-80.5683,1.0172,1.0186
-47.3832,-80.4763,1.0173,1.0180
-47.3141,-80.3858,1.0175,1.0176
-47.2434,-80.2967,1.0184,1.0180
-47.1710,-80.2089,1.0197,1.0191
-47.0970,-80.1224,1.0191,1.0204
-47.0214,-80.0373,1.0192,1.0199
-46.9440,-79.9538,1.0194,1.0197
-46.8650,-79.8720,1.0203,1.0200
-46.7844,-79.7915,1.0218,1.0209
-46.7024,-79.7126,1.0213,1.0224
-46.6190,-79.6352,1.0213,1.0222
-46.5342,-79.5592,1.0215,1.0220
-46.4477,-79.4853,1.0221,1.0219
-46.3599,-79.4129,1.0233,1.0224
-46.2707,-79.3422,1.0232,1.0235
-46.1803,-79.2731,1.0229,1.0240
-46.0886,-79.2057,1.0231,1.0234
-45.9956,-79.1400,1.0232,1.0232
-45.9012,-79.0765,1.0241,1.0232
-45.8056,-79.0146,1.0241,1.0237
-45.7089,-78.9546,1.0234,1.0249
-45.6111,-78.8964,1.0233,1.0238
-45.5123,-78.8400,1.0237,1.0232
-45.4124,-78.7855,1.0237,1.0233
-45.3112,-78.7333,1.0238,1.0234
-45.2091,-78.6830,1.0231,1.0242
-45.1061,-78.6346,1.0227,1.0237
-45.0023,-78.5881,1.0229,1.0227
-44.8975,-78.5435,1.0235,1.0225
-44.7920,-78.5009,1.0229,1.0228
-44.6856,-78.4605,1.0226,1.0235
-44.5784,-78.4222,1.0223,1.0238
-44.4705,-78.3859,1.0224,1.0227
-44.3621,-78.3515,1.0231,1.0223
-44.2530,-78.3190,1.0235,1.0226
-44.1433,-78.2884,1.0229,1.0236
-44.0331,-78.2599,1.0231,1.0250
-43.9224,-78.2336,1.0232,1.0243
-43.8113,-78.2092,1.0239,1.0239
-43.6997,-78.1866,1.0252,1.0242
-43.5878,-78.1658,1.0256,1.0251
-43.4756,-78.1468,1.0256,1.0266
-43.3631,-78.1297,1.0261,1.0281
-43.2502,-78.1147,1.0267,1.0278
-43.1372,-78.1013,1.0278,1.0279
-43.0240,-78.0897,1.0294,1.0286
-42.9106,-78.0797,1.0306,1.0298
-42.7971,-78.0714,1.0309,1.0314
-42.6835,-78.0647,1.0316,1.0334
-42.5698,-78.0597,1.0322,1.0339
-42.4560,-78.0563,1.0333,1.0342
-42.3422,-78.0544,1.0348,1.0347
-42.2284,-78.0540,1.0365,1.0356
-42.1146,-78.0549,1.0375,1.0368
-42.0008,-78.0572,1.0379,1.0381
-41.8870,-78.0609,1.0385,1.0396
-41.7733,-78.0658,1.0391,1.0413
-41.6597,-78.0721,1.0399,1.0414
-41.5461,-78.0796,1.0408,1.0416
-41.4326,-78.0883,1.0419,1.0419
-41.3192,-78.0980,1.0431,1.0423
-41.2059,-78.1087,1.0441,1.0429
-41.0927,-78.1204,1.0441,1.0435
-40.9796,-78.1331,1.0442,1.0441
-40.8666,-78.1466,1.0444,1.0448
-40.7537,-78.1610,1.0446,1.0455
-40.6409,-78.1761,1.0449,1.0462
-40.5282,-78.1920,1.0451,1.0469
-40.4156,-78.2086,1.0454,1.0468
-40.3031,-78.2259,1.0457,1.0466
-40.1906,-78.2437,1.0461,1.0464
-40.0783,-78.2620,1.0465,1.0463
-39.9661,-78.2809,1.0468,1.0462
-39.8539,-78.3002,1.0472,1.0461
-39.7418,-78.3199,1.0475,1.0461
-39.6298,-78.3400,1.0472,1.0461
-39.5178,-78.3604,1.0470,1.0461
-39.4059,-78.3811,1.0468,1.0461
-39.2940,-78.4021,1.0467,1.0461
-39.1822,-78.4234,1.0465,1.0462
-39.0704,-78.4449,1.0464,1.0463
-38.9587,-78.4665,1.0464,1.0463
-38.8470,-78.4884,1.0463,1.0464
-38.7353,-78.5104,1.0463,1.0465
-38.6237,-78.5325,1.0462,1.0466
-38.5120,-78.5547,1.0462,1.0468
-38.4004,-78.5770,1.0463,1.0469
-38.2888,-78.5994,1.0463,1.0471
-38.1773,-78.6219,1.0464,1.0473
-38.0657,-78.6444,1.0464,1.0474
-37.9541,-78.6670,1.0465,1.0476
-37.8426,-78.6896,1.0466,1.0478
-37.7310,-78.7122,1.0467,1.0480
-37.6195,-78.7349,1.0468,1.0483
-37.5080,-78.7576,1.0470,1.0485
-37.3964,-78.7803,1.0471,1.0484
-37.2849,-78.8031,1.0472,1.0484
-37.1734,-78.8258,1.0473,1.0484
-37.0619,-78.8486,1.0474,1.0483
-36.9504,-78.8713,1.0475,1.0483
-36.8389,-78.8941,1.0476,1.0482
-36.7273,-78.9169,1.0477,1.0481
-36.6158,-78.9397,1.0478,1.0481
-36.5043,-78.9625,1.0478,1.0480
-36.3928,-78.9852,1.0479,1.0479
-36.2813,-79.0080,1.0479,1.0478
-36.1697,-79.0307,1.0480,1.0477
-36.0582,-79.0535,1.0480,1.0476
-35.9467,-79.0761,1.0481,1.0476
-35.8351,-79.0987,1.0481,1.0475
-35.7236,-79.1213,1.0481,1.0474
-35.6120,-79.1438,1.0481,1.0473
-35.5004,-79.1662,1.0481,1.0472
-35.3888,-79.1885,1.0482,1.0472
-35.2772,-79.2106,1.0482,1.0471
-35.1655,-79.2327,1.0482,1.0471
-35.0538,-79.2545,1.0482,1.0470
-34.9421,-79.2762,1.0482,1.0470
-34.8303,-79.2977,1.0481,1.0469
-34.7185,-79.3190,1.0481,1.0469
-34.6066,-79.3401,1.0480,1.0468
-34.4947,-79.3608,1.0480,1.0468
-34.3828,-79.3814,1.0479,1.0467
-34.2708,-79.4016,1.0478,1.0467
-34.1587,-79.4215,1.0477,1.0467
-34.0466,-79.4411,1.0476,1.0466
-33.9344,-79.4603,1.0475,1.0466
-33.8221,-79.4792,1.0473,1.0465
-33.7098,-79.4976,1.0472,1.0465
-33.5975,-79.5158,1.0470,1.0464
-33.4850,-79.5335,1.0469,1.0463
-33.3725,-79.5508,1.0467,1.0463
-33.2600,-79.5678,1.0465,1.0462
-33.1474,-79.5843,1.0463,1.0461
-33.0347,-79.6005,1.0462,1.0461
-32.9220,-79.6163,1.0460,1.0460
-32.8092,-79.6317,1.0458,1.0459
-32.6964,-79.6468,1.0457,1.0459
-32.5836,-79.6616,1.0456,1.0458
-32.4707,-79.6761,1.0455,1.0457
-32.3578,-79.6903,1.0454,1.0456
-32.2448,-79.7043,1.0453,1.0456
-32.1318,-79.7180,1.0452,1.0455
-32.0188,-79.7316,1.0452,1.0454
-31.9058,-79.7450,1.0452,1.0453
-31.7927,-79.7583,1.0452,1.0453
-31.6797,-79.7715,1.0452,1.0452
-31.5666,-79.7846,1.0452,1.0451
-31.4536,-79.7978,1.0453,1.0451
-31.3405,-79.8109,1.0454,1.0450
-31.2275,-79.8240,1.0455,1.0450
-31.1144,-79.8372,1.0457,1.0450
-31.0014,-79.8504,1.0459,1.0450
-30.8883,-79.8637,1.0461,1.0450
-30.7753,-79.8770,1.0463,1.0450
-30.6623,-79.8905,1.0464,1.0450
-30.5493,-79.9040,1.0463,1.0451
-30.4363,-79.9177,1.0462,1.0451
-30.3233,-79.9314,1.0462,1.0452
-30.2103,-79.9452,1.0461,1.0452
-30.0973,-79.9590,1.0461,1.0453
-29.9843,-79.9729,1.0460,1.0454
-29.8714,-79.9868,1.0460,1.0454
-29.7584,-80.0006,1.0459,1.0454
-29.6454,-80.0144,1.0459,1.0454
-29.5324,-80.0280,1.0458,1.0454
-29.4194,-80.0415,1.0457,1.0453
-29.3064,-80.0548,1.0456,1.0452
-29.1933,-80.0678,1.0455,1.0450
-29.0802,-80.0805,1.0453,1.0449
-28.9670,-80.0929,1.0452,1.0447
-28.8538,-80.1047,1.0450,1.0444
-28.7406,-80.1161,1.0449,1.0442
-28.6273,-80.1269,1.0447,1.0439
-28.5139,-80.1371,1.0446,1.0437
-28.4005,-80.1466,1.0445,1.0435
-28.2870,-80.1553,1.0444,1.0432
-28.1735,-80.1633,1.0441,1.0431
-28.0599,-80.1704,1.0435,1.0429
-27.9463,-80.1767,1.0429,1.0428
-27.8326,-80.1820,1.0425,1.0428
-27.7188,-80.1865,1.0421,1.0429
-27.6051,-80.1899,1.0418,1.0430
-27.4913,-80.1924,1.0416,1.0430
-27.3775,-80.1939,1.0415,1.0426
-27.2637,-80.1944,1.0415,1.0423
-27.1498,-80.1940,1.0416,1.0422
-27.0360,-80.1925,1.0418,1.0421
-26.9222,-80.1901,1.0421,1.0421
-26.8085,-80.1868,1.0425,1.0422
-26.6947,-80.1825,1.0430,1.0424
-26.5810,-80.1774,1.0436,1.0426
-26.4674,-80.1713,1.0442,1.0429
-26.3538,-80.1644,1.0449,1.0433
-26.2402,-80.1568,1.0450,1.0436
-26.1267,-80.1483,1.0451,1.0440
-26.0133,-80.1391,1.0453,1.0445
-25.8999,-80.1293,1.0455,1.0449
-25.7865,-80.1187,1.0457,1.0453
-25.6733,-80.1075,1.0459,1.0457
-25.5601,-80.0957,1.0461,1.0461
-25.4469,-80.0833,1.0463,1.0465
-25.3339,-80.0703,1.0464,1.0469
-25.2208,-80.0568,1.0466,1.0472
-25.1079,-80.0427,1.0467,1.0475
-24.9950,-80.0282,1.0468,1.0478
-24.8822,-80.0132,1.0469,1.0481
-24.7694,-79.9976,1.0470,1.0483
-24.6568,-79.9816,1.0470,1.0484
-24.5441,-79.9651,1.0470,1.0483
-24.4316,-79.9480,1.0469,1.0481
-24.3191,-79.9305,1.0469,1.0479
-24.2068,-79.9124,1.0468,1.0477
-24.0945,-79.8939,1.0467,1.0474
-23.9823,-79.8747,1.0465,1.0471
-23.8702,-79.8550,1.0463,1.0468
-23.7582,-79.8347,1.0461,1.0465
-23.6463,-79.8137,1.0459,1.0461
-23.5346,-79.7921,1.0457,1.0458
-23.4230,-79.7698,1.0455,1.0454
-23.3115,-79.7468,1.0454,1.0450
-23.2002,-79.7231,1.0452,1.0447
-23.0890,-79.6986,1.0451,1.0444
-22.9781,-79.6732,1.0451,1.0441
-22.8673,-79.6470,1.0452,1.0439
-22.7567,-79.6200,1.0450,1.0437
-22.6464,-79.5921,1.0445,1.0436
-22.5363,-79.5632,1.0441,1.0436
-22.4265,-79.5334,1.0438,1.0437
-22.3169,-79.5027,1.0436,1.0439
-22.2075,-79.4711,1.0435,1.0441
-22.0985,-79.4384,1.0435,1.0445
-21.9898,-79.4048,1.0436,1.0450
-21.8813,-79.3702,1.0439,1.0450
-21.7732,-79.3347,1.0442,1.0450
-21.6654,-79.2982,1.0446,1.0450
-21.5579,-79.2609,1.0450,1.0451
-21.4507,-79.2227,1.0455,1.0453
-21.3438,-79.1835,1.0461,1.0455
-21.2372,-79.1436,1.0467,1.0457
-21.1309,-79.1028,1.0473,1.0459
-21.0250,-79.0612,1.0477,1.0461
-20.9194,-79.0188,1.0477,1.0463
-20.8140,-78.9757,1.0477,1.0466
-20.7090,-78.9317,1.0476,1.0468
-20.6044,-78.8870,1.0475,1.0471
-20.5000,-78.8416,1.0474,1.0473
-20.3960,-78.7955,1.0473,1.0476
-20.2922,-78.7486,1.0473,1.0478
-20.1888,-78.7011,1.0472,1.0480
-20.0857,-78.6528,1.0472,1.0483
-19.9830,-78.6039,1.0472,1.0485
-19.8805,-78.5543,1.0472,1.0487
-19.7784,-78.5040,1.0472,1.0485
-19.6766,-78.4531,1.0472,1.0483
-19.5752,-78.4014,1.0473,1.0481
-19.4741,-78.3491,1.0475,1.0480
-19.3734,-78.2961,1.0477,1.0478
-19.2731,-78.2424,1.0479,1.0477
-19.1731,-78.1879,1.0481,1.0476
-19.0735,-78.1328,1.0483,1.0476
-18.9743,-78.0770,1.0486,1.0476
-18.8755,-78.0205,1.0489,1.0476
-18.7772,-77.9633,1.0491,1.0476
-18.6792,-77.9053,1.0488,1.0476
-18.5817,-77.8466,1.0485,1.0477
-18.4846,-77.7872,1.0483,1.0477
-18.3880,-77.7271,1.0481,1.0478
-18.2918,-77.6662,1.0478,1.0479
-18.1962,-77.6045,1.0476,1.0480
-18.1010,-77.5420,1.0474,1.0481
-18.0064,-77.4787,1.0473,1.0482
-17.9123,-77.4147,1.0471,1.0484
-17.8188,-77.3498,1.0470,1.0482
-17.7258,-77.2842,1.0469,1.0477
-17.6334,-77.2177,1.0469,1.0473
-17.5416,-77.1504,1.0470,1.0469
-17.4505,-77.0823,1.0471,1.0466
-17.3599,-77.0134,1.0472,1.0463
-17.2699,-76.9436,1.0474,1.0461
-17.1806,-76.8731,1.0476,1.0459
-17.0919,-76.8018,1.0470,1.0458
-17.0038,-76.7298,1.0465,1.0457
-16.9163,-76.6569,1.0461,1.0457
-16.8295,-76.5834,1.0458,1.0457
-16.7432,-76.5091,1.0455,1.0458
-16.6576,-76.4340,1.0453,1.0459
-16.5727,-76.3583,1.0452,1.0460
-16.4883,-76.2819,1.0452,1.0463
-16.4045,-76.2049,1.0452,1.0465
-16.3214,-76.1272,1.0452,1.0467
-16.2388,-76.0488,1.0453,1.0465
-16.1568,-75.9699,1.0455,1.0463
-16.0754,-75.8903,1.0458,1.0462
-15.9946,-75.8102,1.0460,1.0461
-15.9143,-75.7295,1.0464,1.0461
-15.8346,-75.6483,1.0468,1.0462
-15.7554,-75.5665,1.0472,1.0463
-15.6768,-75.4842,1.0477,1.0464
-15.5987,-75.4014,1.0478,1.0465
-15.5211,-75.3182,1.0478,1.0467
-15.4440,-75.2344,1.0479,1.0469
-15.3675,-75.1502,1.0480,1.0472
-15.2914,-75.0655,1.0480,1.0474
-15.2158,-74.9804,1.0481,1.0476
-15.1407,-74.8949,1.0482,1.0479
-15.0661,-74.8089,1.0483,1.0481
-14.9919,-74.7226,1.0484,1.0483
-14.9182,-74.6359,1.0485,1.0486
-14.8450,-74.5487,1.0486,1.0488
-14.7722,-74.4612,1.0487,1.0490
-14.6999,-74.3733,1.0487,1.0492
-14.6280,-74.2851,1.0488,1.0494
-14.5566,-74.1965,1.0488,1.0495
-14.4856,-74.1075,1.0489,1.0497
-14.4151,-74.0182,1.0489,1.0499
-14.3450,-73.9285,1.0489,1.0501
-14.2754,-73.8385,1.0490,1.0502
-14.2062,-73.7481,1.0490,1.0504
-14.1375,-73.6573,1.0491,1.0504
-14.0692,-73.5663,1.0491,1.0503
-14.0015,-73.4748,1.0492,1.0501
-13.9342,-73.3830,1.0493,1.0499
-13.8675,-73.2908,1.0494,1.0497
-13.8012,-73.1982,1.0495,1.0495
-13.7356,-73.1053,1.0496,1.0493
-13.6705,-73.0119,1.0497,1.0491
-13.6060,-72.9181,1.0498,1.0489
-13.5421,-72.8239,1.0499,1.0486
-13.4789,-72.7293,1.0500,1.0484
-13.4164,-72.6342,1.0494,1.0481
-13.3546,-72.5386,1.0488,1.0478
-13.2936,-72.4425,1.0481,1.0474
-13.2334,-72.3459,1.0474,1.0470
-13.1741,-72.2487,1.0466,1.0466
-13.1157,-72.1511,1.0458,1.0461
-13.0583,-72.0528,1.0448,1.0456
-13.0019,-71.9539,1.0436,1.0450
-12.9466,-71.8544,1.0425,1.0436
-12.8926,-71.7542,1.0413,1.0417
-12.8400,-71.6533,1.0397,1.0399
-12.7889,-71.5516,1.0381,1.0380
-12.7392,-71.4492,1.0366,1.0360
-12.6913,-71.3459,1.0346,1.0341
-12.6452,-71.2419,1.0311,1.0321
-12.6012,-71.1369,1.0277,1.0295
-12.5597,-71.0309,1.0240,1.0260
-12.5206,-70.9241,1.0207,1.0226
-12.4842,-70.8162,1.0182,1.0194
-12.4513,-70.7073,1.0139,1.0170
-12.4218,-70.5973,1.0087,1.0123
-12.3960,-70.4865,1.0053,1.0082
-12.3750,-70.3746,1.0020,1.0057
-12.3585,-70.2620,0.9968,1.0007
-12.3476,-70.1488,0.9954,0.9970
-12.3422,-70.0351,0.9899,0.9934
-12.3434,-69.9213,0.9895,0.9896
-12.3508,-69.8077,0.9844,0.9867
-12.3660,-69.6950,0.9848,0.9835
-12.3881,-69.5833,0.9806,0.9817
-12.4177,-69.4735,0.9796,0.9791
-12.4552,-69.3660,0.9799,0.9784
-12.4997,-69.2613,0.9766,0.9769
-12.5518,-69.1602,0.9783,0.9763
-12.6108,-69.0629,0.9768,0.9764
-12.6762,-68.9697,0.9764,0.9766
-12.7480,-68.8815,0.9803,0.9781
-12.8254,-68.7981,0.9779,0.9798
-12.9078,-68.7196,0.9818,0.9818
-12.9952,-68.6468,0.9819,0.9849
-13.0865,-68.5788,0.9855,0.9875
-13.1818,-68.5165,0.9874,0.9918
-13.2800,-68.4590,0.9918,0.9942
-13.3812,-68.4070,0.9936,0.9988
-13.4845,-68.3593,0.9999,1.0017
-13.5900,-68.3166,1.0013,1.0054
-13.6970,-68.2780,1.0053,1.0099
-13.8054,-68.2431,1.0109,1.0126
-13.9149,-68.2122,1.0131,1.0159
-14.0253,-68.1844,1.0162,1.0195
-14.1364,-68.1595,1.0198,1.0233
-14.2480,-68.1374,1.0238,1.0255
-14.3601,-68.1178,1.0275,1.0278
-14.4726,-68.1002,1.0298,1.0302
-14.5853,-68.0844,1.0318,1.0325
-14.6982,-68.0703,1.0338,1.0348
-14.8113,-68.0576,1.0358,1.0370
-14.9246,-68.0461,1.0376,1.0391
-15.0379,-68.0357,1.0392,1.0409
-15.1513,-68.0263,1.0406,1.0419
-15.2648,-68.0176,1.0419,1.0429
-15.3783,-68.0096,1.0430,1.0437
-15.4919,-68.0021,1.0439,1.0445
-15.6055,-67.9952,1.0447,1.0452
-15.7191,-67.9886,1.0454,1.0458
-15.8328,-67.9823,1.0460,1.0464
-15.9465,-67.9763,1.0465,1.0468
-16.0601,-67.9705,1.0469,1.0473
-16.1738,-67.9648,1.0472,1.0476
-16.2875,-67.9593,1.0475,1.0479
-16.4012,-67.9539,1.0477,1.0482
-16.5149,-67.9486,1.0479,1.0484
-16.6286,-67.9433,1.0481,1.0486
-16.7423,-67.9381,1.0483,1.0488
-16.8560,-67.9329,1.0484,1.0490
-16.9697,-67.9277,1.0485,1.0492
-17.0834,-67.9225,1.0486,1.0493
-17.1971,-67.9173,1.0487,1.0495
-17.3108,-67.9122,1.0488,1.0496
-17.4245,-67.9070,1.0489,1.0498
-17.5382,-67.9018,1.0490,1.0499
-17.6519,-67.8966,1.0491,1.0501
-17.7656,-67.8914,1.0492,1.0502
-17.8793,-67.8862,1.0493,1.0504
-17.9930,-67.8809,1.0494,1.0505
-18.1067,-67.8757,1.0495,1.0505
-18.2204,-67.8704,1.0496,1.0504
-18.3341,-67.8652,1.0497,1.0504
-18.4477,-67.8599,1.0498,1.0503
-18.5614,-67.8546,1.0499,1.0502
-18.6751,-67.8494,1.0500,1.0501
-18.7888,-67.8441,1.0501,1.0500
-18.9025,-67.8388,1.0501,1.0499
-19.0162,-67.8335,1.0502,1.0498
-19.1299,-67.8282,1.0503,1.0496
-19.2436,-67.8229,1.0504,1.0495
-19.3573,-67.8175,1.0503,1.0494
-19.4710,-67.8122,1.0502,1.0493
-19.5847,-67.8069,1.0500,1.0492
-19.6984,-67.8016,1.0498,1.0491
-19.8121,-67.7963,1.0497,1.0489
-19.9258,-67.7910,1.0495,1.0488
-20.0395,-67.7857,1.0493,1.0487
-20.1532,-67.7804,1.0492,1.0486
-20.2669,-67.7752,1.0490,1.0485
-20.3806,-67.7699,1.0489,1.0483
-20.4943,-67.7647,1.0487,1.0482
-20.6080,-67.7595,1.0486,1.0481
-20.7217,-67.7543,1.0484,1.0481
-20.8354,-67.7491,1.0483,1.0480
-20.9491,-67.7440,1.0482,1.0479
-21.0628,-67.7389,1.0481,1.0478
-21.1765,-67.7338,1.0480,1.0478
-21.2902,-67.7288,1.0479,1.0477
-21.4039,-67.7238,1.0479,1.0477
-21.5176,-67.7188,1.0478,1.0477
-21.6313,-67.7139,1.0478,1.0477
-21.7450,-67.7090,1.0477,1.0477
-21.8587,-67.7042,1.0477,1.0477
-21.9725,-67.6993,1.0477,1.0477
-22.0862,-67.6946,1.0477,1.0478
-22.1999,-67.6898,1.0478,1.0478
-22.3136,-67.6851,1.0478,1.0479
-22.4273,-67.6805,1.0478,1.0480
-22.5411,-67.6758,1.0479,1.0481
-22.6548,-67.6712,1.0480,1.0482
-22.7685,-67.6667,1.0480,1.0483
-22.8822,-67.6621,1.0481,1.0485
-22.9960,-67.6576,1.0482,1.0486
-23.1097,-67.6531,1.0483,1.0487
-23.2234,-67.6486,1.0484,1.0489
-23.3372,-67.6441,1.0485,1.0491
-23.4509,-67.6397,1.0486,1.0492
-23.5646,-67.6353,1.0488,1.0494
-23.6784,-67.6308,1.0489,1.0496
-23.7921,-67.6264,1.0490,1.0497
-23.9058,-67.6220,1.0491,1.0499
-24.0195,-67.6176,1.0492,1.0500
-24.1333,-67.6132,1.0494,1.0502
-24.2470,-67.6088,1.0495,1.0504
-24.3607,-67.6044,1.0496,1.0505
-24.4745,-67.6000,1.0497,1.0507
-24.5882,-67.5956,1.0498,1.0508
-24.7019,-67.5912,1.0499,1.0508
-24.8157,-67.5868,1.0499,1.0506
-24.9294,-67.5823,1.0500,1.0505
-25.0431,-67.5779,1.0501,1.0504
-25.1569,-67.5734,1.0501,1.0503
-25.2706,-67.5690,1.0502,1.0501
-25.3843,-67.5645,1.0502,1.0499
-25.4981,-67.5599,1.0503,1.0498
-25.6118,-67.5554,1.0503,1.0496
-25.7255,-67.5508,1.0501,1.0494
-25.8392,-67.5462,1.0499,1.0492
-25.9530,-67.5415,1.0497,1.0490
-26.0667,-67.5368,1.0494,1.0488
-26.1804,-67.5321,1.0492,1.0486
-26.2941,-67.5273,1.0489,1.0484
-26.4078,-67.5224,1.0487,1.0482
-26.5215,-67.5175,1.0485,1.0481
-26.6353,-67.5125,1.0483,1.0479
-26.7490,-67.5074,1.0480,1.0477
-26.8627,-67.5022,1.0478,1.0475
-26.9764,-67.4970,1.0477,1.0474
-27.0900,-67.4917,1.0475,1.0473
-27.2037,-67.4862,1.0473,1.0472
-27.3174,-67.4807,1.0472,1.0471
-27.4311,-67.4751,1.0471,1.0470
-27.5448,-67.4694,1.0470,1.0470
-27.6584,-67.4635,1.0469,1.0469
-27.7721,-67.4575,1.0468,1.0469
-27.8858,-67.4514,1.0468,1.0469
-27.9994,-67.4452,1.0467,1.0470
-28.1130,-67.4388,1.0467,1.0470
-28.2267,-67.4323,1.0467,1.0471
-28.3403,-67.4257,1.0468,1.0472
-28.4539,-67.4189,1.0468,1.0473
-28.5675,-67.4119,1.0469,1.0475
-28.6811,-67.4048,1.0469,1.0476
-28.7947,-67.3975,1.0470,1.0478
-28.9083,-67.3900,1.0472,1.0479
-29.0218,-67.3824,1.0473,1.0481
-29.1354,-67.3746,1.0474,1.0482
-29.2489,-67.3666,1.0476,1.0480
-29.3624,-67.3584,1.0477,1.0479
-29.4760,-67.3501,1.0479,1.0477
-29.5895,-67.3416,1.0481,1.0475
-29.7029,-67.3328,1.0479,1.0473
-29.8164,-67.3239,1.0477,1.0472
-29.9299,-67.3148,1.0475,1.0470
-30.0433,-67.3055,1.0473,1.0469
-30.1567,-67.2960,1.0471,1.0467
-30.2701,-67.2863,1.0469,1.0465
-30.3835,-67.2764,1.0467,1.0464
-30.4969,-67.2663,1.0465,1.0462
-30.6102,-67.2559,1.0463,1.0461
-30.7236,-67.2454,1.0461,1.0460
-30.8369,-67.2347,1.0459,1.0458
-30.9502,-67.2237,1.0457,1.0457
-31.0634,-67.2126,1.0455,1.0456
-31.1767,-67.2012,1.0454,1.0455
-31.2899,-67.1897,1.0452,1.0454
-31.4031,-67.1779,1.0451,1.0453
-31.5163,-67.1660,1.0450,1.0452
-31.6295,-67.1538,1.0449,1.0452
-31.7426,-67.1414,1.0448,1.0451
-31.8557,-67.1289,1.0447,1.0451
-31.9688,-67.1161,1.0447,1.0451
-32.0819,-67.1031,1.0446,1.0452
-32.1950,-67.0899,1.0446,1.0452
-32.3080,-67.0765,1.0446,1.0453
-32.4210,-67.0629,1.0447,1.0454
-32.5340,-67.0491,1.0448,1.0452
-32.6469,-67.0351,1.0449,1.0449
-32.7599,-67.0209,1.0450,1.0446
-32.8728,-67.0065,1.0449,1.0444
-32.9856,-66.9919,1.0447,1.0442
-33.0985,-66.9771,1.0445,1.0440
-33.2113,-66.9621,1.0443,1.0439
-33.3241,-66.9469,1.0442,1.0438
-33.4369,-66.9315,1.0441,1.0438
-33.5496,-66.9159,1.0441,1.0438
-33.6623,-66.9001,1.0440,1.0438
-33.7750,-66.8841,1.0440,1.0438
-33.8877,-66.8679,1.0441,1.0439
-34.0003,-66.8516,1.0441,1.0440
-34.1129,-66.8350,1.0442,1.0441
-34.2255,-66.8182,1.0443,1.0442
-34.3381,-66.8013,1.0444,1.0444
-34.4506,-66.7841,1.0445,1.0446
-34.5631,-66.7668,1.0446,1.0448
-34.6755,-66.7493,1.0448,1.0450
-34.7880,-66.7316,1.0449,1.0452
-34.9004,-66.7137,1.0451,1.0454
-35.0128,-66.6957,1.0453,1.0457
-35.1251,-66.6775,1.0455,1.0459
-35.2374,-66.6591,1.0457,1.0462
-35.3497,-66.6405,1.0459,1.0464
-35.4620,-66.6218,1.0461,1.0467
-35.5742,-66.6030,1.0463,1.0469
-35.6865,-66.5839,1.0465,1.0472
-35.7987,-66.5648,1.0468,1.0474
-35.9108,-66.5455,1.0470,1.0473
-36.0230,-66.5260,1.0473,1.0472
-36.1351,-66.5064,1.0475,1.0471
-36.2472,-66.4867,1.0475,1.0470
-36.3593,-66.4668,1.0474,1.0470
-36.4713,-66.4468,1.0473,1.0469
-36.5833,-66.4267,1.0472,1.0469
-36.6953,-66.4065,1.0472,1.0469
-36.8073,-66.3862,1.0471,1.0468
-36.9193,-66.3658,1.0471,1.0468
-37.0312,-66.3452,1.0471,1.0468
-37.1432,-66.3246,1.0471,1.0469
-37.2551,-66.3039,1.0471,1.0469
-37.3670,-66.2831,1.0471,1.0469
-37.4789,-66.2622,1.0471,1.0469
-37.5908,-66.2412,1.0471,1.0470
-37.7026,-66.2202,1.0471,1.0470
-37.8145,-66.1991,1.0471,1.0471
-37.9263,-66.1780,1.0472,1.0471
-38.0381,-66.1568,1.0472,1.0472
-38.1499,-66.1355,1.0472,1.0472
-38.2618,-66.1142,1.0473,1.0473
-38.3736,-66.0929,1.0473,1.0474
-38.4854,-66.0716,1.0474,1.0474
-38.5971,-66.0502,1.0474,1.0475
-38.7089,-66.0288,1.0474,1.0476
-38.8207,-66.0074,1.0475,1.0476
-38.9325,-65.9859,1.0475,1.0477
-39.0443,-65.9645,1.0476,1.0477
-39.1560,-65.9430,1.0476,1.0478
-39.2678,-65.9215,1.0477,1.0479
-39.3796,-65.9000,1.0477,1.0480
-39.4913,-65.8784,1.0478,1.0480
-39.6031,-65.8569,1.0478,1.0481
-39.7149,-65.8353,1.0479,1.0482
-39.8266,-65.8137,1.0480,1.0483
-39.9384,-65.7921,1.0480,1.0483
-40.0501,-65.7705,1.0481,1.0484
-40.1618,-65.7488,1.0482,1.0485
-40.2736,-65.7272,1.0482,1.0486
-40.3853,-65.7056,1.0483,1.0487
-40.4971,-65.6839,1.0484,1.0488
-40.6088,-65.6622,1.0485,1.0489
-40.7205,-65.6406,1.0485,1.0489
-40.8323,-65.6189,1.0486,1.0488
-40.9440,-65.5972,1.0487,1.0486
-41.0557,-65.5755,1.0487,1.0485
-41.1675,-65.5538,1.0486,1.0484
-41.2792,-65.5321,1.0485,1.0483
-41.3909,-65.5104,1.0484,1.0482
-41.5027,-65.4887,1.0483,1.0481
-41.6144,-65.4670,1.0482,1.0480
-41.7261,-65.4453,1.0481,1.0479
-41.8379,-65.4236,1.0480,1.0479
-41.9496,-65.4019,1.0479,1.0478
-42.0613,-65.3802,1.0479,1.0477
-42.1730,-65.3585,1.0478,1.0476
-42.2848,-65.3367,1.0477,1.0476
-42.3965,-65.3150,1.0476,1.0475
-42.5082,-65.2932,1.0475,1.0474
-42.6199,-65.2714,1.0475,1.0474
-42.7316,-65.2497,1.0474,1.0473
-42.8433,-65.2279,1.0473,1.0472
-42.9551,-65.2061,1.0472,1.0472
-43.0668,-65.1843,1.0472,1.0471
-43.1785,-65.1625,1.0471,1.0471
-43.2902,-65.1406,1.0470,1.0470
-43.4019,-65.1188,1.0470,1.0470
-43.5136,-65.0969,1.0470,1.0469
-43.6253,-65.0751,1.0469,1.0469
-43.7370,-65.0532,1.0469,1.0469
-43.8487,-65.0313,1.0469,1.0469
-43.9604,-65.0094,1.0469,1.0469
-44.0720,-64.9874,1.0469,1.0469
-44.1837,-64.9655,1.0469,1.0470
-44.2954,-64.9435,1.0469,1.0470
-44.4071,-64.9216,1.0470,1.0470
-44.5188,-64.8996,1.0470,1.0471
-44.6304,-64.8776,1.0470,1.0471
-44.7421,-64.8556,1.0471,1.0472
-44.8538,-64.8336,1.0471,1.0472
-44.9654,-64.8116,1.0471,1.0472
-45.0771,-64.7895,1.0471,1.0472
-45.1888,-64.7675,1.0471,1.0473
-45.3004,-64.7454,1.0471,1.0472
-45.4121,-64.7234,1.0471,1.0472
-45.5238,-64.7013,1.0471,1.0472
-45.6354,-64.6793,1.0471,1.0472
-45.7471,-64.6572,1.0470,1.0471
-45.8587,-64.6352,1.0470,1.0471
-45.9704,-64.6131,1.0469,1.0470
-46.0821,-64.5910,1.0468,1.0469
-46.1937,-64.5690,1.0468,1.0468
-46.3054,-64.5469,1.0467,1.0468
-46.4170,-64.5249,1.0466,1.0467
-46.5287,-64.5028,1.0465,1.0466
-46.6404,-64.4808,1.0464,1.0465
-46.7520,-64.4587,1.0461,1.0463
-46.8637,-64.4367,1.0459,1.0460
-46.9753,-64.4146,1.0457,1.0457
-47.0870,-64.3926,1.0455,1.0455
-47.1987,-64.3705,1.0453,1.0453
-47.3103,-64.3485,1.0451,1.0451
-47.4220,-64.3265,1.0450,1.0450
-47.5337,-64.3044,1.0450,1.0449
-47.6453,-64.2824,1.0449,1.0448
-47.7570,-64.2604,1.0449,1.0448
-47.8687,-64.2383,1.0449,1.0448
-47.9803,-64.2163,1.0450,1.0449
-48.0920,-64.1943,1.0450,1.0449
-48.2037,-64.1723,1.0452,1.0450
-48.3153,-64.1503,1.0453,1.0452
-48.4270,-64.1283,1.0455,1.0453
-48.5387,-64.1063,1.0457,1.0455
-48.6503,-64.0842,1.0459,1.0457
-48.7620,-64.0622,1.0461,1.0460
-48.8737,-64.0402,1.0463,1.0462
-48.9854,-64.0182,1.0465,1.0464
-49.0970,-63.9961,1.0468,1.0467
-49.2087,-63.9741,1.0470,1.0469
-49.3203,-63.9520,1.0472,1.0472
-49.4320,-63.9300,1.0474,1.0474
-49.5437,-63.9079,1.0477,1.0476
-49.6553,-63.8858,1.0479,1.0479
-49.7670,-63.8637,1.0481,1.0481
-49.8786,-63.8416,1.0483,1.0483
-49.9902,-63.8194,1.0484,1.0485
-50.1019,-63.7972,1.0486,1.0486
-50.2135,-63.7751,1.0488,1.0488
-50.3252,-63.7529,1.0489,1.0490
-50.4368,-63.7307,1.0491,1.0491
-50.5484,-63.7084,1.0492,1.0492
-50.6600,-63.6862,1.0493,1.0494
-50.7717,-63.6640,1.0494,1.0495
-50.8833,-63.6417,1.0495,1.0496
-50.9949,-63.6195,1.0496,1.0496
-51.1065,-63.5972,1.0497,1.0497
-51.2181,-63.5749,1.0497,1.0498
-51.3298,-63.5527,1.0498,1.0499
-51.4414,-63.5304,1.0499,1.0499
-51.5530,-63.5082,1.0499,1.0499
-51.6646,-63.4859,1.0499,1.0500
-51.7762,-63.4636,1.0500,1.0500
-51.8879,-63.4414,1.0500,1.0500
-51.9995,-63.4192,1.0500,1.0500
-52.1111,-63.3970,1.0500,1.0500
-52.2228,-63.3748,1.0500,1.0500
-52.3344,-63.3526,1.0500,1.0499
-52.4460,-63.3304,1.0499,1.0499
-52.5577,-63.3082,1.0497,1.0499
-52.6693,-63.2861,1.0494,1.0497
-52.7810,-63.2640,1.0492,1.0495
-52.8926,-63.2419,1.0489,1.0492
-53.0043,-63.2198,1.0486,1.0489
-53.1159,-63.1977,1.0484,1.0486
-53.2276,-63.1756,1.0481,1.0484
-53.3393,-63.1536,1.0479,1.0481
-53.4509,-63.1316,1.0476,1.0478
-53.5626,-63.1096,1.0474,1.0476
-53.6743,-63.0877,1.0472,1.0473
-53.7860,-63.0658,1.0470,1.0471
-53.8977,-63.0439,1.0468,1.0469
-54.0094,-63.0221,1.0466,1.0467
-54.1211,-63.0004,1.0465,1.0466
-54.2328,-62.9787,1.0464,1.0465
-54.3446,-62.9571,1.0463,1.0464
-54.4564,-62.9356,1.0462,1.0463
-54.5681,-62.9142,1.0462,1.0462
-54.6800,-62.8929,1.0462,1.0462
-54.7918,-62.8718,1.0462,1.0462
-54.9037,-62.8509,1.0463,1.0462
-55.0156,-62.8301,1.0463,1.0463
-55.1275,-62.8096,1.0464,1.0463
-55.2395,-62.7893,1.0464,1.0464
-55.3516,-62.7693,1.0465,1.0465
-55.4637,-62.7495,1.0466,1.0465
-55.5758,-62.7301,1.0466,1.0466
-55.6880,-62.7110,1.0467,1.0467
-55.8003,-62.6922,1.0468,1.0467
-55.9126,-62.6738,1.0468,1.0468
-56.0250,-62.6558,1.0469,1.0468
-56.1374,-62.6383,1.0469,1.0469
-56.2500,-62.6211,1.0469,1.0469
-56.3625,-62.6044,1.0469,1.0469
-56.4752,-62.5880,1.0470,1.0469
-56.5879,-62.5722,1.0470,1.0470
-56.7006,-62.5567,1.0470,1.0470
-56.8135,-62.5416,1.0470,1.0470
-56.9263,-62.5270,1.0471,1.0471
-57.0393,-62.5127,1.0471,1.0471
-57.1522,-62.4988,1.0472,1.0471
-57.2652,-62.4853,1.0472,1.0472
-57.3783,-62.4720,1.0472,1.0472
-57.4914,-62.4591,1.0473,1.0473
-57.6045,-62.4464,1.0473,1.0473
-57.7176,-62.4339,1.0474,1.0473
-57.8308,-62.4217,1.0474,1.0474
-57.9439,-62.4096,1.0475,1.0474
-58.0571,-62.3978,1.0475,1.0475
-58.1703,-62.3860,1.0475,1.0475
-58.2836,-62.3744,1.0476,1.0475
-58.3968,-62.3629,1.0476,1.0476
-58.5101,-62.3515,1.0476,1.0476
-58.6233,-62.3403,1.0476,1.0476
-58.7366,-62.3291,1.0476,1.0476
-58.8499,-62.3180,1.0475,1.0476
-58.9631,-62.3070,1.0475,1.0475
-59.0764,-62.2961,1.0475,1.0475
-59.1897,-62.2853,1.0474,1.0475
-59.3031,-62.2747,1.0474,1.0474
-59.4164,-62.2642,1.0473,1.0474
-59.5297,-62.2538,1.0472,1.0473
-59.6431,-62.2437,1.0472,1.0472
-59.7565,-62.2337,1.0471,1.0472
-59.8699,-62.2240,1.0470,1.0471
-59.9833,-62.2146,1.0469,1.0470
-60.0968,-62.2054,1.0468,1.0469
-60.2102,-62.1966,1.0467,1.0468
-60.3237,-62.1881,1.0466,1.0467
-60.4373,-62.1799,1.0464,1.0466
-60.5508,-62.1721,1.0463,1.0465
-60.6644,-62.1648,1.0462,1.0464
-60.7780,-62.1578,1.0462,1.0463
-60.8916,-62.1513,1.0461,1.0462
-61.0053,-62.1452,1.0460,1.0461
-61.1190,-62.1395,1.0459,1.0461
-61.2327,-62.1343,1.0459,1.0460
-61.3464,-62.1295,1.0458,1.0459
-61.4601,-62.1252,1.0458,1.0459
-61.5739,-62.1212,1.0458,1.0458
-61.6876,-62.1177,1.0457,1.0456
-61.8014,-62.1145,1.0455,1.0454
-61.9152,-62.1116,1.0453,1.0452
-62.0290,-62.1091,1.0452,1.0451
-62.1428,-62.1070,1.0451,1.0450
-62.2566,-62.1051,1.0450,1.0450
-62.3704,-62.1034,1.0449,1.0449
-62.4842,-62.1020,1.0448,1.0449
-62.5980,-62.1008,1.0448,1.0449
-62.7118,-62.0998,1.0448,1.0449
-62.8256,-62.0989,1.0448,1.0449
-62.9394,-62.0982,1.0448,1.0449
-63.0533,-62.0976,1.0448,1.0449
-63.1671,-62.0971,1.0448,1.0450
-63.2809,-62.0967,1.0448,1.0449
-63.3947,-62.0964,1.0447,1.0448
-63.5085,-62.0961,1.0446,1.0447
-63.6224,-62.0959,1.0445,1.0446
-63.7362,-62.0958,1.0444,1.0445
-63.8500,-62.0956,1.0444,1.0444
-63.9638,-62.0955,1.0443,1.0443
-64.0776,-62.0954,1.0442,1.0442
-64.1914,-62.0954,1.0441,1.0441
-64.3053,-62.0953,1.0440,1.0441
-64.4191,-62.0953,1.0439,1.0440
-64.5329,-62.0953,1.0439,1.0439
-64.6467,-62.0952,1.0438,1.0438
-64.7605,-62.0952,1.0437,1.0438
-64.8744,-62.0952,1.0437,1.0437
-64.9882,-62.0952,1.0436,1.0436
-65.1020,-62.0952,1.0436,1.0436
-65.2158,-62.0952,1.0435,1.0435
-65.3296,-62.0952,1.0435,1.0435
-65.4434,-62.0952,1.0434,1.0435
-65.5573,-62.0952,1.0434,1.0434
-65.6711,-62.0952,1.0434,1.0434
-65.7849,-62.0952,1.0434,1.0434
-65.8987,-62.0952,1.0433,1.0433
-66.0125,-62.0952,1.0433,1.0433
-66.1264,-62.0952,1.0433,1.0433
-66.2402,-62.0953,1.0433,1.0433
-66.3540,-62.0953,1.0433,1.0433
-66.4678,-62.0953,1.0433,1.0433
-66.5816,-62.0954,1.0433,1.0433
-66.6954,-62.0954,1.0434,1.0433
-66.8093,-62.0955,1.0434,1.0434
-66.9231,-62.0956,1.0434,1.0434
-67.0369,-62.0957,1.0435,1.0435
-67.1507,-62.0958,1.0435,1.0435
-67.2645,-62.0960,1.0436,1.0436
-67.3784,-62.0962,1.0436,1.0436
-67.4922,-62.0965,1.0437,1.0437
-67.6060,-62.0968,1.0438,1.0438
-67.7198,-62.0972,1.0439,1.0439
-67.8336,-62.0977,1.0440,1.0440
-67.9474,-62.0982,1.0441,1.0442
-68.0613,-62.0989,1.0443,1.0443
-68.1751,-62.0997,1.0444,1.0444
-68.2889,-62.1006,1.0446,1.0446
-68.4027,-62.1017,1.0447,1.0448
-68.5165,-62.1029,1.0449,1.0450
-68.6303,-62.1043,1.0451,1.0452
-68.7441,-62.1059,1.0453,1.0454
-68.8579,-62.1078,1.0455,1.0456
-68.9717,-62.1098,1.0458,1.0458
-69.0855,-62.1120,1.0460,1.0461
-69.1993,-62.1145,1.0463,1.0463
-69.3131,-62.1173,1.0465,1.0466
-69.4269,-62.1204,1.0468,1.0468
-69.5407,-62.1236,1.0470,1.0471
-69.6544,-62.1284,1.0470,1.0470
-69.7681,-62.1338,1.0470,1.0470
-69.8818,-62.1391,1.0471,1.0471
-69.9954,-62.1444,1.0472,1.0472
-70.1091,-62.1498,1.0472,1.0472
