# x_m,y_m,width_right,width_left
-1.0129,-9.6067,1.0430,1.0717
-1.0227,-9.6099,1.0423,1.0698
-1.0325,-9.6132,1.0416,1.0679
-1.0423,-9.6165,1.0411,1.0661
-1.0520,-9.6199,1.0407,1.0642
-1.0617,-9.6235,1.0403,1.0623
-1.0714,-9.6271,1.0401,1.0605
-1.0811,-9.6307,1.0399,1.0587
-1.0907,-9.6345,1.0398,1.0569
-1.1003,-9.6382,1.0397,1.0552
-1.1099,-9.6421,1.0396,1.0535
-1.1195,-9.6459,1.0396,1.0519
-1.1291,-9.6497,1.0395,1.0504
-1.1387,-9.6536,1.0393,1.0490
-1.1482,-9.6574,1.0391,1.0477
-1.1578,-9.6612,1.0388,1.0465
-1.1675,-9.6649,1.0384,1.0455
-1.1771,-9.6687,1.0379,1.0446
-1.1867,-9.6725,1.0374,1.0438
-1.1963,-9.6762,1.0368,1.0431
-1.2059,-9.6800,1.0362,1.0425
-1.2155,-9.6837,1.0355,1.0419
-1.2251,-9.6875,1.0348,1.0414
-1.2347,-9.6913,1.0342,1.0409
-1.2443,-9.6951,1.0335,1.0403
-1.2539,-9.6990,1.0329,1.0398
-1.2635,-9.7029,1.0323,1.0392
-1.2730,-9.7068,1.0317,1.0385
-1.2826,-9.7107,1.0312,1.0379
-1.2921,-9.7147,1.0308,1.0372
-1.3016,-9.7187,1.0304,1.0365
-1.3112,-9.7227,1.0300,1.0358
-1.3207,-9.7267,1.0297,1.0351
-1.3302,-9.7308,1.0295,1.0344
-1.3396,-9.7348,1.0292,1.0337
-1.3491,-9.7389,1.0291,1.0330
-1.3586,-9.7430,1.0290,1.0323
-1.3681,-9.7471,1.0289,1.0317
-1.3776,-9.7512,1.0289,1.0311
-1.3871,-9.7552,1.0289,1.0306
-1.3966,-9.7593,1.0289,1.0301
-1.4061,-9.7633,1.0289,1.0297
-1.4156,-9.7672,1.0289,1.0294
-1.4252,-9.7711,1.0290,1.0292
-1.4348,-9.7750,1.0290,1.0290
-1.4444,-9.7788,1.0290,1.0290
-1.4540,-9.7825,1.0290,1.0290
-1.4636,-9.7862,1.0290,1.0291
-1.4733,-9.7899,1.0290,1.0292
-1.4830,-9.7934,1.0289,1.0295
-1.4927,-9.7969,1.0289,1.0298
-1.5024,-9.8004,1.0288,1.0302
-1.5122,-9.8038,1.0287,1.0306
-1.5219,-9.8072,1.0287,1.0311
-1.5317,-9.8104,1.0286,1.0316
-1.5415,-9.8137,1.0286,1.0322
-1.5513,-9.8169,1.0285,1.0329
-1.5612,-9.8200,1.0285,1.0336
-1.5710,-9.8232,1.0285,1.0344
-1.5809,-9.8262,1.0284,1.0352
-1.5907,-9.8292,1.0284,1.0360
-1.6006,-9.8322,1.0284,1.0369
-1.6105,-9.8352,1.0284,1.0378
-1.6204,-9.8381,1.0285,1.0387
-1.6303,-9.8411,1.0286,1.0397
-1.6402,-9.8440,1.0287,1.0407
-1.6501,-9.8468,1.0288,1.0416
-1.6600,-9.8497,1.0291,1.0426
-1.6699,-9.8526,1.0293,1.0437
-1.6799,-9.8555,1.0296,1.0448
-1.6898,-9.8585,1.0300,1.0460
-1.6996,-9.8614,1.0305,1.0472
-1.7095,-9.8644,1.0310,1.0486
-1.7194,-9.8675,1.0316,1.0499
-1.7292,-9.8705,1.0323,1.0514
-1.7391,-9.8737,1.0331,1.0529
-1.7489,-9.8768,1.0339,1.0544
-1.7587,-9.8800,1.0348,1.0560
-1.7685,-9.8832,1.0357,1.0577
-1.7783,-9.8865,1.0367,1.0595
-1.7881,-9.8897,1.0376,1.0613
-1.7979,-9.8930,1.0385,1.0632
-1.8077,-9.8963,1.0394,1.0652
-1.8175,-9.8996,1.0403,1.0672
-1.8273,-9.9029,1.0411,1.0692
-1.8370,-9.9063,1.0418,1.0714
-1.8468,-9.9097,1.0424,1.0736
-1.8565,-9.9132,1.0430,1.0758
-1.8662,-9.9167,1.0437,1.0780
-1.8758,-9.9204,1.0443,1.0802
-1.8854,-9.9242,1.0451,1.0823
-1.8950,-9.9282,1.0460,1.0844
-1.9044,-9.9324,1.0471,1.0863
-1.9137,-9.9368,1.0485,1.0881
-1.9229,-9.9415,1.0500,1.0897
-1.9320,-9.9464,1.0519,1.0911
-1.9409,-9.9516,1.0541,1.0923
-1.9496,-9.9572,1.0566,1.0932
-1.9581,-9.9630,1.0547,1.0938
-1.9664,-9.9692,1.0498,1.0941
-1.9745,-9.9757,1.0451,1.0941
-1.9822,-9.9824,1.0407,1.0939
-1.9898,-9.9895,1.0366,1.0933
-1.9970,-9.9968,1.0327,1.0925
-2.0041,-10.0044,1.0290,1.0914
-2.0109,-10.0122,1.0255,1.0901
-2.0174,-10.0201,1.0221,1.0886
-2.0238,-10.0282,1.0189,1.0869
-2.0301,-10.0364,1.0159,1.0852
-2.0362,-10.0447,1.0129,1.0834
-2.0423,-10.0531,1.0100,1.0815
-2.0483,-10.0615,1.0071,1.0797
-2.0542,-10.0700,1.0042,1.0778
-2.0601,-10.0785,1.0013,1.0760
-2.0659,-10.0870,0.9985,1.0741
-2.0718,-10.0955,0.9956,1.0722
-2.0776,-10.1040,0.9927,1.0703
-2.0835,-10.1125,0.9897,1.0685
-2.0894,-10.1210,0.9867,1.0666
-2.0952,-10.1295,0.9837,1.0647
-2.1011,-10.1380,0.9806,1.0629
-2.1070,-10.1465,0.9775,1.0610
-2.1129,-10.1549,0.9743,1.0592
-2.1188,-10.1634,0.9711,1.0574
-2.1247,-10.1719,0.9678,1.0556
-2.1306,-10.1804,0.9645,1.0537
-2.1365,-10.1888,0.9611,1.0519
-2.1424,-10.1973,0.9577,1.0501
-2.1483,-10.2058,0.9543,1.0483
-2.1542,-10.2142,0.9509,1.0465
-2.1601,-10.2227,0.9475,1.0447
-2.1660,-10.2312,0.9440,1.0428
-2.1718,-10.2397,0.9406,1.0410
-2.1777,-10.2482,0.9372,1.0391
-2.1835,-10.2567,0.9338,1.0372
-2.1894,-10.2652,0.9304,1.0353
-2.1952,-10.2738,0.9271,1.0334
-2.2009,-10.2823,0.9238,1.0314
-2.2067,-10.2909,0.9205,1.0294
-2.2124,-10.2995,0.9174,1.0274
-2.2181,-10.3081,0.9142,1.0253
-2.2237,-10.3167,0.9111,1.0232
-2.2294,-10.3254,0.9081,1.0210
-2.2349,-10.3341,0.9051,1.0188
-2.2405,-10.3428,0.9023,1.0166
-2.2460,-10.3516,0.8995,1.0143
-2.2514,-10.3603,0.8967,1.0119
-2.2568,-10.3691,0.8941,1.0095
-2.2622,-10.3780,0.8915,1.0071
-2.2674,-10.3868,0.8890,1.0045
-2.2727,-10.3957,0.8866,1.0019
-2.2779,-10.4047,0.8842,0.9993
-2.2830,-10.4136,0.8820,0.9965
-2.2880,-10.4227,0.8799,0.9937
-2.2929,-10.4317,0.8779,0.9908
-2.2978,-10.4408,0.8760,0.9878
-2.3026,-10.4500,0.8742,0.9848
-2.3073,-10.4592,0.8726,0.9815
-2.3118,-10.4684,0.8710,0.9782
-2.3163,-10.4778,0.8696,0.9748
-2.3206,-10.4871,0.8684,0.9713
-2.3247,-10.4966,0.8674,0.9677
-2.3287,-10.5061,0.8665,0.9640
-2.3326,-10.5157,0.8658,0.9603
-2.3363,-10.5253,0.8653,0.9565
-2.3398,-10.5350,0.8649,0.9526
-2.3431,-10.5448,0.8648,0.9487
-2.3463,-10.5546,0.8647,0.9447
-2.3494,-10.5645,0.8648,0.9407
-2.3524,-10.5744,0.8649,0.9367
-2.3553,-10.5843,0.8651,0.9328
-2.3583,-10.5941,0.8652,0.9290
-2.3613,-10.6040,0.8652,0.9253
-2.3644,-10.6139,0.8652,0.9216
-2.3675,-10.6237,0.8650,0.9182
-2.3708,-10.6335,0.8646,0.9150
-2.3742,-10.6433,0.8641,0.9120
-2.3777,-10.6530,0.8634,0.9093
-2.3813,-10.6626,0.8625,0.9068
-2.3850,-10.6723,0.8614,0.9045
-2.3888,-10.6819,0.8602,0.9023
-2.3927,-10.6914,0.8589,0.9003
-2.3967,-10.7010,0.8575,0.8984
-2.4007,-10.7105,0.8559,0.8965
-2.4048,-10.7200,0.8543,0.8947
-2.4088,-10.7294,0.8526,0.8929
-2.4130,-10.7389,0.8508,0.8911
-2.4171,-10.7484,0.8489,0.8894
-2.4212,-10.7578,0.8470,0.8877
-2.4254,-10.7673,0.8451,0.8859
-2.4295,-10.7768,0.8431,0.8842
-2.4336,-10.7863,0.8410,0.8824
-2.4376,-10.7957,0.8389,0.8807
-2.4416,-10.8053,0.8368,0.8789
-2.4456,-10.8148,0.8346,0.8770
-2.4495,-10.8244,0.8324,0.8752
-2.4533,-10.8339,0.8303,0.8733
-2.4571,-10.8436,0.8281,0.8714
-2.4607,-10.8532,0.8260,0.8694
-2.4643,-10.8629,0.8240,0.8675
-2.4678,-10.8726,0.8220,0.8655
-2.4712,-10.8823,0.8202,0.8635
-2.4746,-10.8921,0.8184,0.8615
-2.4779,-10.9019,0.8166,0.8595
-2.4812,-10.9117,0.8149,0.8576
-2.4844,-10.9215,0.8132,0.8557
-2.4876,-10.9313,0.8116,0.8538
-2.4908,-10.9411,0.8100,0.8520
-2.4940,-10.9509,0.8085,0.8502
-2.4972,-10.9608,0.8070,0.8485
-2.5003,-10.9706,0.8055,0.8467
-2.5035,-10.9804,0.8040,0.8450
-2.5066,-10.9903,0.8026,0.8433
-2.5097,-11.0001,0.8012,0.8416
-2.5128,-11.0100,0.7998,0.8399
-2.5159,-11.0198,0.7985,0.8382
-2.5189,-11.0297,0.7971,0.8365
-2.5219,-11.0396,0.7958,0.8347
-2.5249,-11.0494,0.7945,0.8328
-2.5278,-11.0593,0.7932,0.8310
-2.5307,-11.0693,0.7918,0.8291
-2.5336,-11.0792,0.7903,0.8271
-2.5364,-11.0891,0.7887,0.8251
-2.5391,-11.0991,0.7870,0.8231
-2.5418,-11.1090,0.7850,0.8210
-2.5445,-11.1190,0.7830,0.8189
-2.5471,-11.1290,0.7809,0.8168
-2.5497,-11.1390,0.7787,0.8146
-2.5522,-11.1490,0.7765,0.8123
-2.5547,-11.1590,0.7742,0.8100
-2.5572,-11.1691,0.7720,0.8079
-2.5595,-11.1791,0.7698,0.8057
-2.5619,-11.1892,0.7676,0.8037
-2.5641,-11.1992,0.7655,0.8017
-2.5662,-11.2093,0.7634,0.7997
-2.5683,-11.2195,0.7614,0.7977
-2.5702,-11.2296,0.7596,0.7957
-2.5719,-11.2398,0.7579,0.7937
-2.5734,-11.2500,0.7564,0.7917
-2.5748,-11.2602,0.7551,0.7895
-2.5759,-11.2705,0.7540,0.7873
-2.5769,-11.2808,0.7531,0.7851
-2.5777,-11.2911,0.7523,0.7828
-2.5783,-11.3014,0.7516,0.7804
-2.5788,-11.3117,0.7511,0.7781
-2.5793,-11.3220,0.7506,0.7757
-2.5796,-11.3323,0.7502,0.7734
-2.5800,-11.3426,0.7499,0.7712
-2.5803,-11.3530,0.7495,0.7691
-2.5806,-11.3633,0.7491,0.7672
-2.5810,-11.3736,0.7487,0.7655
-2.5814,-11.3839,0.7483,0.7638
-2.5818,-11.3942,0.7477,0.7624
-2.5823,-11.4045,0.7471,0.7612
-2.5828,-11.4149,0.7465,0.7600
-2.5833,-11.4252,0.7457,0.7589
-2.5839,-11.4355,0.7449,0.7578
-2.5846,-11.4458,0.7440,0.7567
-2.5852,-11.4561,0.7430,0.7557
-2.5859,-11.4664,0.7419,0.7547
-2.5866,-11.4767,0.7406,0.7537
-2.5873,-11.4870,0.7392,0.7527
-2.5881,-11.4973,0.7377,0.7518
-2.5888,-11.5076,0.7359,0.7508
-2.5896,-11.5179,0.7339,0.7499
-2.5903,-11.5282,0.7318,0.7489
-2.5911,-11.5385,0.7296,0.7480
-2.5918,-11.5488,0.7272,0.7470
-2.5925,-11.5591,0.7248,0.7461
-2.5932,-11.5694,0.7224,0.7451
-2.5939,-11.5797,0.7200,0.7441
-2.5945,-11.5900,0.7177,0.7430
-2.5951,-11.6003,0.7153,0.7419
-2.5957,-11.6106,0.7130,0.7408
-2.5962,-11.6209,0.7108,0.7396
-2.5966,-11.6312,0.7086,0.7383
-2.5970,-11.6415,0.7066,0.7370
-2.5972,-11.6519,0.7046,0.7356
-2.5974,-11.6622,0.7028,0.7340
-2.5974,-11.6725,0.7011,0.7324
-2.5973,-11.6828,0.6996,0.7306
-2.5970,-11.6932,0.6982,0.7286
-2.5966,-11.7035,0.6970,0.7265
-2.5960,-11.7138,0.6961,0.7244
-2.5951,-11.7241,0.6953,0.7222
-2.5941,-11.7343,0.6948,0.7199
-2.5929,-11.7446,0.6944,0.7176
-2.5916,-11.7548,0.6942,0.7153
-2.5901,-11.7650,0.6941,0.7130
-2.5885,-11.7753,0.6940,0.7108
-2.5869,-11.7855,0.6940,0.7087
-2.5853,-11.7956,0.6940,0.7067
-2.5837,-11.8058,0.6939,0.7049
-2.5821,-11.8161,0.6938,0.7032
-2.5806,-11.8263,0.6936,0.7018
-2.5790,-11.8365,0.6934,0.7004
-2.5775,-11.8467,0.6932,0.6991
-2.5759,-11.8569,0.6930,0.6979
-2.5743,-11.8671,0.6928,0.6969
-2.5726,-11.8773,0.6927,0.6959
-2.5710,-11.8875,0.6926,0.6951
-2.5693,-11.8977,0.6925,0.6945
-2.5677,-11.9078,0.6924,0.6940
-2.5661,-11.9180,0.6923,0.6935
-2.5645,-11.9282,0.6922,0.6931
-2.5630,-11.9385,0.6921,0.6927
-2.5615,-11.9487,0.6920,0.6923
-2.5600,-11.9589,0.6919,0.6920
-2.5586,-11.9691,0.6917,0.6917
-2.5573,-11.9794,0.6915,0.6915
-2.5560,-11.9896,0.6914,0.6912
-2.5547,-11.9998,0.6912,0.6910
-2.5535,-12.0101,0.6911,0.6909
-2.5523,-12.0203,0.6910,0.6907
-2.5511,-12.0306,0.6908,0.6906
-2.5499,-12.0409,0.6907,0.6905
-2.5488,-12.0511,0.6905,0.6904
-2.5476,-12.0614,0.6904,0.6903
-2.5465,-12.0717,0.6903,0.6902
-2.5454,-12.0819,0.6902,0.6901
-2.5444,-12.0922,0.6900,0.6900
-2.5433,-12.1025,0.6899,0.6899
-2.5422,-12.1127,0.6897,0.6898
-2.5411,-12.1230,0.6896,0.6897
-2.5401,-12.1333,0.6893,0.6896
-2.5390,-12.1435,0.6890,0.6895
-2.5380,-12.1538,0.6887,0.6893
-2.5369,-12.1641,0.6882,0.6892
-2.5358,-12.1743,0.6877,0.6891
-2.5348,-12.1846,0.6871,0.6889
-2.5337,-12.1949,0.6864,0.6887
-2.5326,-12.2052,0.6857,0.6885
-2.5316,-12.2154,0.6849,0.6883
-2.5305,-12.2257,0.6840,0.6880
-2.5294,-12.2360,0.6832,0.6878
-2.5283,-12.2462,0.6823,0.6875
-2.5272,-12.2565,0.6814,0.6872
-2.5261,-12.2668,0.6806,0.6869
-2.5250,-12.2770,0.6797,0.6865
-2.5239,-12.2873,0.6788,0.6861
-2.5228,-12.2976,0.6779,0.6857
-2.5217,-12.3078,0.6771,0.6853
-2.5206,-12.3181,0.6762,0.6848
-2.5195,-12.3283,0.6753,0.6843
-2.5183,-12.3386,0.6744,0.6837
-2.5172,-12.3489,0.6736,0.6832
-2.5160,-12.3591,0.6727,0.6826
-2.5149,-12.3694,0.6718,0.6819
-2.5138,-12.3796,0.6709,0.6812
-2.5126,-12.3899,0.6699,0.6805
-2.5114,-12.4002,0.6689,0.6797
-2.5103,-12.4104,0.6679,0.6789
-2.5091,-12.4207,0.6669,0.6780
-2.5079,-12.4309,0.6659,0.6771
-2.5067,-12.4412,0.6648,0.6761
-2.5055,-12.4514,0.6637,0.6751
-2.5042,-12.4617,0.6627,0.6740
-2.5030,-12.4719,0.6616,0.6729
-2.5016,-12.4822,0.6606,0.6716
-2.5003,-12.4924,0.6595,0.6704
-2.4988,-12.5026,0.6586,0.6691
-2.4973,-12.5128,0.6576,0.6678
-2.4958,-12.5231,0.6568,0.6666
-2.4941,-12.5332,0.6559,0.6653
-2.4924,-12.5434,0.6552,0.6641
-2.4906,-12.5536,0.6545,0.6628
-2.4887,-12.5637,0.6539,0.6616
-2.4868,-12.5739,0.6534,0.6605
-2.4848,-12.5840,0.6529,0.6594
-2.4828,-12.5941,0.6524,0.6583
-2.4807,-12.6043,0.6519,0.6573
-2.4787,-12.6144,0.6514,0.6564
-2.4767,-12.6245,0.6509,0.6556
-2.4746,-12.6346,0.6504,0.6548
-2.4726,-12.6448,0.6499,0.6540
-2.4706,-12.6549,0.6493,0.6533
-2.4687,-12.6650,0.6487,0.6526
-2.4667,-12.6752,0.6482,0.6519
-2.4648,-12.6853,0.6475,0.6512
-2.4629,-12.6955,0.6469,0.6506
-2.4610,-12.7056,0.6462,0.6500
-2.4591,-12.7158,0.6454,0.6494
-2.4572,-12.7259,0.6447,0.6488
-2.4554,-12.7361,0.6439,0.6482
-2.4535,-12.7462,0.6431,0.6477
-2.4517,-12.7564,0.6423,0.6471
-2.4498,-12.7665,0.6414,0.6466
-2.4480,-12.7767,0.6404,0.6460
-2.4462,-12.7869,0.6394,0.6454
-2.4443,-12.7970,0.6384,0.6449
-2.4425,-12.8072,0.6373,0.6443
-2.4406,-12.8173,0.6361,0.6437
-2.4388,-12.8275,0.6349,0.6431
-2.4369,-12.8376,0.6336,0.6425
-2.4350,-12.8478,0.6322,0.6419
-2.4331,-12.8579,0.6307,0.6412
-2.4311,-12.8681,0.6292,0.6406
-2.4292,-12.8782,0.6277,0.6399
-2.4272,-12.8883,0.6261,0.6391
-2.4251,-12.8985,0.6245,0.6384
-2.4231,-12.9086,0.6229,0.6375
-2.4210,-12.9187,0.6213,0.6367
-2.4188,-12.9288,0.6196,0.6357
-2.4165,-12.9389,0.6181,0.6348
-2.4142,-12.9489,0.6165,0.6337
-2.4119,-12.9590,0.6151,0.6326
-2.4094,-12.9690,0.6137,0.6314
-2.4069,-12.9790,0.6123,0.6301
-2.4043,-12.9890,0.6111,0.6288
-2.4016,-12.9990,0.6099,0.6274
-2.3989,-13.0089,0.6088,0.6260
-2.3961,-13.0189,0.6077,0.6246
-2.3933,-13.0288,0.6067,0.6232
-2.3905,-13.0388,0.6057,0.6218
-2.3877,-13.0487,0.6048,0.6204
-2.3849,-13.0586,0.6038,0.6190
-2.3822,-13.0686,0.6029,0.6177
-2.3794,-13.0785,0.6020,0.6163
-2.3767,-13.0885,0.6010,0.6151
-2.3740,-13.0984,0.6001,0.6138
-2.3713,-13.1084,0.5991,0.6126
-2.3687,-13.1184,0.5982,0.6114
-2.3660,-13.1284,0.5972,0.6102
-2.3634,-13.1384,0.5963,0.6091
-2.3609,-13.1484,0.5953,0.6080
-2.3583,-13.1584,0.5944,0.6069
-2.3558,-13.1684,0.5934,0.6058
-2.3533,-13.1784,0.5924,0.6047
-2.3507,-13.1884,0.5914,0.6037
-2.3483,-13.1984,0.5904,0.6026
-2.3458,-13.2085,0.5894,0.6016
-2.3433,-13.2185,0.5885,0.6006
-2.3408,-13.2285,0.5874,0.5996
-2.3383,-13.2385,0.5864,0.5986
-2.3358,-13.2485,0.5853,0.5976
-2.3333,-13.2586,0.5843,0.5965
-2.3308,-13.2686,0.5832,0.5955
-2.3283,-13.2786,0.5821,0.5945
-2.3258,-13.2886,0.5810,0.5934
-2.3232,-13.2986,0.5799,0.5924
-2.3207,-13.3086,0.5787,0.5913
-2.3181,-13.3186,0.5776,0.5902
-2.3154,-13.3286,0.5764,0.5891
-2.3128,-13.3386,0.5753,0.5879
-2.3101,-13.3485,0.5741,0.5868
-2.3074,-13.3585,0.5730,0.5857
-2.3047,-13.3685,0.5719,0.5845
-2.3020,-13.3784,0.5707,0.5834
-2.2992,-13.3884,0.5696,0.5822
-2.2965,-13.3983,0.5685,0.5810
-2.2937,-13.4083,0.5674,0.5799
-2.2910,-13.4182,0.5663,0.5788
-2.2882,-13.4282,0.5652,0.5776
-2.2855,-13.4381,0.5642,0.5765
-2.2827,-13.4481,0.5631,0.5754
-2.2800,-13.4580,0.5621,0.5742
-2.2772,-13.4680,0.5611,0.5731
-2.2745,-13.4779,0.5601,0.5720
-2.2717,-13.4879,0.5591,0.5709
-2.2690,-13.4978,0.5582,0.5698
-2.2663,-13.5078,0.5573,0.5687
-2.2635,-13.5178,0.5564,0.5676
-2.2608,-13.5277,0.5555,0.5666
-2.2581,-13.5377,0.5547,0.5655
-2.2553,-13.5476,0.5539,0.5644
-2.2526,-13.5576,0.5531,0.5633
-2.2498,-13.5675,0.5524,0.5622
-2.2471,-13.5775,0.5517,0.5611
-2.2443,-13.5874,0.5510,0.5600
-2.2415,-13.5974,0.5503,0.5588
-2.2387,-13.6073,0.5497,0.5577
-2.2359,-13.6172,0.5492,0.5566
-2.2331,-13.6272,0.5486,0.5555
-2.2302,-13.6371,0.5481,0.5544
-2.2273,-13.6470,0.5477,0.5533
-2.2243,-13.6569,0.5473,0.5523
-2.2214,-13.6668,0.5469,0.5512
-2.2184,-13.6766,0.5466,0.5503
-2.2153,-13.6865,0.5464,0.5494
-2.2122,-13.6963,0.5462,0.5487
-2.2091,-13.7062,0.5460,0.5480
-2.2059,-13.7160,0.5459,0.5474
-2.2027,-13.7258,0.5458,0.5469
-2.1995,-13.7356,0.5458,0.5465
-2.1963,-13.7454,0.5457,0.5461
-2.1930,-13.7552,0.5457,0.5459
-2.1897,-13.7650,0.5457,0.5458
-2.1865,-13.7748,0.5457,0.5457
-2.1832,-13.7846,0.5457,0.5457
-2.1799,-13.7944,0.5457,0.5457
-2.1766,-13.8042,0.5457,0.5457
-2.1733,-13.8140,0.5457,0.5457
-2.1700,-13.8238,0.5457,0.5457
-2.1667,-13.8335,0.5458,0.5458
-2.1634,-13.8433,0.5458,0.5459
-2.1601,-13.8531,0.5459,0.5459
-2.1567,-13.8629,0.5459,0.5460
-2.1533,-13.8726,0.5460,0.5461
-2.1500,-13.8824,0.5461,0.5462
-2.1465,-13.8921,0.5462,0.5463
-2.1431,-13.9018,0.5463,0.5464
-2.1396,-13.9116,0.5464,0.5466
-2.1361,-13.9213,0.5465,0.5467
-2.1326,-13.9310,0.5466,0.5468
-2.1290,-13.9407,0.5467,0.5469
-2.1254,-13.9503,0.5469,0.5470
-2.1217,-13.9600,0.5469,0.5470
-2.1180,-13.9696,0.5470,0.5470
-2.1143,-13.9792,0.5471,0.5470
-2.1105,-13.9889,0.5470,0.5470
-2.1067,-13.9984,0.5469,0.5469
-2.1028,-14.0080,0.5467,0.5468
-2.0988,-14.0176,0.5463,0.5467
-2.0949,-14.0271,0.5458,0.5465
-2.0909,-14.0366,0.5452,0.5462
-2.0868,-14.0461,0.5445,0.5460
-2.0827,-14.0556,0.5437,0.5457
-2.0786,-14.0650,0.5428,0.5453
-2.0744,-14.0745,0.5420,0.5449
-2.0702,-14.0839,0.5411,0.5444
-2.0659,-14.0933,0.5402,0.5440
-2.0616,-14.1027,0.5394,0.5434
-2.0573,-14.1120,0.5385,0.5429
-2.0529,-14.1214,0.5377,0.5423
-2.0485,-14.1307,0.5370,0.5416
-2.0441,-14.1401,0.5364,0.5410
-2.0396,-14.1494,0.5357,0.5403
-2.0352,-14.1587,0.5351,0.5396
-2.0307,-14.1680,0.5346,0.5389
-2.0263,-14.1773,0.5341,0.5382
-2.0218,-14.1866,0.5337,0.5375
-2.0174,-14.1960,0.5333,0.5368
-2.0129,-14.2053,0.5329,0.5362
-2.0085,-14.2146,0.5327,0.5355
-2.0041,-14.2240,0.5323,0.5349
-1.9998,-14.2333,0.5321,0.5344
-1.9955,-14.2427,0.5319,0.5338
-1.9912,-14.2521,0.5317,0.5333
-1.9869,-14.2615,0.5315,0.5329
-1.9827,-14.2709,0.5313,0.5324
-1.9786,-14.2804,0.5312,0.5321
-1.9744,-14.2899,0.5310,0.5317
-1.9704,-14.2993,0.5309,0.5315
-1.9663,-14.3088,0.5309,0.5312
-1.9623,-14.3184,0.5308,0.5310
-1.9584,-14.3279,0.5308,0.5309
-1.9544,-14.3374,0.5307,0.5308
-1.9505,-14.3470,0.5307,0.5307
-1.9467,-14.3566,0.5307,0.5307
-1.9429,-14.3662,0.5307,0.5307
-1.9391,-14.3758,0.5307,0.5307
-1.9354,-14.3854,0.5308,0.5308
-1.9316,-14.3950,0.5308,0.5309
-1.9279,-14.4047,0.5309,0.5310
-1.9243,-14.4143,0.5310,0.5312
-1.9206,-14.4240,0.5311,0.5314
-1.9170,-14.4337,0.5312,0.5316
-1.9134,-14.4433,0.5314,0.5318
-1.9098,-14.4530,0.5315,0.5320
-1.9062,-14.4627,0.5317,0.5322
-1.9026,-14.4724,0.5319,0.5324
-1.8991,-14.4821,0.5321,0.5327
-1.8955,-14.4918,0.5323,0.5329
-1.8919,-14.5014,0.5325,0.5331
-1.8884,-14.5111,0.5328,0.5334
-1.8848,-14.5208,0.5330,0.5336
-1.8813,-14.5305,0.5332,0.5338
-1.8778,-14.5402,0.5335,0.5340
-1.8742,-14.5499,0.5337,0.5342
-1.8707,-14.5596,0.5340,0.5344
-1.8672,-14.5694,0.5342,0.5347
-1.8637,-14.5791,0.5344,0.5349
-1.8602,-14.5888,0.5347,0.5351
-1.8567,-14.5985,0.5349,0.5353
-1.8532,-14.6082,0.5352,0.5355
-1.8497,-14.6179,0.5354,0.5356
-1.8462,-14.6276,0.5356,0.5358
-1.8428,-14.6374,0.5358,0.5360
-1.8393,-14.6471,0.5360,0.5362
-1.8359,-14.6568,0.5362,0.5364
-1.8324,-14.6666,0.5364,0.5365
-1.8290,-14.6763,0.5366,0.5367
-1.8255,-14.6860,0.5367,0.5369
-1.8221,-14.6958,0.5369,0.5370
-1.8187,-14.7055,0.5370,0.5372
-1.8153,-14.7153,0.5372,0.5374
-1.8119,-14.7250,0.5373,0.5375
-1.8085,-14.7348,0.5375,0.5377
-1.8051,-14.7445,0.5376,0.5379
-1.8017,-14.7543,0.5377,0.5380
-1.7983,-14.7640,0.5379,0.5382
-1.7949,-14.7738,0.5380,0.5385
-1.7915,-14.7835,0.5382,0.5387
-1.7881,-14.7932,0.5384,0.5390
-1.7846,-14.8030,0.5385,0.5393
-1.7811,-14.8127,0.5387,0.5397
-1.7776,-14.8224,0.5390,0.5402
-1.7741,-14.8321,0.5393,0.5406
-1.7705,-14.8418,0.5396,0.5412
-1.7669,-14.8515,0.5399,0.5417
-1.7633,-14.8611,0.5403,0.5424
-1.7596,-14.8708,0.5408,0.5430
-1.7558,-14.8804,0.5412,0.5436
-1.7520,-14.8900,0.5417,0.5443
-1.7482,-14.8996,0.5423,0.5450
-1.7443,-14.9091,0.5428,0.5457
-1.7404,-14.9187,0.5434,0.5464
-1.7365,-14.9282,0.5441,0.5470
-1.7325,-14.9378,0.5447,0.5477
-1.7285,-14.9473,0.5454,0.5483
-1.7244,-14.9568,0.5460,0.5489
-1.7203,-14.9663,0.5467,0.5495
-1.7162,-14.9757,0.5473,0.5501
-1.7121,-14.9852,0.5480,0.5506
-1.7080,-14.9947,0.5486,0.5511
-1.7038,-15.0041,0.5492,0.5516
-1.6996,-15.0135,0.5498,0.5521
-1.6954,-15.0230,0.5504,0.5526
-1.6912,-15.0324,0.5510,0.5531
-1.6870,-15.0418,0.5515,0.5535
-1.6828,-15.0513,0.5520,0.5540
-1.6786,-15.0607,0.5524,0.5544
-1.6744,-15.0701,0.5529,0.5549
-1.6702,-15.0796,0.5533,0.5553
-1.6660,-15.0890,0.5537,0.5558
-1.6618,-15.0984,0.5542,0.5563
-1.6577,-15.1079,0.5546,0.5567
-1.6535,-15.1173,0.5550,0.5572
-1.6493,-15.1268,0.5554,0.5577
-1.6452,-15.1362,0.5558,0.5583
-1.6411,-15.1457,0.5562,0.5588
-1.6370,-15.1552,0.5566,0.5593
-1.6329,-15.1646,0.5570,0.5599
-1.6288,-15.1741,0.5574,0.5605
-1.6247,-15.1836,0.5579,0.5611
-1.6206,-15.1931,0.5583,0.5617
-1.6166,-15.2026,0.5588,0.5623
-1.6125,-15.2121,0.5593,0.5629
-1.6085,-15.2216,0.5598,0.5635
-1.6044,-15.2311,0.5603,0.5642
-1.6004,-15.2406,0.5608,0.5648
-1.5964,-15.2501,0.5614,0.5654
-1.5923,-15.2596,0.5620,0.5660
-1.5883,-15.2691,0.5626,0.5666
-1.5842,-15.2786,0.5632,0.5672
-1.5802,-15.2881,0.5638,0.5678
-1.5761,-15.2976,0.5645,0.5684
-1.5721,-15.3071,0.5651,0.5689
-1.5680,-15.3166,0.5658,0.5694
-1.5640,-15.3261,0.5664,0.5699
-1.5599,-15.3356,0.5670,0.5704
-1.5558,-15.3450,0.5677,0.5708
-1.5518,-15.3545,0.5683,0.5712
-1.5477,-15.3640,0.5689,0.5716
-1.5436,-15.3735,0.5695,0.5719
-1.5395,-15.3830,0.5700,0.5722
-1.5355,-15.3925,0.5705,0.5724
-1.5314,-15.4020,0.5710,0.5726
-1.5274,-15.4115,0.5714,0.5728
-1.5233,-15.4210,0.5717,0.5730
-1.5193,-15.4305,0.5721,0.5731
-1.5153,-15.4400,0.5723,0.5732
-1.5113,-15.4495,0.5726,0.5733
-1.5074,-15.4591,0.5728,0.5734
-1.5034,-15.4686,0.5730,0.5734
-1.4995,-15.4781,0.5731,0.5735
-1.4956,-15.4877,0.5732,0.5735
-1.4917,-15.4973,0.5733,0.5735
-1.4878,-15.5068,0.5734,0.5736
-1.4840,-15.5164,0.5734,0.5736
-1.4801,-15.5260,0.5735,0.5736
-1.4763,-15.5356,0.5735,0.5736
-1.4726,-15.5452,0.5735,0.5736
-1.4688,-15.5548,0.5736,0.5736
-1.4651,-15.5645,0.5736,0.5736
-1.4614,-15.5741,0.5736,0.5737
-1.4577,-15.5838,0.5736,0.5737
-1.4541,-15.5934,0.5737,0.5737
-1.4504,-15.6031,0.5737,0.5737
-1.4468,-15.6128,0.5737,0.5737
-1.4432,-15.6224,0.5737,0.5737
-1.4397,-15.6321,0.5738,0.5738
-1.4361,-15.6418,0.5738,0.5738
-1.4326,-15.6515,0.5738,0.5738
-1.4291,-15.6612,0.5738,0.5738
-1.4256,-15.6710,0.5739,0.5738
-1.4222,-15.6807,0.5738,0.5739
-1.4187,-15.6904,0.5738,0.5739
-1.4153,-15.7002,0.5738,0.5739
-1.4119,-15.7099,0.5737,0.5739
-1.4085,-15.7197,0.5737,0.5739
-1.4052,-15.7294,0.5736,0.5738
-1.4018,-15.7392,0.5735,0.5738
-1.3985,-15.7490,0.5733,0.5738
-1.3952,-15.7588,0.5731,0.5737
-1.3919,-15.7685,0.5728,0.5737
-1.3886,-15.7783,0.5725,0.5736
-1.3854,-15.7881,0.5722,0.5735
-1.3821,-15.7979,0.5718,0.5734
-1.3789,-15.8077,0.5714,0.5732
-1.3757,-15.8175,0.5709,0.5730
-1.3724,-15.8273,0.5704,0.5728
-1.3692,-15.8372,0.5698,0.5726
-1.3660,-15.8470,0.5692,0.5723
-1.3628,-15.8568,0.5686,0.5720
-1.3596,-15.8666,0.5680,0.5716
-1.3565,-15.8764,0.5673,0.5712
-1.3533,-15.8863,0.5667,0.5708
-1.3501,-15.8961,0.5660,0.5703
-1.3469,-15.9059,0.5654,0.5698
-1.3438,-15.9157,0.5647,0.5693
-1.3406,-15.9256,0.5641,0.5687
-1.3375,-15.9354,0.5635,0.5681
-1.3343,-15.9452,0.5629,0.5674
-1.3312,-15.9551,0.5623,0.5668
-1.3281,-15.9649,0.5617,0.5661
-1.3250,-15.9748,0.5611,0.5654
-1.3220,-15.9846,0.5606,0.5647
-1.3189,-15.9945,0.5600,0.5640
-1.3160,-16.0044,0.5595,0.5633
-1.3130,-16.0143,0.5589,0.5625
-1.3101,-16.0242,0.5584,0.5618
-1.3073,-16.0341,0.5578,0.5611
-1.3044,-16.0441,0.5573,0.5604
-1.3017,-16.0540,0.5568,0.5597
-1.2990,-16.0640,0.5562,0.5590
-1.2963,-16.0739,0.5557,0.5583
-1.2937,-16.0839,0.5551,0.5577
-1.2911,-16.0939,0.5546,0.5570
-1.2886,-16.1039,0.5541,0.5564
-1.2862,-16.1140,0.5536,0.5558
-1.2837,-16.1240,0.5531,0.5552
-1.2814,-16.1341,0.5525,0.5546
-1.2791,-16.1441,0.5520,0.5540
-1.2768,-16.1542,0.5515,0.5535
-1.2746,-16.1643,0.5510,0.5530
-1.2724,-16.1744,0.5505,0.5525
-1.2703,-16.1845,0.5500,0.5520
-1.2682,-16.1946,0.5495,0.5515
-1.2662,-16.2047,0.5491,0.5510
-1.2641,-16.2148,0.5486,0.5506
-1.2622,-16.2250,0.5482,0.5502
-1.2603,-16.2351,0.5477,0.5497
-1.2584,-16.2453,0.5473,0.5493
-1.2565,-16.2554,0.5469,0.5489
-1.2547,-16.2656,0.5464,0.5486
-1.2529,-16.2758,0.5460,0.5482
-1.2511,-16.2859,0.5456,0.5478
-1.2494,-16.2961,0.5452,0.5475
-1.2477,-16.3063,0.5448,0.5471
-1.2460,-16.3165,0.5444,0.5468
-1.2444,-16.3267,0.5440,0.5465
-1.2427,-16.3369,0.5435,0.5461
-1.2411,-16.3471,0.5430,0.5458
-1.2395,-16.3573,0.5426,0.5454
-1.2380,-16.3675,0.5421,0.5451
-1.2364,-16.3777,0.5416,0.5447
-1.2348,-16.3879,0.5411,0.5444
-1.2333,-16.3981,0.5406,0.5440
-1.2318,-16.4083,0.5400,0.5436
-1.2302,-16.4185,0.5395,0.5432
-1.2287,-16.4287,0.5389,0.5427
-1.2272,-16.4389,0.5384,0.5422
-1.2257,-16.4491,0.5379,0.5417
-1.2241,-16.4593,0.5373,0.5411
-1.2226,-16.4696,0.5367,0.5405
-1.2211,-16.4798,0.5362,0.5397
-1.2196,-16.4900,0.5357,0.5389
-1.2181,-16.5002,0.5351,0.5378
-1.2167,-16.5104,0.5346,0.5367
-1.2152,-16.5207,0.5339,0.5356
-1.2139,-16.5309,0.5333,0.5344
-1.2125,-16.5411,0.5327,0.5333
-1.2113,-16.5514,0.5320,0.5321
-1.2100,-16.5616,0.5312,0.5311
-1.2089,-16.5719,0.5304,0.5300
-1.2078,-16.5821,0.5295,0.5290
-1.2067,-16.5924,0.5286,0.5281
-1.2057,-16.6027,0.5277,0.5272
-1.2048,-16.6130,0.5267,0.5263
-1.2038,-16.6233,0.5257,0.5255
-1.2030,-16.6335,0.5246,0.5246
-1.2021,-16.6438,0.5236,0.5239
-1.2013,-16.6541,0.5225,0.5231
-1.2005,-16.6644,0.5214,0.5224
-1.1998,-16.6747,0.5203,0.5217
-1.1990,-16.6850,0.5193,0.5209
-1.1983,-16.6953,0.5182,0.5203
-1.1976,-16.7056,0.5171,0.5196
-1.1969,-16.7159,0.5162,0.5190
-1.1963,-16.7262,0.5152,0.5183
-1.1957,-16.7365,0.5142,0.5177
-1.1950,-16.7468,0.5133,0.5171
-1.1944,-16.7571,0.5125,0.5165
-1.1939,-16.7674,0.5117,0.5160
-1.1933,-16.7778,0.5110,0.5154
-1.1928,-16.7881,0.5103,0.5148
-1.1922,-16.7984,0.5097,0.5143
-1.1917,-16.8087,0.5092,0.5138
-1.1912,-16.8190,0.5086,0.5133
-1.1908,-16.8293,0.5083,0.5128
-1.1904,-16.8396,0.5079,0.5123
-1.1899,-16.8499,0.5076,0.5119
-1.1896,-16.8603,0.5074,0.5114
-1.1892,-16.8706,0.5072,0.5110
-1.1889,-16.8809,0.5071,0.5106
-1.1886,-16.8912,0.5071,0.5103
-1.1884,-16.9015,0.5072,0.5099
-1.1882,-16.9119,0.5072,0.5096
-1.1880,-16.9222,0.5074,0.5093
-1.1879,-16.9325,0.5075,0.5091
-1.1878,-16.9428,0.5078,0.5089
-1.1879,-16.9532,0.5081,0.5088
-1.1880,-16.9635,0.5084,0.5087
-1.1881,-16.9738,0.5087,0.5086
-1.1883,-16.9841,0.5090,0.5087
-1.1887,-16.9945,0.5094,0.5087
-1.1891,-17.0048,0.5097,0.5088
-1.1896,-17.0151,0.5101,0.5090
-1.1902,-17.0254,0.5104,0.5093
-1.1910,-17.0357,0.5108,0.5096
-1.1918,-17.0460,0.5111,0.5100
-1.1928,-17.0562,0.5114,0.5104
-1.1939,-17.0665,0.5116,0.5108
-1.1951,-17.0768,0.5118,0.5112
-1.1964,-17.0870,0.5120,0.5116
-1.1978,-17.0972,0.5122,0.5120
-1.1993,-17.1075,0.5123,0.5123
-1.2009,-17.1177,0.5125,0.5126
-1.2026,-17.1278,0.5126,0.5129
-1.2043,-17.1380,0.5128,0.5132
-1.2062,-17.1482,0.5129,0.5135
-1.2080,-17.1583,0.5131,0.5137
-1.2100,-17.1685,0.5133,0.5140
-1.2120,-17.1786,0.5135,0.5143
-1.2140,-17.1887,0.5137,0.5146
-1.2161,-17.1988,0.5139,0.5149
-1.2182,-17.2089,0.5141,0.5152
-1.2203,-17.2190,0.5143,0.5156
-1.2225,-17.2291,0.5146,0.5159
-1.2248,-17.2392,0.5149,0.5163
-1.2270,-17.2493,0.5152,0.5166
-1.2294,-17.2593,0.5155,0.5170
-1.2317,-17.2694,0.5158,0.5174
-1.2341,-17.2794,0.5161,0.5178
-1.2365,-17.2895,0.5165,0.5183
-1.2390,-17.2995,0.5168,0.5188
-1.2416,-17.3095,0.5172,0.5193
-1.2441,-17.3195,0.5176,0.5198
-1.2468,-17.3295,0.5179,0.5203
-1.2494,-17.3395,0.5184,0.5209
-1.2522,-17.3494,0.5187,0.5215
-1.2549,-17.3594,0.5192,0.5221
-1.2578,-17.3693,0.5195,0.5228
-1.2607,-17.3792,0.5199,0.5235
-1.2636,-17.3891,0.5204,0.5242
-1.2666,-17.3990,0.5208,0.5250
-1.2697,-17.4088,0.5213,0.5258
-1.2728,-17.4187,0.5216,0.5266
-1.2760,-17.4285,0.5221,0.5274
-1.2792,-17.4383,0.5226,0.5283
-1.2824,-17.4481,0.5230,0.5292
-1.2858,-17.4579,0.5235,0.5301
-1.2891,-17.4676,0.5240,0.5311
-1.2925,-17.4774,0.5245,0.5321
-1.2960,-17.4871,0.5250,0.5330
-1.2995,-17.4968,0.5256,0.5341
-1.3030,-17.5065,0.5262,0.5351
-1.3065,-17.5162,0.5267,0.5361
-1.3101,-17.5259,0.5274,0.5371
-1.3137,-17.5356,0.5280,0.5382
-1.3174,-17.5453,0.5287,0.5392
-1.3210,-17.5549,0.5294,0.5403
-1.3247,-17.5646,0.5301,0.5414
-1.3284,-17.5742,0.5309,0.5425
-1.3322,-17.5838,0.5316,0.5436
-1.3359,-17.5934,0.5324,0.5447
-1.3397,-17.6030,0.5332,0.5458
-1.3435,-17.6126,0.5340,0.5469
-1.3474,-17.6222,0.5348,0.5481
-1.3513,-17.6318,0.5357,0.5493
-1.3552,-17.6413,0.5365,0.5504
-1.3591,-17.6509,0.5373,0.5517
-1.3631,-17.6604,0.5382,0.5529
-1.3671,-17.6699,0.5390,0.5542
-1.3712,-17.6794,0.5399,0.5555
-1.3753,-17.6889,0.5407,0.5568
-1.3794,-17.6983,0.5415,0.5581
-1.3836,-17.7078,0.5423,0.5595
-1.3879,-17.7172,0.5432,0.5610
-1.3922,-17.7266,0.5439,0.5624
-1.3965,-17.7359,0.5447,0.5640
-1.4009,-17.7453,0.5455,0.5655
-1.4054,-17.7546,0.5461,0.5671
-1.4100,-17.7638,0.5468,0.5688
-1.4146,-17.7731,0.5475,0.5706
-1.4193,-17.7823,0.5480,0.5724
-1.4240,-17.7914,0.5486,0.5743
-1.4289,-17.8005,0.5491,0.5763
-1.4338,-17.8096,0.5496,0.5785
-1.4388,-17.8186,0.5500,0.5809
-1.4438,-17.8277,0.5504,0.5835
-1.4489,-17.8366,0.5508,0.5863
-1.4541,-17.8456,0.5511,0.5892
-1.4592,-17.8546,0.5516,0.5924
-1.4643,-17.8635,0.5520,0.5957
-1.4693,-17.8725,0.5525,0.5989
-1.4743,-17.8816,0.5532,0.6022
-1.4791,-17.8907,0.5541,0.6056
-1.4838,-17.8999,0.5550,0.6089
-1.4884,-17.9092,0.5562,0.6121
-1.4928,-17.9185,0.5576,0.6153
-1.4971,-17.9279,0.5592,0.6183
-1.5012,-17.9374,0.5609,0.6212
-1.5051,-17.9469,0.5627,0.6239
-1.5090,-17.9565,0.5647,0.6266
-1.5128,-17.9661,0.5668,0.6291
-1.5164,-17.9758,0.5690,0.6315
-1.5200,-17.9854,0.5713,0.6338
-1.5235,-17.9952,0.5736,0.6361
-1.5270,-18.0049,0.5760,0.6383
-1.5304,-18.0146,0.5784,0.6404
-1.5337,-18.0244,0.5808,0.6424
-1.5370,-18.0342,0.5833,0.6444
-1.5403,-18.0440,0.5857,0.6464
-1.5436,-18.0538,0.5882,0.6484
-1.5468,-18.0636,0.5906,0.6503
-1.5500,-18.0734,0.5931,0.6521
-1.5533,-18.0832,0.5955,0.6540
-1.5565,-18.0930,0.5979,0.6558
-1.5597,-18.1028,0.6003,0.6576
-1.5629,-18.1126,0.6026,0.6594
-1.5661,-18.1224,0.6049,0.6612
-1.5693,-18.1322,0.6072,0.6630
-1.5725,-18.1421,0.6095,0.6647
-1.5758,-18.1519,0.6117,0.6665
-1.5790,-18.1617,0.6140,0.6682
-1.5823,-18.1714,0.6162,0.6699
-1.5856,-18.1812,0.6184,0.6716
-1.5889,-18.1910,0.6206,0.6733
-1.5922,-18.2008,0.6228,0.6749
-1.5955,-18.2106,0.6250,0.6765
-1.5989,-18.2203,0.6272,0.6781
-1.6023,-18.2301,0.6293,0.6797
-1.6056,-18.2398,0.6315,0.6813
-1.6091,-18.2496,0.6337,0.6828
-1.6125,-18.2593,0.6359,0.6843
-1.6159,-18.2691,0.6381,0.6857
-1.6194,-18.2788,0.6403,0.6871
-1.6228,-18.2885,0.6425,0.6885
-1.6263,-18.2982,0.6447,0.6899
-1.6298,-18.3080,0.6470,0.6912
-1.6333,-18.3177,0.6493,0.6925
-1.6368,-18.3274,0.6515,0.6937
-1.6403,-18.3371,0.6538,0.6950
-1.6438,-18.3468,0.6561,0.6962
-1.6473,-18.3565,0.6584,0.6974
-1.6509,-18.3662,0.6607,0.6986
-1.6544,-18.3759,0.6630,0.6997
-1.6579,-18.3856,0.6653,0.7009
-1.6615,-18.3953,0.6676,0.7020
-1.6651,-18.4050,0.6699,0.7031
-1.6686,-18.4147,0.6721,0.7042
-1.6722,-18.4244,0.6744,0.7053
-1.6758,-18.4340,0.6767,0.7064
-1.6795,-18.4437,0.6789,0.7074
-1.6831,-18.4534,0.6811,0.7085
-1.6868,-18.4630,0.6833,0.7096
-1.6904,-18.4727,0.6854,0.7106
-1.6941,-18.4823,0.6875,0.7117
-1.6979,-18.4919,0.6895,0.7128
-1.7016,-18.5015,0.6915,0.7138
-1.7054,-18.5111,0.6934,0.7149
-1.7092,-18.5207,0.6952,0.7159
-1.7131,-18.5303,0.6970,0.7170
-1.7170,-18.5399,0.6987,0.7180
-1.7209,-18.5494,0.7003,0.7191
-1.7249,-18.5590,0.7019,0.7201
-1.7289,-18.5685,0.7034,0.7211
-1.7329,-18.5780,0.7048,0.7220
-1.7370,-18.5875,0.7061,0.7230
-1.7411,-18.5969,0.7074,0.7238
-1.7453,-18.6064,0.7087,0.7247
-1.7495,-18.6158,0.7099,0.7254
-1.7538,-18.6252,0.7110,0.7260
-1.7581,-18.6346,0.7121,0.7265
-1.7624,-18.6439,0.7132,0.7269
-1.7668,-18.6533,0.7142,0.7272
-1.7713,-18.6626,0.7151,0.7274
-1.7758,-18.6719,0.7161,0.7275
-1.7803,-18.6812,0.7169,0.7274
-1.7849,-18.6904,0.7178,0.7273
-1.7896,-18.6996,0.7185,0.7272
-1.7942,-18.7088,0.7193,0.7270
-1.7990,-18.7180,0.7200,0.7267
-1.8038,-18.7272,0.7206,0.7264
-1.8086,-18.7363,0.7213,0.7261
-1.8135,-18.7454,0.7218,0.7258
-1.8184,-18.7544,0.7223,0.7254
-1.8234,-18.7635,0.7227,0.7251
-1.8284,-18.7725,0.7231,0.7247
-1.8335,-18.7815,0.7234,0.7244
-1.8386,-18.7905,0.7237,0.7240
-1.8438,-18.7994,0.7239,0.7236
-1.8490,-18.8083,0.7240,0.7233
-1.8542,-18.8172,0.7241,0.7229
-1.8595,-18.8261,0.7241,0.7226
-1.8648,-18.8349,0.7240,0.7223
-1.8702,-18.8438,0.7240,0.7219
-1.8756,-18.8525,0.7238,0.7216
-1.8810,-18.8613,0.7236,0.7213
-1.8865,-18.8701,0.7234,0.7210
-1.8920,-18.8788,0.7231,0.7208
-1.8976,-18.8875,0.7228,0.7205
-1.9031,-18.8962,0.7225,0.7202
-1.9087,-18.9049,0.7222,0.7199
-1.9144,-18.9135,0.7218,0.7197
-1.9200,-18.9222,0.7215,0.7194
-1.9257,-18.9308,0.7211,0.7192
-1.9314,-18.9394,0.7207,0.7190
-1.9371,-18.9480,0.7203,0.7188
-1.9429,-18.9566,0.7199,0.7186
-1.9487,-18.9651,0.7195,0.7184
-1.9545,-18.9737,0.7191,0.7182
-1.9603,-18.9822,0.7187,0.7180
-1.9661,-18.9907,0.7183,0.7178
-1.9720,-18.9992,0.7179,0.7177
-1.9779,-19.0077,0.7175,0.7175
-1.9838,-19.0162,0.7171,0.7173
-1.9897,-19.0246,0.7167,0.7172
-1.9956,-19.0331,0.7163,0.7170
-2.0015,-19.0415,0.7159,0.7169
-2.0075,-19.0500,0.7155,0.7167
-2.0135,-19.0584,0.7151,0.7166
-2.0195,-19.0668,0.7147,0.7165
-2.0254,-19.0752,0.7143,0.7163
-2.0315,-19.0836,0.7139,0.7162
-2.0375,-19.0920,0.7135,0.7161
-2.0435,-19.1004,0.7130,0.7159
-2.0496,-19.1087,0.7126,0.7158
-2.0556,-19.1171,0.7122,0.7157
-2.0617,-19.1255,0.7118,0.7156
-2.0677,-19.1338,0.7113,0.7154
-2.0738,-19.1422,0.7109,0.7153
-2.0799,-19.1505,0.7104,0.7152
-2.0860,-19.1588,0.7099,0.7150
-2.0921,-19.1672,0.7095,0.7149
-2.0982,-19.1755,0.7090,0.7148
-2.1043,-19.1838,0.7085,0.7147
-2.1104,-19.1921,0.7080,0.7145
-2.1166,-19.2004,0.7075,0.7144
-2.1227,-19.2087,0.7070,0.7142
-2.1288,-19.2170,0.7064,0.7141
-2.1350,-19.2253,0.7059,0.7139
-2.1411,-19.2336,0.7053,0.7138
-2.1473,-19.2419,0.7048,0.7136
-2.1534,-19.2502,0.7042,0.7134
-2.1596,-19.2585,0.7035,0.7133
-2.1657,-19.2668,0.7029,0.7131
-2.1719,-19.2751,0.7023,0.7129
-2.1780,-19.2834,0.7016,0.7127
-2.1842,-19.2917,0.7009,0.7125
-2.1903,-19.3000,0.7001,0.7122
-2.1965,-19.3082,0.6993,0.7120
-2.2027,-19.3165,0.6985,0.7118
-2.2089,-19.3248,0.6977,0.7115
-2.2150,-19.3331,0.6968,0.7113
-2.2212,-19.3413,0.6958,0.7110
-2.2274,-19.3496,0.6948,0.7108
-2.2336,-19.3579,0.6938,0.7105
-2.2398,-19.3661,0.6928,0.7102
-2.2460,-19.3743,0.6917,0.7099
-2.2523,-19.3826,0.6905,0.7096
-2.2585,-19.3908,0.6894,0.7092
-2.2648,-19.3990,0.6882,0.7088
-2.2711,-19.4072,0.6870,0.7083
-2.2774,-19.4154,0.6858,0.7076
-2.2837,-19.4236,0.6846,0.7066
-2.2900,-19.4317,0.6834,0.7055
-2.2963,-19.4399,0.6823,0.7043
-2.3026,-19.4481,0.6811,0.7031
-2.3089,-19.4563,0.6799,0.7018
-2.3152,-19.4644,0.6788,0.7005
-2.3215,-19.4726,0.6777,0.6992
-2.3278,-19.4808,0.6766,0.6979
-2.3341,-19.4890,0.6756,0.6966
-2.3404,-19.4972,0.6746,0.6952
-2.3467,-19.5053,0.6736,0.6939
-2.3530,-19.5135,0.6726,0.6926
-2.3593,-19.5217,0.6717,0.6912
-2.3655,-19.5299,0.6708,0.6899
-2.3718,-19.5381,0.6699,0.6885
-2.3781,-19.5463,0.6690,0.6872
-2.3844,-19.5545,0.6681,0.6859
-2.3907,-19.5627,0.6673,0.6845
-2.3970,-19.5708,0.6665,0.6832
-2.4033,-19.5790,0.6657,0.6819
-2.4096,-19.5872,0.6649,0.6805
-2.4159,-19.5954,0.6641,0.6792
-2.4222,-19.6035,0.6633,0.6779
-2.4285,-19.6117,0.6625,0.6766
-2.4348,-19.6199,0.6617,0.6753
-2.4412,-19.6281,0.6610,0.6740
-2.4475,-19.6362,0.6603,0.6727
-2.4538,-19.6444,0.6595,0.6714
-2.4601,-19.6526,0.6588,0.6701
-2.4663,-19.6608,0.6581,0.6688
-2.4726,-19.6690,0.6574,0.6675
-2.4789,-19.6772,0.6567,0.6662
-2.4851,-19.6854,0.6561,0.6650
-2.4913,-19.6936,0.6555,0.6638
-2.4975,-19.7019,0.6549,0.6626
-2.5037,-19.7102,0.6543,0.6614
-2.5099,-19.7185,0.6538,0.6603
-2.5160,-19.7268,0.6534,0.6593
-2.5221,-19.7351,0.6529,0.6583
-2.5282,-19.7434,0.6524,0.6574
-2.5343,-19.7517,0.6520,0.6565
-2.5404,-19.7601,0.6515,0.6557
-2.5465,-19.7684,0.6511,0.6549
-2.5526,-19.7767,0.6507,0.6542
-2.5587,-19.7851,0.6502,0.6536
-2.5649,-19.7934,0.6498,0.6529
-2.5710,-19.8017,0.6493,0.6523
-2.5771,-19.8100,0.6489,0.6517
-2.5833,-19.8183,0.6484,0.6512
-2.5894,-19.8266,0.6479,0.6507
-2.5956,-19.8348,0.6475,0.6501
-2.6018,-19.8431,0.6470,0.6496
-2.6080,-19.8514,0.6466,0.6492
-2.6142,-19.8596,0.6461,0.6487
-2.6204,-19.8678,0.6456,0.6482
-2.6267,-19.8761,0.6452,0.6478
-2.6329,-19.8843,0.6447,0.6473
-2.6391,-19.8925,0.6443,0.6469
-2.6454,-19.9007,0.6438,0.6464
-2.6517,-19.9090,0.6434,0.6460
-2.6579,-19.9172,0.6430,0.6456
-2.6642,-19.9254,0.6427,0.6452
-2.6705,-19.9336,0.6423,0.6448
-2.6768,-19.9417,0.6420,0.6444
-2.6831,-19.9499,0.6416,0.6440
-2.6894,-19.9581,0.6413,0.6436
-2.6957,-19.9663,0.6410,0.6432
-2.7020,-19.9745,0.6407,0.6428
-2.7083,-19.9826,0.6404,0.6424
-2.7146,-19.9908,0.6402,0.6420
-2.7209,-19.9990,0.6399,0.6416
-2.7272,-20.0071,0.6397,0.6412
-2.7335,-20.0153,0.6395,0.6408
-2.7398,-20.0235,0.6393,0.6404
-2.7461,-20.0317,0.6390,0.6401
-2.7524,-20.0398,0.6389,0.6397
-2.7587,-20.0480,0.6387,0.6394
-2.7650,-20.0563,0.6385,0.6391
-2.7712,-20.0645,0.6384,0.6388
-2.7774,-20.0728,0.6383,0.6386
-2.7835,-20.0811,0.6382,0.6384
-2.7896,-20.0894,0.6381,0.6383
-2.7957,-20.0978,0.6381,0.6381
-2.8017,-20.1062,0.6380,0.6381
-2.8076,-20.1146,0.6380,0.6380
-2.8136,-20.1230,0.6380,0.6380
-2.8195,-20.1315,0.6381,0.6380
-2.8253,-20.1400,0.6381,0.6380
-2.8312,-20.1485,0.6381,0.6380
-2.8370,-20.1570,0.6381,0.6381
-2.8428,-20.1656,0.6381,0.6381
-2.8486,-20.1741,0.6381,0.6381
-2.8544,-20.1827,0.6382,0.6381
-2.8601,-20.1913,0.6382,0.6382
-2.8659,-20.1998,0.6382,0.6382
-2.8716,-20.2084,0.6382,0.6382
-2.8773,-20.2170,0.6382,0.6382
-2.8830,-20.2256,0.6382,0.6383
-2.8887,-20.2343,0.6383,0.6383
-2.8943,-20.2429,0.6383,0.6383
-2.8999,-20.2516,0.6383,0.6384
-2.9055,-20.2603,0.6384,0.6385
-2.9111,-20.2690,0.6385,0.6386
-2.9165,-20.2777,0.6385,0.6386
-2.9220,-20.2865,0.6386,0.6387
-2.9273,-20.2953,0.6388,0.6388
-2.9326,-20.3042,0.6388,0.6389
-2.9377,-20.3132,0.6389,0.6389
-2.9428,-20.3222,0.6346,0.6389
-2.9477,-20.3313,0.6302,0.6388
-2.9525,-20.3404,0.6258,0.6386
-2.9571,-20.3496,0.6215,0.6384
-2.9616,-20.3589,0.6173,0.6380
-2.9659,-20.3683,0.6132,0.6375
-2.9700,-20.3778,0.6093,0.6368
-2.9739,-20.3873,0.6055,0.6360
-2.9776,-20.3970,0.6019,0.6349
-2.9811,-20.4067,0.5985,0.6337
-2.9844,-20.4165,0.5953,0.6322
-2.9875,-20.4263,0.5923,0.6305
-2.9903,-20.4363,0.5896,0.6286
-2.9928,-20.4463,0.5871,0.6264
-2.9950,-20.4564,0.5849,0.6242
-2.9970,-20.4665,0.5830,0.6217
-2.9987,-20.4767,0.5813,0.6192
-3.0002,-20.4869,0.5799,0.6166
-3.0014,-20.4971,0.5788,0.6139
-3.0023,-20.5074,0.5779,0.6111
-3.0031,-20.5177,0.5772,0.6083
-3.0036,-20.5280,0.5767,0.6055
-3.0041,-20.5383,0.5763,0.6027
-3.0044,-20.5487,0.5761,0.6000
-3.0046,-20.5590,0.5760,0.5973
-3.0047,-20.5693,0.5759,0.5948
-3.0049,-20.5796,0.5760,0.5923
-3.0049,-20.5900,0.5761,0.5900
-3.0050,-20.6003,0.5762,0.5879
-3.0050,-20.6106,0.5764,0.5859
-3.0051,-20.6209,0.5766,0.5842
-3.0052,-20.6313,0.5768,0.5826
-3.0053,-20.6416,0.5770,0.5812
-3.0054,-20.6519,0.5772,0.5800
-3.0056,-20.6622,0.5774,0.5790
-3.0058,-20.6726,0.5777,0.5783
-3.0061,-20.6829,0.5779,0.5778
-3.0064,-20.6932,0.5781,0.5775
-3.0068,-20.7035,0.5783,0.5773
-3.0072,-20.7138,0.5785,0.5774
-3.0077,-20.7241,0.5786,0.5777
-3.0083,-20.7344,0.5789,0.5783
-3.0089,-20.7448,0.5790,0.5789
-3.0096,-20.7551,0.5792,0.5796
-3.0103,-20.7654,0.5793,0.5803
-3.0111,-20.7756,0.5795,0.5811
-3.0119,-20.7859,0.5797,0.5819
-3.0128,-20.7962,0.5799,0.5828
-3.0137,-20.8065,0.5802,0.5837
-3.0146,-20.8168,0.5804,0.5846
-3.0155,-20.8271,0.5808,0.5855
-3.0164,-20.8374,0.5811,0.5864
-3.0173,-20.8477,0.5815,0.5873
-3.0182,-20.8579,0.5821,0.5882
-3.0191,-20.8682,0.5826,0.5891
-3.0199,-20.8785,0.5832,0.5900
-3.0208,-20.8888,0.5839,0.5908
-3.0216,-20.8991,0.5847,0.5916
-3.0223,-20.9094,0.5855,0.5924
-3.0231,-20.9197,0.5864,0.5931
-3.0237,-20.9300,0.5874,0.5937
-3.0244,-20.9403,0.5884,0.5944
-3.0249,-20.9506,0.5895,0.5950
-3.0255,-20.9609,0.5906,0.5955
-3.0259,-20.9712,0.5917,0.5959
-3.0263,-20.9816,0.5928,0.5963
-3.0266,-20.9919,0.5939,0.5966
-3.0269,-21.0022,0.5949,0.5969
-3.0271,-21.0125,0.5958,0.5971
-3.0272,-21.0228,0.5966,0.5972
-3.0273,-21.0332,0.5971,0.5973
-3.0272,-21.0435,0.5973,0.5972
-3.0271,-21.0538,0.5973,0.5971
-3.0269,-21.0641,0.5970,0.5969
-3.0266,-21.0745,0.5966,0.5966
-3.0262,-21.0848,0.5959,0.5962
-3.0257,-21.0951,0.5952,0.5957
-3.0251,-21.1054,0.5943,0.5951
-3.0244,-21.1157,0.5935,0.5944
-3.0235,-21.1260,0.5928,0.5936
-3.0225,-21.1363,0.5921,0.5929
-3.0214,-21.1465,0.5915,0.5922
-3.0202,-21.1568,0.5910,0.5916
-3.0188,-21.1670,0.5906,0.5910
-3.0174,-21.1772,0.5903,0.5905
-3.0158,-21.1874,0.5900,0.5901
-3.0142,-21.1976,0.5899,0.5899
-3.0126,-21.2078,0.5898,0.5898
-3.0110,-21.2180,0.5897,0.5899
-3.0094,-21.2282,0.5896,0.5901
-3.0078,-21.2384,0.5895,0.5906
-3.0063,-21.2486,0.5895,0.5913
-3.0047,-21.2588,0.5894,0.5921
-3.0030,-21.2690,0.5894,0.5931
-3.0014,-21.2792,0.5895,0.5941
-2.9996,-21.2894,0.5897,0.5951
-2.9977,-21.2995,0.5900,0.5962
-2.9957,-21.3097,0.5904,0.5974
-2.9935,-21.3198,0.5910,0.5985
-2.9912,-21.3298,0.5917,0.5997
-2.9888,-21.3399,0.5925,0.6010
-2.9862,-21.3499,0.5934,0.6023
-2.9835,-21.3598,0.5943,0.6036
-2.9807,-21.3698,0.5954,0.6050
-2.9779,-21.3797,0.5964,0.6065
-2.9749,-21.3896,0.5974,0.6080
-2.9718,-21.3994,0.5985,0.6097
-2.9688,-21.4093,0.5996,0.6114
-2.9656,-21.4191,0.6006,0.6130
-2.9624,-21.4289,0.6017,0.6147
-2.9592,-21.4387,0.6027,0.6162
-2.9559,-21.4485,0.6037,0.6177
-2.9526,-21.4583,0.6047,0.6192
-2.9493,-21.4681,0.6057,0.6207
-2.9460,-21.4779,0.6067,0.6221
-2.9427,-21.4877,0.6077,0.6235
-2.9393,-21.4974,0.6087,0.6249
-2.9360,-21.5072,0.6097,0.6264
-2.9327,-21.5170,0.6107,0.6278
-2.9293,-21.5267,0.6117,0.6291
-2.9260,-21.5365,0.6127,0.6305
-2.9226,-21.5463,0.6137,0.6319
-2.9192,-21.5560,0.6147,0.6333
-2.9159,-21.5658,0.6157,0.6347
-2.9125,-21.5755,0.6168,0.6360
-2.9091,-21.5853,0.6179,0.6374
-2.9058,-21.5951,0.6190,0.6387
-2.9023,-21.6048,0.6201,0.6400
-2.8989,-21.6145,0.6213,0.6413
-2.8955,-21.6243,0.6225,0.6425
-2.8920,-21.6340,0.6238,0.6438
-2.8885,-21.6437,0.6251,0.6450
-2.8849,-21.6534,0.6264,0.6462
-2.8814,-21.6631,0.6279,0.6473
-2.8777,-21.6727,0.6293,0.6485
-2.8741,-21.6824,0.6309,0.6496
-2.8703,-21.6920,0.6325,0.6507
-2.8665,-21.7016,0.6341,0.6518
-2.8627,-21.7112,0.6358,0.6528
-2.8588,-21.7208,0.6376,0.6539
-2.8548,-21.7303,0.6394,0.6551
-2.8508,-21.7398,0.6412,0.6562
-2.8467,-21.7493,0.6430,0.6574
-2.8425,-21.7587,0.6448,0.6586
-2.8383,-21.7682,0.6465,0.6598
-2.8340,-21.7776,0.6481,0.6610
-2.8297,-21.7869,0.6496,0.6623
-2.8253,-21.7963,0.6509,0.6635
-2.8208,-21.8056,0.6522,0.6648
-2.8163,-21.8148,0.6534,0.6660
-2.8117,-21.8241,0.6545,0.6672
-2.8070,-21.8333,0.6557,0.6684
-2.8023,-21.8425,0.6569,0.6695
-2.7975,-21.8516,0.6580,0.6706
-2.7927,-21.8607,0.6593,0.6716
-2.7878,-21.8698,0.6605,0.6726
-2.7828,-21.8789,0.6618,0.6735
-2.7778,-21.8879,0.6631,0.6744
-2.7727,-21.8969,0.6645,0.6752
-2.7676,-21.9059,0.6658,0.6760
-2.7625,-21.9148,0.6672,0.6767
-2.7572,-21.9237,0.6686,0.6774
-2.7520,-21.9326,0.6700,0.6780
-2.7467,-21.9415,0.6713,0.6787
-2.7414,-21.9503,0.6726,0.6794
-2.7360,-21.9591,0.6737,0.6801
-2.7306,-21.9679,0.6747,0.6809
-2.7252,-21.9767,0.6756,0.6818
-2.7197,-21.9855,0.6763,0.6827
-2.7143,-21.9943,0.6769,0.6838
-2.7088,-22.0030,0.6774,0.6850
-2.7033,-22.0117,0.6779,0.6863
-2.6977,-22.0205,0.6783,0.6876
-2.6921,-22.0291,0.6787,0.6890
-2.6865,-22.0378,0.6792,0.6905
-2.6808,-22.0464,0.6797,0.6920
-2.6749,-22.0549,0.6803,0.6935
-2.6690,-22.0633,0.6811,0.6950
-2.6630,-22.0717,0.6819,0.6965
-2.6568,-22.0800,0.6829,0.6979
-2.6506,-22.0882,0.6841,0.6993
-2.6442,-22.0963,0.6853,0.7005
-2.6376,-22.1043,0.6868,0.7017
-2.6310,-22.1122,0.6884,0.7028
-2.6242,-22.1200,0.6901,0.7038
-2.6173,-22.1277,0.6919,0.7047
-2.6102,-22.1352,0.6939,0.7056
-2.6031,-22.1426,0.6960,0.7064
-2.5958,-22.1499,0.6982,0.7071
-2.5883,-22.1571,0.7004,0.7078
-2.5808,-22.1641,0.7026,0.7083
-2.5731,-22.1711,0.7046,0.7088
-2.5654,-22.1779,0.7063,0.7092
-2.5575,-22.1846,0.7077,0.7095
-2.5496,-22.1911,0.7089,0.7098
-2.5415,-22.1976,0.7097,0.7100
-2.5334,-22.2040,0.7101,0.7101
-2.5252,-22.2103,0.7100,0.7101
-2.5170,-22.2166,0.7095,0.7101
-2.5087,-22.2227,0.7087,0.7100
-2.5004,-22.2288,0.7078,0.7098
-2.4920,-22.2348,0.7068,0.7095
-2.4836,-22.2408,0.7059,0.7092
-2.4751,-22.2467,0.7049,0.7088
-2.4666,-22.2526,0.7040,0.7084
-2.4581,-22.2584,0.7031,0.7079
-2.4495,-22.2642,0.7023,0.7074
-2.4409,-22.2699,0.7015,0.7068
-2.4323,-22.2756,0.7008,0.7062
-2.4237,-22.2813,0.7001,0.7055
-2.4150,-22.2869,0.6995,0.7048
-2.4063,-22.2925,0.6990,0.7040
-2.3976,-22.2980,0.6986,0.7032
-2.3889,-22.3036,0.6982,0.7024
-2.3802,-22.3091,0.6979,0.7016
-2.3714,-22.3145,0.6977,0.7008
-2.3627,-22.3200,0.6975,0.7000
-2.3539,-22.3255,0.6974,0.6992
-2.3452,-22.3309,0.6973,0.6985
-2.3364,-22.3364,0.6973,0.6980
-2.3277,-22.3419,0.6973,0.6976
-2.3190,-22.3475,0.6973,0.6973
-2.3103,-22.3531,0.6973,0.6973
-2.3016,-22.3587,0.6972,0.6974
-2.2930,-22.3644,0.6972,0.6976
-2.2844,-22.3701,0.6971,0.6981
-2.2759,-22.3759,0.6971,0.6987
-2.2673,-22.3817,0.6971,0.6995
-2.2588,-22.3875,0.6971,0.7005
-2.2502,-22.3933,0.6972,0.7015
-2.2417,-22.3991,0.6973,0.7027
-2.2332,-22.4049,0.6974,0.7039
-2.2246,-22.4107,0.6976,0.7053
-2.2161,-22.4164,0.6979,0.7066
-2.2075,-22.4222,0.6982,0.7081
-2.1990,-22.4280,0.6984,0.7095
-2.1904,-22.4338,0.6987,0.7110
-2.1819,-22.4397,0.6991,0.7125
-2.1734,-22.4455,0.6994,0.7140
-2.1649,-22.4514,0.6996,0.7156
-2.1565,-22.4573,0.6999,0.7172
-2.1481,-22.4633,0.7001,0.7189
-2.1397,-22.4694,0.7003,0.7207
-2.1314,-22.4755,0.7003,0.7227
-2.1231,-22.4816,0.7004,0.7248
-2.1148,-22.4879,0.7004,0.7272
-2.1066,-22.4941,0.7003,0.7298
-2.0985,-22.5004,0.7002,0.7326
-2.0903,-22.5068,0.7001,0.7356
-2.0822,-22.5131,0.6999,0.7387
-2.0740,-22.5195,0.6998,0.7419
-2.0659,-22.5258,0.6997,0.7453
-2.0577,-22.5321,0.6997,0.7488
-2.0496,-22.5385,0.6997,0.7524
-2.0414,-22.5448,0.6996,0.7561
-2.0333,-22.5511,0.6997,0.7599
-2.0251,-22.5575,0.6997,0.7639
-2.0170,-22.5639,0.6997,0.7681
-2.0089,-22.5703,0.6997,0.7724
-2.0009,-22.5768,0.6997,0.7768
-1.9928,-22.5832,0.6997,0.7814
-1.9848,-22.5897,0.6996,0.7861
-1.9767,-22.5961,0.6997,0.7908
-1.9686,-22.6025,0.6998,0.7957
-1.9605,-22.6089,0.7000,0.8005
-1.9522,-22.6151,0.7004,0.8054
-1.9439,-22.6212,0.7009,0.8102
-1.9355,-22.6271,0.7017,0.8149
-1.9269,-22.6329,0.7026,0.8195
-1.9182,-22.6385,0.7038,0.8241
-1.9093,-22.6438,0.7053,0.8285
-1.9004,-22.6489,0.7069,0.8327
-1.8913,-22.6538,0.7089,0.8368
-1.8821,-22.6585,0.7110,0.8408
-1.8728,-22.6630,0.7133,0.8446
-1.8634,-22.6672,0.7158,0.8483
-1.8539,-22.6713,0.7185,0.8520
-1.8443,-22.6752,0.7214,0.8556
-1.8347,-22.6790,0.7244,0.8591
-1.8250,-22.6825,0.7276,0.8626
-1.8153,-22.6860,0.7309,0.8660
-1.8055,-22.6893,0.7343,0.8693
-1.7957,-22.6925,0.7378,0.8725
-1.7859,-22.6956,0.7415,0.8756
-1.7760,-22.6986,0.7452,0.8786
-1.7661,-22.7014,0.7491,0.8815
-1.7561,-22.7042,0.7530,0.8842
-1.7462,-22.7069,0.7570,0.8869
-1.7362,-22.7096,0.7612,0.8896
-1.7262,-22.7121,0.7654,0.8921
-1.7161,-22.7146,0.7697,0.8946
-1.7061,-22.7170,0.7740,0.8970
-1.6961,-22.7194,0.7785,0.8994
-1.6860,-22.7217,0.7830,0.9017
-1.6759,-22.7239,0.7875,0.9039
-1.6658,-22.7261,0.7922,0.9061
-1.6557,-22.7282,0.7968,0.9082
-1.6456,-22.7303,0.8016,0.9103
-1.6355,-22.7323,0.8063,0.9123
-1.6253,-22.7343,0.8111,0.9143
-1.6152,-22.7363,0.8159,0.9163
-1.6051,-22.7382,0.8207,0.9182
-1.5949,-22.7401,0.8255,0.9201
-1.5848,-22.7420,0.8302,0.9220
-1.5746,-22.7438,0.8349,0.9238
-1.5645,-22.7457,0.8394,0.9257
-1.5543,-22.7476,0.8436,0.9276
-1.5442,-22.7495,0.8474,0.9295
-1.5340,-22.7514,0.8509,0.9315
-1.5239,-22.7534,0.8542,0.9336
-1.5138,-22.7554,0.8574,0.9358
-1.5036,-22.7575,0.8603,0.9383
-1.4935,-22.7596,0.8632,0.9408
-1.4834,-22.7618,0.8659,0.9434
-1.4734,-22.7640,0.8685,0.9462
-1.4633,-22.7663,0.8711,0.9492
-1.4532,-22.7687,0.8735,0.9524
-1.4432,-22.7711,0.8758,0.9558
-1.4332,-22.7736,0.8780,0.9593
-1.4232,-22.7762,0.8801,0.9629
-1.4132,-22.7789,0.8821,0.9668
-1.4033,-22.7816,0.8840,0.9708
-1.3933,-22.7844,0.8858,0.9749
-1.3834,-22.7872,0.8874,0.9792
-1.3735,-22.7901,0.8890,0.9836
-1.3636,-22.7930,0.8904,0.9881
-1.3536,-22.7958,0.8917,0.9926
-1.3437,-22.7986,0.8928,0.9972
-1.3337,-22.8013,0.8936,1.0018
-1.3237,-22.8038,0.8943,1.0063
-1.3137,-22.8062,0.8949,1.0108
-1.3036,-22.8084,0.8956,1.0152
-1.2934,-22.8103,0.8965,1.0194
-1.2833,-22.8119,0.8976,1.0234
-1.2730,-22.8133,0.8989,1.0273
-1.2628,-22.8144,0.9005,1.0310
-1.2525,-22.8152,0.9024,1.0345
-1.2421,-22.8156,0.9045,1.0378
-1.2318,-22.8158,0.9070,1.0409
-1.2215,-22.8156,0.9097,1.0438
-1.2112,-22.8151,0.9127,1.0465
-1.2009,-22.8144,0.9160,1.0490
-1.1906,-22.8134,0.9196,1.0513
-1.1804,-22.8121,0.9233,1.0535
-1.1701,-22.8106,0.9273,1.0556
-1.1600,-22.8089,0.9315,1.0576
-1.1498,-22.8071,0.9358,1.0595
-1.1397,-22.8051,0.9402,1.0614
-1.1295,-22.8031,0.9447,1.0633
-1.1195,-22.8009,0.9494,1.0652
-1.1094,-22.7987,0.9541,1.0671
-1.0993,-22.7964,0.9589,1.0690
-1.0893,-22.7940,0.9637,1.0708
-1.0792,-22.7916,0.9686,1.0728
-1.0692,-22.7891,0.9736,1.0747
-1.0592,-22.7865,0.9787,1.0767
-1.0492,-22.7839,0.9839,1.0786
-1.0393,-22.7811,0.9891,1.0805
-1.0293,-22.7783,0.9944,1.0823
-1.0194,-22.7755,0.9998,1.0842
-1.0095,-22.7726,1.0053,1.0859
-0.9996,-22.7696,1.0108,1.0877
-0.9897,-22.7667,1.0163,1.0894
-0.9798,-22.7636,1.0219,1.0910
-0.9700,-22.7606,1.0275,1.0927
-0.9601,-22.7575,1.0332,1.0943
-0.9503,-22.7545,1.0389,1.0960
-0.9404,-22.7514,1.0445,1.0976
-0.9305,-22.7484,1.0502,1.0992
-0.9207,-22.7453,1.0559,1.1009
-0.9108,-22.7422,1.0616,1.1025
-0.9010,-22.7392,1.0634,1.1042
-0.8911,-22.7362,1.0646,1.1059
-0.8812,-22.7332,1.0656,1.1076
-0.8713,-22.7301,1.0667,1.1093
-0.8615,-22.7271,1.0678,1.1110
-0.8516,-22.7242,1.0688,1.1128
-0.8417,-22.7212,1.0699,1.1145
-0.8318,-22.7182,1.0710,1.1164
-0.8219,-22.7152,1.0720,1.1182
-0.8121,-22.7122,1.0731,1.1202
-0.8022,-22.7091,1.0742,1.1221
-0.7923,-22.7061,1.0752,1.1242
-0.7825,-22.7030,1.0764,1.1262
-0.7726,-22.6998,1.0775,1.1283
-0.7628,-22.6967,1.0787,1.1305
-0.7530,-22.6935,1.0799,1.1327
-0.7432,-22.6902,1.0811,1.1349
-0.7334,-22.6869,1.0824,1.1371
-0.7237,-22.6836,1.0837,1.1394
-0.7139,-22.6801,1.0851,1.1416
-0.7042,-22.6767,1.0866,1.1439
-0.6945,-22.6731,1.0881,1.1462
-0.6848,-22.6695,1.0897,1.1485
-0.6751,-22.6659,1.0913,1.1508
-0.6655,-22.6622,1.0930,1.1531
-0.6559,-22.6585,1.0948,1.1553
-0.6463,-22.6547,1.0966,1.1575
-0.6367,-22.6508,1.0984,1.1597
-0.6271,-22.6470,1.1003,1.1618
-0.6176,-22.6430,1.1023,1.1638
-0.6080,-22.6391,1.1042,1.1659
-0.5985,-22.6351,1.1062,1.1679
-0.5890,-22.6311,1.1082,1.1699
-0.5795,-22.6271,1.1101,1.1719
-0.5700,-22.6231,1.1120,1.1738
-0.5605,-22.6190,1.1138,1.1757
-0.5510,-22.6149,1.1156,1.1777
-0.5415,-22.6109,1.1172,1.1796
-0.5320,-22.6068,1.1186,1.1815
-0.5225,-22.6027,1.1200,1.1834
-0.5130,-22.5986,1.1214,1.1853
-0.5036,-22.5945,1.1227,1.1874
-0.4941,-22.5905,1.1240,1.1895
-0.4846,-22.5863,1.1252,1.1916
-0.4751,-22.5822,1.1265,1.1937
-0.4657,-22.5781,1.1279,1.1960
-0.4562,-22.5739,1.1292,1.1983
-0.4468,-22.5697,1.1306,1.2006
-0.4374,-22.5655,1.1321,1.2030
-0.4280,-22.5612,1.1336,1.2054
-0.4186,-22.5569,1.1351,1.2079
-0.4092,-22.5526,1.1367,1.2105
-0.3999,-22.5482,1.1383,1.2131
-0.3905,-22.5438,1.1400,1.2157
-0.3812,-22.5394,1.1417,1.2184
-0.3719,-22.5349,1.1435,1.2212
-0.3626,-22.5304,1.1454,1.2239
-0.3534,-22.5257,1.1474,1.2265
-0.3443,-22.5209,1.1496,1.2292
-0.3352,-22.5159,1.1520,1.2316
-0.3263,-22.5108,1.1547,1.2340
-0.3175,-22.5054,1.1575,1.2362
-0.3088,-22.4998,1.1606,1.2383
-0.3003,-22.4940,1.1639,1.2401
-0.2919,-22.4880,1.1675,1.2418
-0.2836,-22.4818,1.1713,1.2432
-0.2755,-22.4754,1.1752,1.2444
-0.2675,-22.4688,1.1794,1.2454
-0.2597,-22.4621,1.1836,1.2462
-0.2520,-22.4552,1.1880,1.2468
-0.2444,-22.4482,1.1924,1.2472
-0.2369,-22.4411,1.1969,1.2475
-0.2296,-22.4339,1.2014,1.2475
-0.2223,-22.4265,1.2058,1.2475
-0.2152,-22.4191,1.2101,1.2473
-0.2081,-22.4115,1.2144,1.2469
-0.2011,-22.4039,1.2179,1.2465
-0.1942,-22.3963,1.2157,1.2459
-0.1874,-22.3885,1.2134,1.2453
-0.1806,-22.3807,1.2110,1.2446
-0.1739,-22.3729,1.2083,1.2438
-0.1673,-22.3650,1.2054,1.2429
-0.1607,-22.3570,1.2025,1.2419
-0.1541,-22.3490,1.1995,1.2409
-0.1476,-22.3410,1.1965,1.2399
-0.1411,-22.3330,1.1936,1.2387
-0.1347,-22.3249,1.1906,1.2376
-0.1283,-22.3169,1.1876,1.2364
-0.1219,-22.3088,1.1846,1.2352
-0.1155,-22.3006,1.1817,1.2340
-0.1091,-22.2925,1.1787,1.2328
-0.1027,-22.2844,1.1758,1.2315
-0.0964,-22.2763,1.1728,1.2303
-0.0900,-22.2681,1.1699,1.2290
-0.0837,-22.2600,1.1669,1.2278
-0.0773,-22.2518,1.1639,1.2265
-0.0710,-22.2437,1.1609,1.2252
-0.0646,-22.2356,1.1579,1.2239
-0.0583,-22.2274,1.1548,1.2227
-0.0520,-22.2192,1.1516,1.2214
-0.0456,-22.2111,1.1483,1.2201
-0.0393,-22.2029,1.1447,1.2187
-0.0330,-22.1947,1.1410,1.2174
-0.0268,-22.1865,1.1371,1.2160
-0.0205,-22.1783,1.1331,1.2147
-0.0143,-22.1701,1.1290,1.2132
-0.0081,-22.1618,1.1249,1.2118
-0.0019,-22.1535,1.1206,1.2103
0.0042,-22.1452,1.1161,1.2087
0.0102,-22.1368,1.1114,1.2071
0.0162,-22.1284,1.1066,1.2054
0.0222,-22.1200,1.1018,1.2036
0.0280,-22.1115,1.0970,1.2018
0.0338,-22.1030,1.0923,1.1998
0.0395,-22.0943,1.0877,1.1977
0.0451,-22.0857,1.0832,1.1956
0.0506,-22.0769,1.0788,1.1933
0.0560,-22.0681,1.0745,1.1908
0.0612,-22.0592,1.0704,1.1882
0.0662,-22.0502,1.0665,1.1856
0.0712,-22.0411,1.0627,1.1828
0.0759,-22.0320,1.0591,1.1799
0.0805,-22.0227,1.0557,1.1770
0.0850,-22.0134,1.0526,1.1740
0.0893,-22.0040,1.0495,1.1709
0.0935,-21.9946,1.0467,1.1677
0.0976,-21.9851,1.0440,1.1646
0.1016,-21.9756,1.0414,1.1614
0.1055,-21.9660,1.0389,1.1582
0.1094,-21.9565,1.0364,1.1551
0.1132,-21.9469,1.0341,1.1520
0.1170,-21.9373,1.0319,1.1490
0.1207,-21.9276,1.0297,1.1459
0.1244,-21.9180,1.0276,1.1430
0.1280,-21.9083,1.0255,1.1400
0.1316,-21.8986,1.0236,1.1371
0.1351,-21.8889,1.0217,1.1342
0.1387,-21.8792,1.0198,1.1313
0.1422,-21.8695,1.0179,1.1285
0.1457,-21.8598,1.0160,1.1258
0.1492,-21.8501,1.0140,1.1231
0.1527,-21.8404,1.0120,1.1206
0.1562,-21.8307,1.0098,1.1182
0.1598,-21.8210,1.0072,1.1158
0.1633,-21.8113,1.0043,1.1134
0.1669,-21.8016,1.0013,1.1110
0.1705,-21.7919,0.9981,1.1086
0.1740,-21.7822,0.9948,1.1062
0.1775,-21.7725,0.9915,1.1038
0.1810,-21.7628,0.9882,1.1013
0.1845,-21.7531,0.9849,1.0988
0.1879,-21.7433,0.9817,1.0962
0.1912,-21.7336,0.9785,1.0936
0.1944,-21.7237,0.9753,1.0908
0.1976,-21.7139,0.9723,1.0880
0.2006,-21.7040,0.9693,1.0851
0.2035,-21.6941,0.9665,1.0820
0.2063,-21.6842,0.9638,1.0789
0.2089,-21.6742,0.9612,1.0756
0.2115,-21.6642,0.9588,1.0723
0.2138,-21.6542,0.9565,1.0689
0.2161,-21.6441,0.9543,1.0654
0.2183,-21.6340,0.9522,1.0619
0.2204,-21.6239,0.9502,1.0584
0.2224,-21.6138,0.9483,1.0549
0.2245,-21.6036,0.9464,1.0515
0.2266,-21.5935,0.9445,1.0482
0.2287,-21.5834,0.9426,1.0450
0.2309,-21.5733,0.9406,1.0419
0.2331,-21.5633,0.9386,1.0391
0.2354,-21.5532,0.9365,1.0363
0.2378,-21.5432,0.9344,1.0337
0.2403,-21.5331,0.9323,1.0312
0.2428,-21.5231,0.9302,1.0288
0.2453,-21.5131,0.9281,1.0265
0.2478,-21.5031,0.9260,1.0242
0.2503,-21.4931,0.9239,1.0220
0.2528,-21.4830,0.9219,1.0197
0.2552,-21.4730,0.9200,1.0174
0.2577,-21.4630,0.9181,1.0151
0.2601,-21.4530,0.9163,1.0128
0.2625,-21.4429,0.9146,1.0105
0.2649,-21.4329,0.9130,1.0081
0.2672,-21.4228,0.9115,1.0056
0.2694,-21.4127,0.9100,1.0031
0.2716,-21.4026,0.9087,1.0005
0.2738,-21.3925,0.9074,0.9979
0.2758,-21.3824,0.9063,0.9953
0.2778,-21.3723,0.9053,0.9925
0.2798,-21.3621,0.9044,0.9897
0.2816,-21.3520,0.9037,0.9868
0.2834,-21.3418,0.9031,0.9839
0.2850,-21.3316,0.9026,0.9809
0.2866,-21.3214,0.9023,0.9778
0.2881,-21.3112,0.9021,0.9747
0.2895,-21.3010,0.9020,0.9716
0.2909,-21.2907,0.9020,0.9684
0.2922,-21.2805,0.9022,0.9653
0.2934,-21.2703,0.9024,0.9621
0.2947,-21.2600,0.9026,0.9591
0.2959,-21.2498,0.9029,0.9561
0.2972,-21.2395,0.9032,0.9532
0.2986,-21.2293,0.9035,0.9503
0.3000,-21.2191,0.9036,0.9477
0.3015,-21.2088,0.9038,0.9451
0.3031,-21.1986,0.9038,0.9427
0.3048,-21.1885,0.9038,0.9404
0.3066,-21.1783,0.9036,0.9382
0.3085,-21.1681,0.9033,0.9361
0.3105,-21.1580,0.9028,0.9342
0.3126,-21.1479,0.9021,0.9323
0.3148,-21.1378,0.9011,0.9305
0.3170,-21.1277,0.8998,0.9288
0.3193,-21.1177,0.8982,0.9272
0.3216,-21.1076,0.8964,0.9256
0.3241,-21.0976,0.8943,0.9241
0.3265,-21.0875,0.8922,0.9227
0.3290,-21.0775,0.8899,0.9213
0.3316,-21.0675,0.8876,0.9199
0.3342,-21.0575,0.8852,0.9186
0.3367,-21.0475,0.8827,0.9172
0.3393,-21.0375,0.8803,0.9159
0.3419,-21.0275,0.8778,0.9146
0.3445,-21.0175,0.8753,0.9133
0.3470,-21.0075,0.8728,0.9119
0.3495,-20.9975,0.8703,0.9105
0.3519,-20.9875,0.8679,0.9090
0.3543,-20.9774,0.8656,0.9074
0.3565,-20.9673,0.8634,0.9057
0.3586,-20.9572,0.8613,0.9039
0.3606,-20.9471,0.8594,0.9020
0.3623,-20.9369,0.8577,0.9001
0.3639,-20.9267,0.8561,0.8980
0.3652,-20.9165,0.8548,0.8959
0.3664,-20.9062,0.8537,0.8936
0.3673,-20.8959,0.8528,0.8913
0.3680,-20.8856,0.8521,0.8889
0.3686,-20.8753,0.8516,0.8865
0.3690,-20.8650,0.8512,0.8840
0.3693,-20.8547,0.8510,0.8815
0.3696,-20.8444,0.8509,0.8791
0.3697,-20.8340,0.8508,0.8767
0.3698,-20.8237,0.8508,0.8743
0.3699,-20.8134,0.8508,0.8720
0.3700,-20.8031,0.8509,0.8698
0.3701,-20.7928,0.8510,0.8677
0.3701,-20.7824,0.8512,0.8657
0.3702,-20.7721,0.8513,0.8639
0.3704,-20.7618,0.8514,0.8622
0.3706,-20.7515,0.8515,0.8607
0.3708,-20.7411,0.8516,0.8593
0.3711,-20.7308,0.8516,0.8580
0.3716,-20.7205,0.8515,0.8567
0.3721,-20.7102,0.8514,0.8556
0.3727,-20.6999,0.8513,0.8545
0.3733,-20.6896,0.8511,0.8535
0.3741,-20.6793,0.8509,0.8526
0.3750,-20.6690,0.8507,0.8518
0.3759,-20.6587,0.8503,0.8511
0.3769,-20.6484,0.8501,0.8504
0.3779,-20.6382,0.8497,0.8498
0.3791,-20.6279,0.8494,0.8492
0.3802,-20.6176,0.8490,0.8487
0.3815,-20.6074,0.8486,0.8483
0.3827,-20.5971,0.8483,0.8479
0.3841,-20.5869,0.8480,0.8475
0.3854,-20.5767,0.8476,0.8472
0.3868,-20.5664,0.8473,0.8469
0.3882,-20.5562,0.8470,0.8466
0.3897,-20.5460,0.8467,0.8464
0.3911,-20.5358,0.8464,0.8462
0.3927,-20.5256,0.8462,0.8460
0.3942,-20.5153,0.8460,0.8458
0.3957,-20.5051,0.8458,0.8457
0.3973,-20.4949,0.8456,0.8456
0.3989,-20.4847,0.8455,0.8455
0.4005,-20.4745,0.8454,0.8454
0.4022,-20.4643,0.8453,0.8453
0.4038,-20.4542,0.8452,0.8453
0.4055,-20.4440,0.8452,0.8452
0.4071,-20.4338,0.8451,0.8452
0.4088,-20.4236,0.8451,0.8452
0.4105,-20.4134,0.8451,0.8451
0.4123,-20.4032,0.8451,0.8451
0.4140,-20.3931,0.8452,0.8451
0.4157,-20.3829,0.8452,0.8451
0.4175,-20.3727,0.8452,0.8452
0.4192,-20.3625,0.8452,0.8452
0.4210,-20.3523,0.8452,0.8452
0.4227,-20.3422,0.8451,0.8452
0.4245,-20.3320,0.8450,0.8452
0.4263,-20.3218,0.8449,0.8452
0.4281,-20.3117,0.8448,0.8452
0.4299,-20.3015,0.8446,0.8452
0.4316,-20.2913,0.8444,0.8452
0.4334,-20.2812,0.8442,0.8452
0.4352,-20.2710,0.8439,0.8452
0.4370,-20.2608,0.8437,0.8452
0.4388,-20.2507,0.8435,0.8451
0.4406,-20.2405,0.8432,0.8451
0.4425,-20.2303,0.8430,0.8450
0.4443,-20.2202,0.8428,0.8449
0.4461,-20.2100,0.8426,0.8448
0.4480,-20.1998,0.8424,0.8447
0.4498,-20.1897,0.8422,0.8446
0.4517,-20.1795,0.8420,0.8444
0.4536,-20.1694,0.8418,0.8442
0.4555,-20.1592,0.8416,0.8440
0.4574,-20.1491,0.8414,0.8437
0.4593,-20.1390,0.8412,0.8434
0.4613,-20.1288,0.8410,0.8431
0.4632,-20.1187,0.8408,0.8428
0.4652,-20.1086,0.8406,0.8424
0.4672,-20.0984,0.8403,0.8421
0.4693,-20.0883,0.8400,0.8417
0.4713,-20.0782,0.8396,0.8413
0.4733,-20.0681,0.8393,0.8409
0.4753,-20.0579,0.8388,0.8404
0.4773,-20.0478,0.8382,0.8400
0.4793,-20.0377,0.8375,0.8396
0.4812,-20.0275,0.8368,0.8391
0.4830,-20.0174,0.8360,0.8387
0.4848,-20.0072,0.8353,0.8382
0.4865,-19.9970,0.8345,0.8377
0.4881,-19.9868,0.8339,0.8371
0.4895,-19.9766,0.8333,0.8366
0.4909,-19.9663,0.8328,0.8360
0.4922,-19.9561,0.8324,0.8355
0.4935,-19.9458,0.8321,0.8349
0.4946,-19.9356,0.8318,0.8343
0.4958,-19.9253,0.8316,0.8338
0.4969,-19.9151,0.8315,0.8333
0.4980,-19.9048,0.8314,0.8329
0.4992,-19.8945,0.8313,0.8325
0.5004,-19.8843,0.8312,0.8321
0.5016,-19.8740,0.8311,0.8318
0.5028,-19.8638,0.8311,0.8316
0.5041,-19.8535,0.8310,0.8313
0.5054,-19.8433,0.8309,0.8312
0.5067,-19.8331,0.8309,0.8310
0.5081,-19.8228,0.8308,0.8309
0.5095,-19.8126,0.8308,0.8308
0.5109,-19.8024,0.8308,0.8308
0.5124,-19.7922,0.8308,0.8308
0.5139,-19.7819,0.8308,0.8308
0.5154,-19.7717,0.8308,0.8308
0.5169,-19.7615,0.8309,0.8309
0.5184,-19.7513,0.8309,0.8310
0.5200,-19.7411,0.8310,0.8310
0.5215,-19.7309,0.8311,0.8311
0.5231,-19.7207,0.8312,0.8312
0.5247,-19.7105,0.8313,0.8313
0.5262,-19.7003,0.8314,0.8314
0.5278,-19.6901,0.8314,0.8314
0.5293,-19.6799,0.8315,0.8315
0.5308,-19.6696,0.8315,0.8315
0.5324,-19.6594,0.8314,0.8315
0.5338,-19.6492,0.8312,0.8315
0.5353,-19.6390,0.8308,0.8314
0.5367,-19.6288,0.8302,0.8313
0.5381,-19.6185,0.8294,0.8312
0.5395,-19.6083,0.8285,0.8310
0.5408,-19.5981,0.8276,0.8308
0.5421,-19.5878,0.8266,0.8305
0.5434,-19.5776,0.8256,0.8301
0.5446,-19.5673,0.8246,0.8298
0.5458,-19.5571,0.8235,0.8294
0.5470,-19.5468,0.8225,0.8289
0.5481,-19.5366,0.8214,0.8284
0.5493,-19.5263,0.8204,0.8279
0.5503,-19.5160,0.8194,0.8273
0.5514,-19.5058,0.8184,0.8267
0.5525,-19.4955,0.8174,0.8261
0.5535,-19.4852,0.8164,0.8254
0.5545,-19.4749,0.8154,0.8248
0.5555,-19.4647,0.8144,0.8241
0.5565,-19.4544,0.8135,0.8234
0.5574,-19.4441,0.8125,0.8227
0.5584,-19.4338,0.8116,0.8219
0.5593,-19.4235,0.8107,0.8212
0.5603,-19.4133,0.8097,0.8204
0.5612,-19.4030,0.8088,0.8196
0.5621,-19.3927,0.8079,0.8189
0.5630,-19.3824,0.8070,0.8181
0.5639,-19.3721,0.8061,0.8173
0.5648,-19.3618,0.8052,0.8164
0.5656,-19.3515,0.8043,0.8156
0.5665,-19.3413,0.8035,0.8148
0.5674,-19.3310,0.8026,0.8139
0.5682,-19.3207,0.8017,0.8131
0.5691,-19.3104,0.8008,0.8122
0.5699,-19.3001,0.7999,0.8114
0.5708,-19.2898,0.7991,0.8105
0.5716,-19.2795,0.7982,0.8096
0.5725,-19.2692,0.7972,0.8088
0.5733,-19.2589,0.7963,0.8079
0.5742,-19.2487,0.7953,0.8071
0.5751,-19.2384,0.7944,0.8062
0.5760,-19.2281,0.7933,0.8053
0.5768,-19.2178,0.7923,0.8045
0.5777,-19.2075,0.7912,0.8037
0.5786,-19.1972,0.7900,0.8028
0.5795,-19.1869,0.7888,0.8020
0.5804,-19.1766,0.7874,0.8012
0.5813,-19.1664,0.7860,0.8003
0.5822,-19.1561,0.7844,0.7995
0.5832,-19.1458,0.7826,0.7986
0.5841,-19.1355,0.7807,0.7978
0.5850,-19.1252,0.7785,0.7970
0.5859,-19.1149,0.7762,0.7961
0.5868,-19.1047,0.7738,0.7953
0.5878,-19.0944,0.7713,0.7944
0.5887,-19.0841,0.7688,0.7935
0.5896,-19.0738,0.7663,0.7926
0.5905,-19.0635,0.7638,0.7917
0.5914,-19.0532,0.7613,0.7908
0.5923,-19.0430,0.7587,0.7898
0.5931,-19.0327,0.7563,0.7889
0.5940,-19.0224,0.7539,0.7879
0.5948,-19.0121,0.7515,0.7868
0.5957,-19.0018,0.7491,0.7858
0.5964,-18.9915,0.7469,0.7847
0.5972,-18.9812,0.7447,0.7836
0.5980,-18.9709,0.7426,0.7824
0.5987,-18.9606,0.7405,0.7812
0.5993,-18.9503,0.7385,0.7799
0.6000,-18.9400,0.7366,0.7786
0.6006,-18.9297,0.7348,0.7773
0.6011,-18.9194,0.7331,0.7758
0.6016,-18.9091,0.7316,0.7744
0.6020,-18.8988,0.7301,0.7728
0.6024,-18.8884,0.7287,0.7712
0.6027,-18.8781,0.7275,0.7695
0.6029,-18.8678,0.7263,0.7677
0.6031,-18.8575,0.7253,0.7659
0.6032,-18.8471,0.7245,0.7640
0.6031,-18.8368,0.7238,0.7620
0.6030,-18.8265,0.7231,0.7599
0.6029,-18.8162,0.7227,0.7577
0.6026,-18.8059,0.7223,0.7554
0.6022,-18.7955,0.7222,0.7531
0.6018,-18.7852,0.7221,0.7507
0.6013,-18.7749,0.7222,0.7483
0.6007,-18.7646,0.7223,0.7459
0.6000,-18.7543,0.7226,0.7435
0.5994,-18.7440,0.7229,0.7412
0.5987,-18.7337,0.7232,0.7390
0.5981,-18.7234,0.7235,0.7369
0.5976,-18.7131,0.7239,0.7350
0.5970,-18.7028,0.7242,0.7333
0.5966,-18.6924,0.7244,0.7318
0.5962,-18.6821,0.7246,0.7304
0.5959,-18.6718,0.7248,0.7292
0.5957,-18.6615,0.7249,0.7282
0.5955,-18.6512,0.7249,0.7274
0.5954,-18.6408,0.7250,0.7268
0.5953,-18.6305,0.7250,0.7262
0.5952,-18.6202,0.7250,0.7259
0.5951,-18.6099,0.7250,0.7256
0.5951,-18.5995,0.7249,0.7254
0.5951,-18.5892,0.7249,0.7253
0.5951,-18.5789,0.7248,0.7252
0.5951,-18.5686,0.7247,0.7251
0.5951,-18.5582,0.7246,0.7250
0.5951,-18.5479,0.7245,0.7248
0.5951,-18.5376,0.7244,0.7247
0.5951,-18.5273,0.7242,0.7245
0.5952,-18.5169,0.7239,0.7243
0.5952,-18.5066,0.7237,0.7240
0.5953,-18.4963,0.7233,0.7237
0.5954,-18.4860,0.7229,0.7233
0.5955,-18.4757,0.7224,0.7229
0.5956,-18.4653,0.7218,0.7224
0.5957,-18.4550,0.7210,0.7219
0.5958,-18.4447,0.7201,0.7213
0.5960,-18.4344,0.7190,0.7207
0.5961,-18.4240,0.7177,0.7200
0.5963,-18.4137,0.7162,0.7193
0.5965,-18.4034,0.7146,0.7186
0.5967,-18.3931,0.7129,0.7179
0.5970,-18.3827,0.7110,0.7171
0.5972,-18.3724,0.7092,0.7163
0.5975,-18.3621,0.7072,0.7155
0.5978,-18.3518,0.7053,0.7146
0.5981,-18.3415,0.7033,0.7138
0.5985,-18.3311,0.7014,0.7129
0.5988,-18.3208,0.6994,0.7121
0.5992,-18.3105,0.6975,0.7112
0.5996,-18.3002,0.6956,0.7103
0.6000,-18.2899,0.6936,0.7094
0.6004,-18.2796,0.6918,0.7085
0.6008,-18.2692,0.6899,0.7076
0.6013,-18.2589,0.6881,0.7066
0.6018,-18.2486,0.6863,0.7057
0.6023,-18.2383,0.6845,0.7048
0.6028,-18.2280,0.6828,0.7039
0.6033,-18.2177,0.6810,0.7029
0.6039,-18.2074,0.6794,0.7020
0.6044,-18.1971,0.6778,0.7010
0.6050,-18.1868,0.6762,0.7001
0.6056,-18.1764,0.6746,0.6991
0.6062,-18.1661,0.6731,0.6982
0.6069,-18.1558,0.6716,0.6972
0.6075,-18.1455,0.6701,0.6963
0.6082,-18.1352,0.6688,0.6953
0.6088,-18.1249,0.6674,0.6943
0.6095,-18.1146,0.6660,0.6934
0.6102,-18.1043,0.6647,0.6924
0.6110,-18.0940,0.6634,0.6914
0.6117,-18.0837,0.6622,0.6904
0.6125,-18.0734,0.6609,0.6895
0.6132,-18.0631,0.6598,0.6885
0.6140,-18.0528,0.6586,0.6875
0.6148,-18.0425,0.6574,0.6865
0.6157,-18.0323,0.6563,0.6855
0.6165,-18.0220,0.6552,0.6845
0.6174,-18.0117,0.6541,0.6835
0.6182,-18.0014,0.6530,0.6825
0.6191,-17.9911,0.6519,0.6815
0.6200,-17.9808,0.6508,0.6805
0.6210,-17.9705,0.6497,0.6795
0.6219,-17.9603,0.6487,0.6784
0.6229,-17.9500,0.6476,0.6774
0.6238,-17.9397,0.6465,0.6763
0.6248,-17.9294,0.6455,0.6753
0.6258,-17.9191,0.6444,0.6742
0.6269,-17.9089,0.6433,0.6731
0.6279,-17.8986,0.6423,0.6720
0.6289,-17.8883,0.6412,0.6708
0.6300,-17.8781,0.6401,0.6697
0.6311,-17.8678,0.6390,0.6684
0.6321,-17.8575,0.6379,0.6672
0.6332,-17.8472,0.6369,0.6659
0.6342,-17.8370,0.6358,0.6645
0.6353,-17.8267,0.6348,0.6631
0.6363,-17.8164,0.6337,0.6616
0.6373,-17.8062,0.6327,0.6600
0.6383,-17.7959,0.6317,0.6583
0.6392,-17.7856,0.6308,0.6564
0.6401,-17.7753,0.6299,0.6545
0.6409,-17.7650,0.6291,0.6526
0.6417,-17.7547,0.6283,0.6506
0.6425,-17.7444,0.6275,0.6486
0.6432,-17.7341,0.6268,0.6467
0.6438,-17.7238,0.6262,0.6448
0.6444,-17.7135,0.6256,0.6429
0.6450,-17.7032,0.6250,0.6412
0.6456,-17.6929,0.6245,0.6395
0.6461,-17.6826,0.6239,0.6380
0.6467,-17.6723,0.6233,0.6365
0.6473,-17.6620,0.6227,0.6351
0.6479,-17.6517,0.6221,0.6338
0.6486,-17.6414,0.6214,0.6326
0.6493,-17.6311,0.6208,0.6315
0.6500,-17.6208,0.6201,0.6304
0.6507,-17.6105,0.6193,0.6294
0.6514,-17.6002,0.6186,0.6284
0.6522,-17.5899,0.6178,0.6274
0.6530,-17.5796,0.6171,0.6264
0.6538,-17.5693,0.6163,0.6255
0.6546,-17.5590,0.6155,0.6246
0.6554,-17.5487,0.6147,0.6237
0.6562,-17.5384,0.6138,0.6228
0.6570,-17.5281,0.6130,0.6219
0.6579,-17.5178,0.6122,0.6210
0.6587,-17.5075,0.6115,0.6201
0.6595,-17.4972,0.6107,0.6193
0.6603,-17.4869,0.6099,0.6184
0.6611,-17.4766,0.6091,0.6175
0.6619,-17.4664,0.6084,0.6166
0.6627,-17.4561,0.6077,0.6156
0.6634,-17.4458,0.6070,0.6147
0.6642,-17.4355,0.6064,0.6138
0.6649,-17.4252,0.6058,0.6128
0.6655,-17.4149,0.6053,0.6118
0.6662,-17.4046,0.6048,0.6109
0.6668,-17.3942,0.6043,0.6099
0.6673,-17.3839,0.6040,0.6090
0.6679,-17.3736,0.6037,0.6080
0.6684,-17.3633,0.6034,0.6071
0.6688,-17.3530,0.6033,0.6063
0.6693,-17.3427,0.6032,0.6055
0.6697,-17.3324,0.6031,0.6049
0.6701,-17.3221,0.6032,0.6043
0.6705,-17.3117,0.6032,0.6038
0.6709,-17.3014,0.6033,0.6035
0.6714,-17.2911,0.6034,0.6033
0.6719,-17.2808,0.6035,0.6033
0.6724,-17.2705,0.6036,0.6034
0.6730,-17.2602,0.6037,0.6036
0.6736,-17.2499,0.6038,0.6040
0.6743,-17.2396,0.6039,0.6045
0.6751,-17.2293,0.6040,0.6050
0.6759,-17.2190,0.6042,0.6056
0.6767,-17.2087,0.6043,0.6063
0.6776,-17.1984,0.6044,0.6069
0.6785,-17.1881,0.6046,0.6076
0.6795,-17.1778,0.6047,0.6082
0.6805,-17.1676,0.6050,0.6088
0.6815,-17.1573,0.6052,0.6094
0.6825,-17.1470,0.6055,0.6100
0.6835,-17.1367,0.6058,0.6105
0.6846,-17.1265,0.6062,0.6110
0.6856,-17.1162,0.6066,0.6115
0.6866,-17.1059,0.6071,0.6119
0.6877,-17.0957,0.6076,0.6123
0.6887,-17.0854,0.6081,0.6127
0.6897,-17.0751,0.6087,0.6130
0.6908,-17.0648,0.6093,0.6133
0.6918,-17.0546,0.6100,0.6136
0.6928,-17.0443,0.6106,0.6138
0.6938,-17.0340,0.6113,0.6140
0.6947,-17.0237,0.6119,0.6142
0.6957,-17.0134,0.6125,0.6143
0.6967,-17.0032,0.6131,0.6144
0.6976,-16.9929,0.6136,0.6144
0.6986,-16.9826,0.6140,0.6145
0.6995,-16.9723,0.6143,0.6145
0.7004,-16.9620,0.6145,0.6145
0.7013,-16.9518,0.6145,0.6144
0.7022,-16.9415,0.6144,0.6144
0.7031,-16.9312,0.6141,0.6142
0.7039,-16.9209,0.6138,0.6141
0.7048,-16.9106,0.6133,0.6140
0.7056,-16.9003,0.6128,0.6138
0.7065,-16.8900,0.6123,0.6136
0.7073,-16.8797,0.6117,0.6134
0.7081,-16.8694,0.6111,0.6131
0.7089,-16.8591,0.6104,0.6128
0.7097,-16.8488,0.6098,0.6125
0.7105,-16.8386,0.6091,0.6122
0.7112,-16.8283,0.6085,0.6118
0.7119,-16.8180,0.6078,0.6115
0.7127,-16.8077,0.6071,0.6111
0.7134,-16.7974,0.6065,0.6106
0.7141,-16.7871,0.6058,0.6102
0.7148,-16.7768,0.6051,0.6097
0.7154,-16.7665,0.6045,0.6092
0.7161,-16.7561,0.6039,0.6086
0.7167,-16.7458,0.6033,0.6081
0.7173,-16.7355,0.6027,0.6075
0.7179,-16.7252,0.6021,0.6068
0.7184,-16.7149,0.6015,0.6062
0.7190,-16.7046,0.6010,0.6055
0.7196,-16.6943,0.6004,0.6048
0.7201,-16.6840,0.5999,0.6042
0.7207,-16.6737,0.5994,0.6035
0.7212,-16.6634,0.5988,0.6028
0.7218,-16.6531,0.5982,0.6021
0.7223,-16.6428,0.5977,0.6014
0.7229,-16.6324,0.5971,0.6007
0.7235,-16.6221,0.5965,0.6000
0.7241,-16.6118,0.5959,0.5994
0.7248,-16.6015,0.5953,0.5987
0.7254,-16.5912,0.5946,0.5981
0.7260,-16.5809,0.5940,0.5975
0.7267,-16.5706,0.5933,0.5968
0.7274,-16.5603,0.5926,0.5962
0.7281,-16.5500,0.5919,0.5956
0.7288,-16.5397,0.5912,0.5951
0.7295,-16.5294,0.5905,0.5945
0.7302,-16.5191,0.5898,0.5939
0.7309,-16.5088,0.5891,0.5933
0.7317,-16.4985,0.5883,0.5927
0.7324,-16.4882,0.5876,0.5921
0.7332,-16.4779,0.5869,0.5916
0.7339,-16.4676,0.5861,0.5910
0.7347,-16.4573,0.5853,0.5904
0.7354,-16.4470,0.5846,0.5898
0.7362,-16.4367,0.5838,0.5893
0.7369,-16.4264,0.5831,0.5887
0.7377,-16.4161,0.5823,0.5881
0.7385,-16.4058,0.5816,0.5875
0.7392,-16.3955,0.5808,0.5869
0.7400,-16.3852,0.5800,0.5862
0.7407,-16.3750,0.5793,0.5856
0.7415,-16.3647,0.5785,0.5850
0.7423,-16.3544,0.5778,0.5843
0.7430,-16.3441,0.5770,0.5836
0.7438,-16.3338,0.5762,0.5830
0.7446,-16.3235,0.5754,0.5823
0.7454,-16.3132,0.5746,0.5816
0.7461,-16.3029,0.5739,0.5809
0.7469,-16.2926,0.5731,0.5801
0.7477,-16.2823,0.5723,0.5794
0.7485,-16.2720,0.5715,0.5787
0.7493,-16.2617,0.5707,0.5779
0.7501,-16.2514,0.5699,0.5771
0.7509,-16.2411,0.5691,0.5764
0.7517,-16.2308,0.5683,0.5756
0.7526,-16.2205,0.5674,0.5748
0.7534,-16.2102,0.5666,0.5740
0.7542,-16.2000,0.5658,0.5732
0.7551,-16.1897,0.5649,0.5724
0.7559,-16.1794,0.5641,0.5716
0.7567,-16.1691,0.5633,0.5708
0.7575,-16.1588,0.5625,0.5700
0.7584,-16.1485,0.5616,0.5692
0.7592,-16.1382,0.5608,0.5683
0.7600,-16.1279,0.5600,0.5675
0.7608,-16.1176,0.5592,0.5666
0.7615,-16.1073,0.5585,0.5658
0.7623,-16.0970,0.5577,0.5649
0.7630,-16.0867,0.5570,0.5639
0.7637,-16.0764,0.5563,0.5630
0.7644,-16.0661,0.5556,0.5620
0.7650,-16.0558,0.5550,0.5610
0.7657,-16.0455,0.5544,0.5601
0.7662,-16.0352,0.5538,0.5590
0.7667,-16.0249,0.5533,0.5580
0.7672,-16.0146,0.5528,0.5571
0.7676,-16.0043,0.5524,0.5561
0.7680,-15.9939,0.5521,0.5553
0.7683,-15.9836,0.5518,0.5544
0.7685,-15.9733,0.5515,0.5537
0.7687,-15.9630,0.5513,0.5530
0.7689,-15.9527,0.5511,0.5525
0.7690,-15.9423,0.5510,0.5520
0.7691,-15.9320,0.5509,0.5516
0.7691,-15.9217,0.5509,0.5513
0.7692,-15.9114,0.5509,0.5511
0.7692,-15.9010,0.5508,0.5509
0.7692,-15.8907,0.5508,0.5508
0.7693,-15.8804,0.5507,0.5508
0.7693,-15.8701,0.5507,0.5508
0.7693,-15.8597,0.5507,0.5507
0.7693,-15.8494,0.5507,0.5507
0.7693,-15.8391,0.5507,0.5507
0.7693,-15.8288,0.5507,0.5507
0.7693,-15.8184,0.5507,0.5507
0.7693,-15.8081,0.5507,0.5507
0.7693,-15.7978,0.5507,0.5507
0.7693,-15.7875,0.5507,0.5507
0.7693,-15.7771,0.5507,0.5507
0.7693,-15.7668,0.5507,0.5507
0.7693,-15.7565,0.5507,0.5507
0.7693,-15.7462,0.5507,0.5507
0.7694,-15.7358,0.5507,0.5507
0.7694,-15.7255,0.5507,0.5506
0.7694,-15.7152,0.5507,0.5506
0.7694,-15.7049,0.5506,0.5506
0.7694,-15.6945,0.5506,0.5506
0.7694,-15.6842,0.5506,0.5506
0.7694,-15.6739,0.5506,0.5506
0.7694,-15.6636,0.5506,0.5506
0.7695,-15.6532,0.5506,0.5506
0.7695,-15.6429,0.5505,0.5506
0.7695,-15.6326,0.5505,0.5505
0.7695,-15.6223,0.5505,0.5505
0.7695,-15.6119,0.5505,0.5505
0.7696,-15.6016,0.5505,0.5505
0.7696,-15.5913,0.5504,0.5505
0.7696,-15.5810,0.5504,0.5504
0.7696,-15.5707,0.5504,0.5504
0.7697,-15.5603,0.5503,0.5504
0.7697,-15.5500,0.5503,0.5504
0.7697,-15.5397,0.5503,0.5503
0.7697,-15.5294,0.5503,0.5503
0.7698,-15.5190,0.5503,0.5503
0.7698,-15.5087,0.5502,0.5503
0.7698,-15.4984,0.5502,0.5502
0.7698,-15.4881,0.5502,0.5502
0.7698,-15.4777,0.5502,0.5502
0.7699,-15.4674,0.5502,0.5502
0.7699,-15.4571,0.5502,0.5501
0.7699,-15.4468,0.5501,0.5501
0.7699,-15.4364,0.5501,0.5501
0.7699,-15.4261,0.5501,0.5501
0.7699,-15.4158,0.5501,0.5501
0.7699,-15.4055,0.5501,0.5501
0.7699,-15.3951,0.5501,0.5501
0.7700,-15.3848,0.5501,0.5501
0.7700,-15.3745,0.5500,0.5500
0.7700,-15.3642,0.5500,0.5500
0.7700,-15.3538,0.5500,0.5500
0.7700,-15.3435,0.5500,0.5500
0.7700,-15.3332,0.5501,0.5500
0.7700,-15.3229,0.5500,0.5500
0.7700,-15.3125,0.5500,0.5500
0.7700,-15.3022,0.5500,0.5500
0.7700,-15.2919,0.5500,0.5500
0.7700,-15.2816,0.5500,0.5500
0.7700,-15.2712,0.5500,0.5500
0.7700,-15.2609,0.5500,0.5500
0.7700,-15.2506,0.5500,0.5500
0.7700,-15.2403,0.5500,0.5500
0.7700,-15.2299,0.5500,0.5500
0.7700,-15.2196,0.5500,0.5500
0.7700,-15.2093,0.5500,0.5500
0.7700,-15.1990,0.5500,0.5500
0.7700,-15.1886,0.5500,0.5500
0.7700,-15.1783,0.5500,0.5500
0.7700,-15.1680,0.5500,0.5500
0.7700,-15.1577,0.5500,0.5500
0.7700,-15.1473,0.5500,0.5500
0.7700,-15.1370,0.5500,0.5500
0.7700,-15.1267,0.5500,0.5500
0.7700,-15.1164,0.5500,0.5500
0.7700,-15.1060,0.5500,0.5500
0.7700,-15.0957,0.5500,0.5500
0.7700,-15.0854,0.5501,0.5500
0.7700,-15.0751,0.5501,0.5500
0.7700,-15.0648,0.5500,0.5501
0.7701,-15.0544,0.5501,0.5501
0.7701,-15.0441,0.5501,0.5501
0.7701,-15.0338,0.5501,0.5501
0.7701,-15.0235,0.5501,0.5501
0.7702,-15.0131,0.5501,0.5502
0.7702,-15.0028,0.5502,0.5502
0.7702,-14.9925,0.5502,0.5502
0.7703,-14.9822,0.5503,0.5503
0.7704,-14.9718,0.5503,0.5504
0.7704,-14.9615,0.5504,0.5504
0.7705,-14.9512,0.5505,0.5505
0.7706,-14.9409,0.5506,0.5506
0.7708,-14.9305,0.5506,0.5508
0.7709,-14.9202,0.5507,0.5509
0.7711,-14.9099,0.5508,0.5511
0.7713,-14.8996,0.5509,0.5513
0.7715,-14.8892,0.5511,0.5515
0.7718,-14.8789,0.5512,0.5518
0.7721,-14.8686,0.5514,0.5521
0.7724,-14.8583,0.5515,0.5524
0.7728,-14.8480,0.5517,0.5528
0.7732,-14.8376,0.5519,0.5532
0.7736,-14.8273,0.5521,0.5536
0.7741,-14.8170,0.5523,0.5541
0.7746,-14.8067,0.5525,0.5546
0.7752,-14.7964,0.5527,0.5552
0.7758,-14.7861,0.5529,0.5558
0.7764,-14.7758,0.5532,0.5564
0.7771,-14.7655,0.5535,0.5571
0.7778,-14.7552,0.5538,0.5578
0.7786,-14.7449,0.5541,0.5586
0.7793,-14.7346,0.5544,0.5593
0.7801,-14.7243,0.5549,0.5601
0.7810,-14.7140,0.5553,0.5610
0.7818,-14.7037,0.5558,0.5618
0.7826,-14.6934,0.5563,0.5626
0.7834,-14.6831,0.5568,0.5634
0.7843,-14.6728,0.5575,0.5643
0.7851,-14.6626,0.5582,0.5651
0.7859,-14.6523,0.5589,0.5659
0.7866,-14.6420,0.5597,0.5666
0.7874,-14.6317,0.5606,0.5674
0.7881,-14.6214,0.5615,0.5681
0.7888,-14.6111,0.5625,0.5688
0.7894,-14.6008,0.5635,0.5694
0.7900,-14.5904,0.5646,0.5700
0.7905,-14.5801,0.5657,0.5705
0.7911,-14.5698,0.5667,0.5711
0.7915,-14.5595,0.5678,0.5715
0.7920,-14.5492,0.5688,0.5720
0.7923,-14.5389,0.5698,0.5723
0.7927,-14.5286,0.5707,0.5727
0.7930,-14.5182,0.5714,0.5730
0.7933,-14.5079,0.5721,0.5733
0.7935,-14.4976,0.5727,0.5735
0.7938,-14.4873,0.5731,0.5738
0.7940,-14.4770,0.5735,0.5740
0.7941,-14.4666,0.5738,0.5741
0.7943,-14.4563,0.5740,0.5743
0.7944,-14.4460,0.5742,0.5744
0.7945,-14.4357,0.5744,0.5745
0.7946,-14.4253,0.5745,0.5746
0.7947,-14.4150,0.5746,0.5747
0.7947,-14.4047,0.5747,0.5747
0.7948,-14.3944,0.5748,0.5748
0.7948,-14.3840,0.5748,0.5748
0.7949,-14.3737,0.5749,0.5749
0.7949,-14.3634,0.5749,0.5749
0.7949,-14.3531,0.5749,0.5749
0.7949,-14.3427,0.5749,0.5749
0.7949,-14.3324,0.5749,0.5750
0.7950,-14.3221,0.5750,0.5750
0.7950,-14.3118,0.5750,0.5750
0.7950,-14.3014,0.5750,0.5750
0.7950,-14.2911,0.5750,0.5750
0.7950,-14.2808,0.5750,0.5750
0.7950,-14.2705,0.5750,0.5750
0.7950,-14.2601,0.5750,0.5750
0.7950,-14.2498,0.5750,0.5750
0.7950,-14.2395,0.5750,0.5750
0.7950,-14.2292,0.5750,0.5750
0.7950,-14.2188,0.5750,0.5750
0.7951,-14.2085,0.5751,0.5751
0.7951,-14.1982,0.5751,0.5751
0.7951,-14.1879,0.5751,0.5751
0.7951,-14.1776,0.5751,0.5751
0.7951,-14.1672,0.5751,0.5751
0.7952,-14.1569,0.5752,0.5752
0.7952,-14.1466,0.5752,0.5752
0.7953,-14.1363,0.5753,0.5753
0.7953,-14.1259,0.5753,0.5753
0.7954,-14.1156,0.5753,0.5754
0.7955,-14.1053,0.5754,0.5755
0.7956,-14.0950,0.5755,0.5756
0.7957,-14.0846,0.5756,0.5757
0.7959,-14.0743,0.5757,0.5759
0.7960,-14.0640,0.5758,0.5760
0.7962,-14.0537,0.5759,0.5762
0.7964,-14.0433,0.5760,0.5764
0.7967,-14.0330,0.5762,0.5767
0.7969,-14.0227,0.5763,0.5770
0.7973,-14.0124,0.5764,0.5773
0.7976,-14.0021,0.5766,0.5776
0.7980,-13.9917,0.5768,0.5780
0.7984,-13.9814,0.5770,0.5784
0.7989,-13.9711,0.5771,0.5789
0.7994,-13.9608,0.5773,0.5794
0.7999,-13.9505,0.5776,0.5799
0.8005,-13.9402,0.5778,0.5805
0.8011,-13.9299,0.5780,0.5811
0.8018,-13.9196,0.5783,0.5818
0.8025,-13.9093,0.5785,0.5825
0.8033,-13.8990,0.5789,0.5832
0.8040,-13.8887,0.5792,0.5840
0.8048,-13.8784,0.5796,0.5848
0.8056,-13.8681,0.5799,0.5856
0.8065,-13.8578,0.5804,0.5864
0.8073,-13.8475,0.5809,0.5872
0.8081,-13.8372,0.5814,0.5881
0.8090,-13.8269,0.5820,0.5889
0.8098,-13.8166,0.5826,0.5897
0.8106,-13.8063,0.5833,0.5904
0.8114,-13.7961,0.5841,0.5912
0.8122,-13.7858,0.5849,0.5919
0.8129,-13.7755,0.5858,0.5926
0.8136,-13.7652,0.5867,0.5932
0.8143,-13.7549,0.5876,0.5938
0.8150,-13.7446,0.5886,0.5943
0.8156,-13.7343,0.5896,0.5948
0.8162,-13.7239,0.5907,0.5953
0.8168,-13.7136,0.5917,0.5956
0.8174,-13.7033,0.5926,0.5960
0.8179,-13.6930,0.5935,0.5962
0.8184,-13.6827,0.5943,0.5964
0.8189,-13.6724,0.5951,0.5966
0.8194,-13.6621,0.5956,0.5967
0.8199,-13.6518,0.5961,0.5968
0.8204,-13.6415,0.5964,0.5968
0.8209,-13.6311,0.5966,0.5968
0.8214,-13.6208,0.5967,0.5968
0.8219,-13.6105,0.5968,0.5967
0.8224,-13.6002,0.5968,0.5966
0.8229,-13.5899,0.5968,0.5965
0.8235,-13.5796,0.5967,0.5964
0.8240,-13.5693,0.5965,0.5963
0.8246,-13.5590,0.5964,0.5962
0.8252,-13.5487,0.5963,0.5960
0.8258,-13.5384,0.5961,0.5959
0.8265,-13.5280,0.5960,0.5958
0.8272,-13.5177,0.5958,0.5956
0.8279,-13.5074,0.5957,0.5955
0.8286,-13.4971,0.5955,0.5954
0.8294,-13.4869,0.5953,0.5953
0.8302,-13.4766,0.5953,0.5952
0.8310,-13.4663,0.5951,0.5951
0.8318,-13.4560,0.5950,0.5950
0.8327,-13.4457,0.5949,0.5949
0.8336,-13.4354,0.5949,0.5949
0.8346,-13.4251,0.5949,0.5948
0.8356,-13.4149,0.5948,0.5948
0.8366,-13.4046,0.5948,0.5948
0.8376,-13.3943,0.5948,0.5948
0.8387,-13.3840,0.5948,0.5948
0.8399,-13.3738,0.5949,0.5949
0.8410,-13.3635,0.5950,0.5949
0.8422,-13.3533,0.5951,0.5950
0.8434,-13.3430,0.5952,0.5951
0.8447,-13.3328,0.5953,0.5952
0.8460,-13.3225,0.5955,0.5954
0.8473,-13.3123,0.5956,0.5955
0.8486,-13.3020,0.5958,0.5957
0.8500,-13.2918,0.5960,0.5958
0.8514,-13.2816,0.5961,0.5960
0.8529,-13.2714,0.5963,0.5962
0.8543,-13.2611,0.5965,0.5964
0.8558,-13.2509,0.5967,0.5965
0.8573,-13.2407,0.5968,0.5967
0.8588,-13.2305,0.5970,0.5969
0.8603,-13.2203,0.5971,0.5970
0.8618,-13.2101,0.5972,0.5971
0.8633,-13.1998,0.5972,0.5971
0.8648,-13.1896,0.5971,0.5972
0.8663,-13.1794,0.5969,0.5971
0.8677,-13.1692,0.5966,0.5971
0.8691,-13.1590,0.5961,0.5969
0.8705,-13.1487,0.5956,0.5968
0.8719,-13.1385,0.5949,0.5966
0.8732,-13.1283,0.5942,0.5963
0.8745,-13.1180,0.5934,0.5960
0.8758,-13.1078,0.5926,0.5957
0.8771,-13.0975,0.5918,0.5953
0.8783,-13.0873,0.5909,0.5948
0.8794,-13.0770,0.5901,0.5944
0.8806,-13.0667,0.5893,0.5939
0.8817,-13.0565,0.5885,0.5933
0.8828,-13.0462,0.5877,0.5927
0.8838,-13.0359,0.5870,0.5921
0.8848,-13.0257,0.5862,0.5915
0.8858,-13.0154,0.5856,0.5908
0.8868,-13.0051,0.5850,0.5901
0.8877,-12.9948,0.5844,0.5894
0.8886,-12.9845,0.5839,0.5887
0.8895,-12.9743,0.5835,0.5879
0.8903,-12.9640,0.5832,0.5872
0.8912,-12.9537,0.5828,0.5864
0.8920,-12.9434,0.5826,0.5857
0.8928,-12.9331,0.5824,0.5849
0.8936,-12.9228,0.5822,0.5843
0.8944,-12.9125,0.5821,0.5836
0.8952,-12.9022,0.5820,0.5831
0.8961,-12.8919,0.5820,0.5826
0.8970,-12.8816,0.5820,0.5823
0.8980,-12.8714,0.5819,0.5820
0.8990,-12.8611,0.5819,0.5819
0.9000,-12.8508,0.5819,0.5819
0.9011,-12.8406,0.5819,0.5819
0.9023,-12.8303,0.5818,0.5820
0.9035,-12.8200,0.5818,0.5822
0.9048,-12.8098,0.5818,0.5824
0.9060,-12.7995,0.5818,0.5826
0.9073,-12.7893,0.5819,0.5828
0.9087,-12.7791,0.5820,0.5831
0.9100,-12.7688,0.5821,0.5833
0.9113,-12.7586,0.5823,0.5836
0.9127,-12.7484,0.5825,0.5839
0.9140,-12.7381,0.5827,0.5841
0.9154,-12.7279,0.5830,0.5844
0.9167,-12.7176,0.5833,0.5846
0.9180,-12.7074,0.5836,0.5848
0.9193,-12.6972,0.5839,0.5850
0.9206,-12.6869,0.5843,0.5851
0.9219,-12.6767,0.5846,0.5853
0.9232,-12.6664,0.5849,0.5854
0.9244,-12.6562,0.5852,0.5855
0.9257,-12.6459,0.5854,0.5856
0.9269,-12.6357,0.5856,0.5856
0.9281,-12.6254,0.5856,0.5856
0.9292,-12.6152,0.5855,0.5856
0.9303,-12.6049,0.5853,0.5856
0.9315,-12.5946,0.5850,0.5855
0.9325,-12.5844,0.5846,0.5854
0.9336,-12.5741,0.5841,0.5852
0.9346,-12.5638,0.5836,0.5850
0.9356,-12.5535,0.5831,0.5848
0.9365,-12.5433,0.5825,0.5845
0.9374,-12.5330,0.5819,0.5843
0.9383,-12.5227,0.5814,0.5839
0.9391,-12.5124,0.5809,0.5835
0.9399,-12.5021,0.5804,0.5831
0.9407,-12.4918,0.5799,0.5827
0.9414,-12.4815,0.5796,0.5822
0.9420,-12.4712,0.5792,0.5817
0.9426,-12.4609,0.5789,0.5812
0.9432,-12.4506,0.5787,0.5806
0.9437,-12.4403,0.5786,0.5801
0.9443,-12.4300,0.5785,0.5797
0.9447,-12.4197,0.5784,0.5792
0.9452,-12.4093,0.5785,0.5789
0.9457,-12.3990,0.5785,0.5787
0.9462,-12.3887,0.5786,0.5785
0.9468,-12.3784,0.5787,0.5785
0.9473,-12.3681,0.5788,0.5786
0.9479,-12.3578,0.5789,0.5789
0.9486,-12.3475,0.5791,0.5793
0.9493,-12.3372,0.5792,0.5798
0.9500,-12.3269,0.5794,0.5804
0.9508,-12.3166,0.5795,0.5811
0.9517,-12.3063,0.5797,0.5818
0.9525,-12.2960,0.5799,0.5826
0.9534,-12.2857,0.5801,0.5835
0.9543,-12.2754,0.5804,0.5844
0.9552,-12.2652,0.5807,0.5853
0.9562,-12.2549,0.5811,0.5862
0.9571,-12.2446,0.5815,0.5871
0.9580,-12.2343,0.5819,0.5880
0.9589,-12.2240,0.5825,0.5889
0.9598,-12.2137,0.5831,0.5898
0.9606,-12.2034,0.5838,0.5906
0.9614,-12.1932,0.5845,0.5914
0.9622,-12.1829,0.5853,0.5922
0.9629,-12.1726,0.5862,0.5929
0.9636,-12.1623,0.5872,0.5936
0.9643,-12.1520,0.5881,0.5943
0.9649,-12.1416,0.5892,0.5949
0.9655,-12.1313,0.5902,0.5955
0.9660,-12.1210,0.5913,0.5960
0.9665,-12.1107,0.5924,0.5965
0.9669,-12.1004,0.5935,0.5969
0.9673,-12.0901,0.5945,0.5973
0.9677,-12.0798,0.5954,0.5977
0.9680,-12.0694,0.5962,0.5980
0.9683,-12.0591,0.5970,0.5983
0.9685,-12.0488,0.5975,0.5985
0.9688,-12.0385,0.5980,0.5988
0.9689,-12.0282,0.5984,0.5989
0.9691,-12.0178,0.5987,0.5991
0.9693,-12.0075,0.5990,0.5993
0.9694,-11.9972,0.5992,0.5994
0.9695,-11.9869,0.5994,0.5995
0.9696,-11.9765,0.5995,0.5996
0.9697,-11.9662,0.5996,0.5997
0.9697,-11.9559,0.5997,0.5997
0.9698,-11.9456,0.5997,0.5998
0.9698,-11.9352,0.5998,0.5998
0.9699,-11.9249,0.5998,0.5999
0.9699,-11.9146,0.5999,0.5999
0.9699,-11.9043,0.5999,0.5999
0.9699,-11.8939,0.5999,0.5999
0.9699,-11.8836,0.5999,0.5999
0.9700,-11.8733,0.6000,0.6000
0.9700,-11.8630,0.6000,0.6000
0.9700,-11.8526,0.6000,0.6000
0.9700,-11.8423,0.6000,0.6000
0.9700,-11.8320,0.6000,0.6000
0.9700,-11.8217,0.6000,0.6000
0.9700,-11.8113,0.6000,0.6000
0.9700,-11.8010,0.6000,0.6000
0.9700,-11.7907,0.6000,0.6000
0.9700,-11.7804,0.6000,0.6000
0.9700,-11.7701,0.6000,0.6000
0.9700,-11.7597,0.6000,0.6000
0.9700,-11.7494,0.6000,0.6001
0.9700,-11.7391,0.6000,0.6001
0.9700,-11.7288,0.6000,0.6003
0.9700,-11.7184,0.6000,0.6005
0.9700,-11.7081,0.6000,0.6008
0.9700,-11.6978,0.6000,0.6013
0.9699,-11.6875,0.6001,0.6020
0.9699,-11.6771,0.6001,0.6029
0.9699,-11.6668,0.6002,0.6038
0.9698,-11.6565,0.6002,0.6048
0.9697,-11.6462,0.6003,0.6060
0.9696,-11.6358,0.6004,0.6073
0.9694,-11.6255,0.6006,0.6087
0.9692,-11.6152,0.6008,0.6102
0.9689,-11.6049,0.6011,0.6119
0.9684,-11.5946,0.6015,0.6136
0.9679,-11.5842,0.6020,0.6153
0.9673,-11.5739,0.6027,0.6171
0.9665,-11.5636,0.6034,0.6188
0.9655,-11.5534,0.6043,0.6205
0.9645,-11.5431,0.6054,0.6223
0.9632,-11.5328,0.6066,0.6240
0.9619,-11.5226,0.6079,0.6257
0.9604,-11.5124,0.6093,0.6273
0.9587,-11.5022,0.6109,0.6289
0.9570,-11.4920,0.6125,0.6303
0.9551,-11.4819,0.6143,0.6317
0.9531,-11.4717,0.6161,0.6329
0.9510,-11.4616,0.6180,0.6341
0.9489,-11.4515,0.6199,0.6352
0.9466,-11.4415,0.6219,0.6362
0.9443,-11.4314,0.6239,0.6371
0.9420,-11.4213,0.6258,0.6380
0.9396,-11.4113,0.6277,0.6389
0.9371,-11.4013,0.6295,0.6397
0.9347,-11.3912,0.6313,0.6405
0.9322,-11.3812,0.6329,0.6412
0.9297,-11.3712,0.6344,0.6420
0.9271,-11.3612,0.6356,0.6427
0.9246,-11.3512,0.6368,0.6434
0.9221,-11.3412,0.6378,0.6442
0.9195,-11.3312,0.6387,0.6449
0.9170,-11.3212,0.6395,0.6456
0.9144,-11.3112,0.6402,0.6464
0.9119,-11.3012,0.6408,0.6471
0.9094,-11.2911,0.6415,0.6479
0.9069,-11.2811,0.6421,0.6487
0.9044,-11.2711,0.6427,0.6496
0.9019,-11.2611,0.6432,0.6504
0.8994,-11.2511,0.6438,0.6513
0.8969,-11.2411,0.6443,0.6522
0.8944,-11.2310,0.6448,0.6532
0.8919,-11.2210,0.6454,0.6542
0.8894,-11.2110,0.6459,0.6553
0.8868,-11.2010,0.6465,0.6565
0.8843,-11.1910,0.6471,0.6577
0.8818,-11.1810,0.6476,0.6591
0.8792,-11.1710,0.6482,0.6604
0.8767,-11.1610,0.6488,0.6619
0.8741,-11.1510,0.6494,0.6635
0.8715,-11.1410,0.6500,0.6651
0.8689,-11.1310,0.6506,0.6668
0.8662,-11.1210,0.6513,0.6685
0.8635,-11.1110,0.6519,0.6703
0.8608,-11.1011,0.6526,0.6721
0.8581,-11.0911,0.6533,0.6740
0.8553,-11.0812,0.6540,0.6759
0.8526,-11.0712,0.6547,0.6777
0.8497,-11.0613,0.6555,0.6796
0.8469,-11.0514,0.6563,0.6815
0.8441,-11.0414,0.6571,0.6834
0.8412,-11.0315,0.6579,0.6852
0.8383,-11.0216,0.6588,0.6871
0.8355,-11.0117,0.6596,0.6890
0.8327,-11.0018,0.6604,0.6910
0.8298,-10.9918,0.6613,0.6932
0.8271,-10.9819,0.6620,0.6956
0.8243,-10.9719,0.6628,0.6981
0.8216,-10.9620,0.6635,0.7009
0.8189,-10.9520,0.6642,0.7038
0.8163,-10.9420,0.6648,0.7069
0.8138,-10.9320,0.6653,0.7102
0.8113,-10.9220,0.6658,0.7137
0.8089,-10.9119,0.6662,0.7174
0.8065,-10.9019,0.6665,0.7213
0.8042,-10.8918,0.6667,0.7252
0.8019,-10.8818,0.6668,0.7293
0.7996,-10.8717,0.6669,0.7335
0.7973,-10.8616,0.6670,0.7379
0.7950,-10.8516,0.6671,0.7423
0.7927,-10.8415,0.6671,0.7468
0.7902,-10.8315,0.6673,0.7514
0.7877,-10.8215,0.6675,0.7559
0.7850,-10.8115,0.6679,0.7604
0.7821,-10.8016,0.6684,0.7649
0.7791,-10.7917,0.6691,0.7694
0.7759,-10.7819,0.6698,0.7738
0.7726,-10.7721,0.6708,0.7782
0.7692,-10.7624,0.6719,0.7826
0.7656,-10.7527,0.6731,0.7869
0.7619,-10.7430,0.6745,0.7911
0.7581,-10.7335,0.6759,0.7952
0.7542,-10.7239,0.6775,0.7992
0.7502,-10.7144,0.6792,0.8031
0.7461,-10.7049,0.6810,0.8070
0.7419,-10.6955,0.6829,0.8107
0.7376,-10.6861,0.6849,0.8143
0.7333,-10.6767,0.6870,0.8178
0.7289,-10.6674,0.6892,0.8213
0.7243,-10.6581,0.6916,0.8247
0.7197,-10.6488,0.6940,0.8280
0.7151,-10.6396,0.6965,0.8312
0.7103,-10.6305,0.6992,0.8343
0.7055,-10.6214,0.7019,0.8373
0.7006,-10.6123,0.7048,0.8402
0.6956,-10.6032,0.7078,0.8431
0.6905,-10.5942,0.7108,0.8459
0.6853,-10.5853,0.7140,0.8486
0.6801,-10.5764,0.7173,0.8512
0.6748,-10.5675,0.7206,0.8537
0.6695,-10.5587,0.7241,0.8561
0.6640,-10.5499,0.7277,0.8585
0.6585,-10.5412,0.7313,0.8608
0.6530,-10.5325,0.7351,0.8630
0.6473,-10.5238,0.7389,0.8651
0.6416,-10.5152,0.7428,0.8672
0.6359,-10.5066,0.7468,0.8692
0.6301,-10.4981,0.7508,0.8712
0.6243,-10.4896,0.7549,0.8730
0.6184,-10.4811,0.7590,0.8749
0.6124,-10.4727,0.7631,0.8767
0.6065,-10.4642,0.7673,0.8784
0.6005,-10.4558,0.7715,0.8801
0.5945,-10.4474,0.7758,0.8818
0.5885,-10.4390,0.7800,0.8835
0.5824,-10.4307,0.7843,0.8851
0.5764,-10.4223,0.7885,0.8868
0.5703,-10.4139,0.7928,0.8884
0.5643,-10.4056,0.7970,0.8900
0.5582,-10.3972,0.8013,0.8917
0.5522,-10.3888,0.8055,0.8933
0.5462,-10.3804,0.8097,0.8950
0.5402,-10.3720,0.8139,0.8968
0.5342,-10.3636,0.8180,0.8985
0.5283,-10.3551,0.8221,0.9003
0.5224,-10.3466,0.8262,0.9021
0.5166,-10.3381,0.8302,0.9040
0.5108,-10.3296,0.8343,0.9059
0.5050,-10.3211,0.8382,0.9079
0.4992,-10.3125,0.8421,0.9099
0.4935,-10.3039,0.8460,0.9119
0.4878,-10.2953,0.8498,0.9140
0.4822,-10.2866,0.8535,0.9161
0.4766,-10.2779,0.8572,0.9183
0.4710,-10.2693,0.8608,0.9205
0.4654,-10.2606,0.8642,0.9227
0.4599,-10.2519,0.8675,0.9249
0.4543,-10.2431,0.8702,0.9271
0.4488,-10.2344,0.8715,0.9294
0.4433,-10.2257,0.8727,0.9317
0.4377,-10.2170,0.8737,0.9339
0.4322,-10.2083,0.8747,0.9361
0.4266,-10.1996,0.8756,0.9384
0.4211,-10.1909,0.8766,0.9406
0.4155,-10.1822,0.8777,0.9428
0.4098,-10.1736,0.8787,0.9449
0.4042,-10.1649,0.8798,0.9470
0.3984,-10.1563,0.8811,0.9490
0.3927,-10.1478,0.8824,0.9510
0.3868,-10.1393,0.8838,0.9529
0.3810,-10.1308,0.8853,0.9547
0.3750,-10.1223,0.8869,0.9565
0.3690,-10.1140,0.8887,0.9581
0.3629,-10.1056,0.8906,0.9597
0.3567,-10.0974,0.8926,0.9612
0.3504,-10.0891,0.8948,0.9626
0.3441,-10.0810,0.8971,0.9639
0.3377,-10.0729,0.8996,0.9650
0.3311,-10.0649,0.9022,0.9660
0.3245,-10.0570,0.9050,0.9670
0.3178,-10.0492,0.9080,0.9677
0.3109,-10.0414,0.9111,0.9684
0.3040,-10.0338,0.9145,0.9689
0.2970,-10.0262,0.9180,0.9695
0.2898,-10.0188,0.9217,0.9699
0.2825,-10.0115,0.9255,0.9703
0.2751,-10.0043,0.9296,0.9707
0.2675,-9.9973,0.9340,0.9709
0.2598,-9.9904,0.9385,0.9710
0.2520,-9.9837,0.9433,0.9710
0.2439,-9.9772,0.9483,0.9708
0.2357,-9.9710,0.9521,0.9705
0.2273,-9.9649,0.9499,0.9700
0.2188,-9.9592,0.9480,0.9692
0.2100,-9.9537,0.9464,0.9683
0.2011,-9.9485,0.9452,0.9671
0.1921,-9.9435,0.9443,0.9658
0.1829,-9.9388,0.9437,0.9643
0.1736,-9.9343,0.9433,0.9627
0.1642,-9.9299,0.9432,0.9610
0.1548,-9.9257,0.9433,0.9592
0.1453,-9.9216,0.9435,0.9574
0.1358,-9.9176,0.9437,0.9556
0.1263,-9.9136,0.9440,0.9539
0.1168,-9.9095,0.9444,0.9523
0.1073,-9.9055,0.9447,0.9509
0.0979,-9.9013,0.9450,0.9496
0.0884,-9.8971,0.9452,0.9485
0.0790,-9.8929,0.9454,0.9476
0.0697,-9.8885,0.9455,0.9469
0.0603,-9.8842,0.9456,0.9464
0.0510,-9.8797,0.9456,0.9460
0.0417,-9.8753,0.9456,0.9458
0.0324,-9.8708,0.9456,0.9456
0.0230,-9.8664,0.9456,0.9456
0.0137,-9.8619,0.9456,0.9457
0.0044,-9.8575,0.9457,0.9459
-0.0050,-9.8532,0.9457,0.9461
-0.0144,-9.8489,0.9458,0.9464
-0.0238,-9.8446,0.9460,0.9467
-0.0332,-9.8404,0.9461,0.9471
-0.0427,-9.8364,0.9464,0.9475
-0.0522,-9.8323,0.9466,0.9479
-0.0617,-9.8284,0.9468,0.9483
-0.0713,-9.8245,0.9471,0.9488
-0.0809,-9.8207,0.9473,0.9494
-0.0905,-9.8169,0.9475,0.9500
-0.1001,-9.8131,0.9477,0.9506
-0.1097,-9.8093,0.9479,0.9513
-0.1193,-9.8056,0.9481,0.9521
-0.1290,-9.8018,0.9483,0.9531
-0.1386,-9.7981,0.9484,0.9541
-0.1482,-9.7944,0.9486,0.9552
-0.1578,-9.7907,0.9489,0.9564
-0.1675,-9.7870,0.9491,0.9576
-0.1771,-9.7833,0.9494,0.9589
-0.1868,-9.7797,0.9497,0.9601
-0.1965,-9.7760,0.9501,0.9612
-0.2062,-9.7725,0.9505,0.9624
-0.2158,-9.7689,0.9509,0.9635
-0.2255,-9.7653,0.9514,0.9646
-0.2352,-9.7618,0.9520,0.9657
-0.2449,-9.7583,0.9526,0.9668
-0.2547,-9.7548,0.9532,0.9678
-0.2644,-9.7513,0.9539,0.9688
-0.2741,-9.7479,0.9546,0.9698
-0.2839,-9.7444,0.9554,0.9708
-0.2936,-9.7410,0.9562,0.9718
-0.3033,-9.7376,0.9570,0.9728
-0.3131,-9.7341,0.9578,0.9737
-0.3228,-9.7307,0.9586,0.9747
-0.3325,-9.7272,0.9595,0.9757
-0.3422,-9.7238,0.9603,0.9768
-0.3519,-9.7202,0.9611,0.9779
-0.3616,-9.7167,0.9618,0.9792
-0.3713,-9.7130,0.9624,0.9806
-0.3809,-9.7093,0.9630,0.9822
-0.3905,-9.7056,0.9634,0.9839
-0.4001,-9.7017,0.9638,0.9859
-0.4097,-9.6977,0.9640,0.9880
-0.4192,-9.6937,0.9640,0.9903
-0.4286,-9.6896,0.9640,0.9929
-0.4381,-9.6854,0.9638,0.9955
-0.4475,-9.6813,0.9636,0.9983
-0.4570,-9.6771,0.9634,1.0012
-0.4664,-9.6729,0.9631,1.0041
-0.4759,-9.6688,0.9629,1.0071
-0.4854,-9.6648,0.9628,1.0101
-0.4950,-9.6609,0.9628,1.0131
-0.5046,-9.6571,0.9629,1.0161
-0.5142,-9.6534,0.9631,1.0191
-0.5239,-9.6499,0.9635,1.0220
-0.5336,-9.6464,0.9640,1.0249
-0.5434,-9.6431,0.9647,1.0278
-0.5532,-9.6399,0.9655,1.0306
-0.5631,-9.6369,0.9664,1.0334
-0.5730,-9.6339,0.9676,1.0362
-0.5829,-9.6311,0.9688,1.0390
-0.5929,-9.6283,0.9702,1.0417
-0.6029,-9.6258,0.9718,1.0442
-0.6129,-9.6233,0.9734,1.0467
-0.6229,-9.6209,0.9753,1.0491
-0.6330,-9.6187,0.9773,1.0513
-0.6431,-9.6166,0.9794,1.0534
-0.6533,-9.6146,0.9817,1.0554
-0.6634,-9.6127,0.9841,1.0573
-0.6736,-9.6110,0.9866,1.0590
-0.6838,-9.6094,0.9893,1.0607
-0.6940,-9.6078,0.9921,1.0622
-0.7042,-9.6064,0.9950,1.0636
-0.7145,-9.6051,0.9980,1.0649
-0.7247,-9.6039,1.0011,1.0661
-0.7350,-9.6029,1.0043,1.0672
-0.7453,-9.6019,1.0076,1.0682
-0.7555,-9.6010,1.0110,1.0691
-0.7658,-9.6001,1.0144,1.0699
-0.7761,-9.5994,1.0179,1.0706
-0.7864,-9.5988,1.0214,1.0713
-0.7968,-9.5982,1.0249,1.0719
-0.8071,-9.5977,1.0285,1.0724
-0.8174,-9.5973,1.0321,1.0728
-0.8277,-9.5969,1.0358,1.0731
-0.8380,-9.5966,1.0394,1.0734
-0.8483,-9.5964,1.0431,1.0737
-0.8587,-9.5963,1.0468,1.0738
-0.8690,-9.5962,1.0505,1.0740
-0.8793,-9.5961,1.0543,1.0740
-0.8896,-9.5962,1.0581,1.0740
-0.9000,-9.5963,1.0620,1.0740
-0.9103,-9.5965,1.0660,1.0741
-0.9206,-9.5968,1.0682,1.0741
-0.9309,-9.5972,1.0647,1.0741
-0.9412,-9.5978,1.0615,1.0741
-0.9515,-9.5985,1.0583,1.0740
-0.9618,-9.5994,1.0553,1.0738
-0.9721,-9.6006,1.0525,1.0735
-0.9823,-9.6019,1.0500,1.0731
-0.9925,-9.6035,1.0476,1.0725
-1.0027,-9.6051,1.0453,1.0720
-1.0129,-9.6067,1.0430,1.0717
