# x_m,y_m,w_tr_right_m,w_tr_left_m
0.6935,3.0493,1.2500,1.2500
0.6803,2.9501,1.2572,1.2572
0.6653,2.8521,1.2550,1.2550
0.6486,2.7551,1.2501,1.2501
0.6305,2.6589,1.2504,1.2504
0.6112,2.5632,1.2986,1.2986
0.5906,2.4678,1.3075,1.3075
0.5692,2.3724,1.3119,1.3119
0.5468,2.2768,1.3021,1.3021
0.5239,2.1808,1.3500,1.3500
0.5004,2.0842,1.3500,1.3500
0.4769,1.9868,1.3500,1.3500
0.4537,1.8887,1.4000,1.4000
0.4316,1.7899,1.4000,1.4000
0.4109,1.6905,1.4500,1.4500
0.3922,1.5904,1.4500,1.4500
0.3760,1.4897,1.4500,1.4500
0.3629,1.3884,1.4615,1.4615
0.3534,1.2865,1.5009,1.5009
0.3480,1.1841,1.5007,1.5007
0.3472,1.0815,1.5000,1.5000
0.3512,0.9793,1.5000,1.5000
0.3605,0.8781,1.5004,1.5004
0.3754,0.7787,1.4277,1.4277
0.3964,0.6815,1.2764,1.2764
0.4236,0.5874,1.1402,1.1402
0.4576,0.4967,1.0221,1.0221
0.4987,0.4103,0.9243,0.9243
0.5471,0.3288,0.9107,0.9107
0.6029,0.2521,1.0300,1.0300
0.6651,0.1800,1.2034,1.2034
0.7331,0.1118,1.4478,1.4478
0.8059,0.0470,1.5018,1.5018
0.8828,-0.0149,1.4414,1.4414
0.9629,-0.0744,1.4063,1.4063
1.0455,-0.1321,1.4058,1.4058
1.1296,-0.1885,1.3989,1.3989
1.2146,-0.2441,1.3920,1.3920
1.2996,-0.2995,1.3875,1.3875
1.3838,-0.3552,1.3785,1.3785
1.4667,-0.4113,1.3726,1.3726
1.5487,-0.4675,1.3732,1.3732
1.6302,-0.5234,1.3900,1.3900
1.7114,-0.5786,1.3858,1.3858
1.7928,-0.6325,1.4004,1.4004
1.8747,-0.6849,1.3778,1.3778
1.9575,-0.7352,1.3431,1.3431
2.0416,-0.7830,1.3495,1.3495
2.1272,-0.8279,1.3280,1.3280
2.2148,-0.8694,1.2933,1.2933
2.3047,-0.9072,1.2448,1.2448
2.3969,-0.9412,1.2001,1.2001
2.4911,-0.9717,1.1507,1.1507
2.5871,-0.9988,1.1583,1.1583
2.6845,-1.0228,1.1223,1.1223
2.7832,-1.0440,1.1478,1.1478
2.8828,-1.0625,1.1820,1.1820
2.9831,-1.0787,1.2244,1.2244
3.0837,-1.0928,1.2000,1.2000
3.1845,-1.1049,1.2027,1.2027
3.2852,-1.1153,1.2021,1.2021
3.3859,-1.1242,1.1912,1.1912
3.4866,-1.1316,1.1500,1.1500
3.5875,-1.1377,1.1500,1.1500
3.6885,-1.1426,1.1500,1.1500
3.7897,-1.1465,1.1500,1.1500
3.8913,-1.1493,1.1500,1.1500
3.9931,-1.1514,1.1403,1.1403
4.0954,-1.1528,1.1170,1.1170
4.1982,-1.1536,1.0895,1.0895
4.3015,-1.1540,1.0664,1.0664
4.4054,-1.1541,1.0533,1.0533
4.5099,-1.1539,1.0500,1.0500
4.6152,-1.1537,1.0500,1.0500
4.7212,-1.1536,1.0503,1.0503
4.8281,-1.1536,1.0500,1.0500
4.9359,-1.1539,1.0500,1.0500
5.0445,-1.1546,1.0501,1.0501
5.1539,-1.1554,1.0500,1.0500
5.2635,-1.1560,1.0500,1.0500
5.3732,-1.1559,1.0500,1.0500
5.4826,-1.1549,1.0500,1.0500
5.5914,-1.1526,1.0500,1.0500
5.6993,-1.1487,1.0500,1.0500
5.8060,-1.1427,1.0500,1.0500
5.9111,-1.1344,1.0500,1.0500
6.0144,-1.1234,1.0857,1.0857
6.1156,-1.1094,1.1000,1.1000
6.2142,-1.0919,1.1000,1.1000
6.3101,-1.0708,1.1324,1.1324
6.4029,-1.0455,1.1500,1.1500
6.4922,-1.0158,1.1753,1.1753
6.5778,-0.9813,1.1838,1.1838
6.6594,-0.9416,1.0588,1.0588
6.7366,-0.8965,0.9593,0.9593
6.8093,-0.8456,0.9955,0.9955
6.8775,-0.7892,1.0723,1.0723
6.9416,-0.7276,1.1805,1.1805
7.0020,-0.6612,1.3242,1.3242
7.0588,-0.5903,1.4559,1.4559
7.1125,-0.5153,1.4419,1.4419
7.1634,-0.4366,1.3758,1.3758
7.2117,-0.3545,1.3525,1.3525
7.2578,-0.2694,1.3358,1.3358
7.3019,-0.1817,1.3308,1.3308
7.3445,-0.0916,1.3233,1.3233
7.3857,0.0004,1.3094,1.3094
7.4260,0.0939,1.3095,1.3095
7.4657,0.1886,1.3601,1.3601
7.5050,0.2842,1.3358,1.3358
7.5442,0.3803,1.3608,1.3608
7.5837,0.4764,1.3553,1.3553
7.6238,0.5723,1.3528,1.3528
7.6648,0.6677,1.3647,1.3647
7.7070,0.7620,1.3647,1.3647
7.7508,0.8550,1.3545,1.3545
7.7963,0.9464,1.3437,1.3437
7.8439,1.0358,1.3480,1.3480
7.8937,1.1229,1.3476,1.3476
7.9459,1.2074,1.3930,1.3930
8.0009,1.2891,1.4399,1.4399
8.0586,1.3676,1.4355,1.4355
8.1195,1.4426,1.4468,1.4468
8.1837,1.5139,1.4725,1.4725
8.2514,1.5811,1.4249,1.4249
8.3228,1.6440,1.3356,1.3356
8.3982,1.7022,1.2959,1.2959
8.4776,1.7556,1.4023,1.4023
8.5607,1.8044,1.4018,1.4018
8.6474,1.8488,1.3576,1.3576
8.7372,1.8891,1.3214,1.3214
8.8300,1.9255,1.3132,1.3132
8.9254,1.9584,1.3183,1.3183
9.0232,1.9878,1.3417,1.3417
9.1230,2.0141,1.3507,1.3507
9.2245,2.0375,1.3059,1.3059
9.3276,2.0583,1.3198,1.3198
9.4317,2.0765,1.3183,1.3183
9.5367,2.0920,1.2888,1.2888
9.6420,2.1045,1.2673,1.2673
9.7474,2.1138,1.2542,1.2542
9.8523,2.1196,1.2900,1.2900
9.9564,2.1217,1.2681,1.2681
10.0592,2.1199,1.2547,1.2547
10.1605,2.1138,1.2500,1.2500
10.2598,2.1033,1.2544,1.2544
10.3570,2.0883,1.2675,1.2675
10.4520,2.0684,1.2891,1.2891
10.5448,2.0437,1.2914,1.2914
10.6356,2.0141,1.2666,1.2666
10.7243,1.9793,1.2834,1.2834
10.8110,1.9393,1.2401,1.2401
10.8956,1.8939,1.1892,1.1892
10.9783,1.8431,1.1453,1.1453
11.0590,1.7866,1.1063,1.1063
11.1378,1.7247,1.0704,1.0704
11.2144,1.6577,1.0453,1.0453
11.2888,1.5862,1.0270,1.0270
11.3608,1.5108,1.0045,1.0045
11.4304,1.4318,0.9922,0.9922
11.4974,1.3499,0.9899,0.9899
11.5616,1.2656,0.9899,0.9899
11.6230,1.1795,0.9899,0.9899
11.6814,1.0919,0.9766,0.9766
11.7367,1.0035,0.9982,0.9982
11.7887,0.9148,0.9808,0.9808
11.8375,0.8262,1.0020,1.0020
11.8833,0.7380,1.0103,1.0103
11.9269,0.6501,1.0303,1.0303
11.9689,0.5626,1.0375,1.0375
12.0099,0.4754,1.0507,1.0507
12.0505,0.3887,1.0133,1.0133
12.0914,0.3023,1.0117,1.0117
12.1333,0.2164,1.0019,1.0019
12.1767,0.1309,1.0100,1.0100
12.2224,0.0459,1.0646,1.0646
12.2709,-0.0386,1.0901,1.0901
12.3226,-0.1223,1.1004,1.1004
12.3775,-0.2045,1.1591,1.1591
12.4359,-0.2844,1.1711,1.1711
12.4976,-0.3612,1.2198,1.2198
12.5628,-0.4343,1.2966,1.2966
12.6316,-0.5029,1.3378,1.3378
12.7039,-0.5662,1.1855,1.1855
12.7798,-0.6235,1.0574,1.0574
12.8595,-0.6741,0.9538,0.9538
12.9428,-0.7172,0.8751,0.8751
13.0300,-0.7522,0.9495,0.9495
13.1207,-0.7795,1.1204,1.1204
13.2144,-0.8001,1.2933,1.2933
13.3107,-0.8148,1.2579,1.2579
13.4091,-0.8248,1.2305,1.2305
13.5092,-0.8308,1.2116,1.2116
13.6106,-0.8339,1.1531,1.1531
13.7127,-0.8351,1.1500,1.1500
13.8152,-0.8352,1.1500,1.1500
13.9176,-0.8351,1.1500,1.1500
14.0199,-0.8351,1.1500,1.1500
14.1219,-0.8352,1.1500,1.1500
14.2238,-0.8355,1.1281,1.1281
14.3256,-0.8359,1.1210,1.1210
14.4272,-0.8364,1.1032,1.1032
14.5287,-0.8370,1.1000,1.1000
14.6302,-0.8377,1.0989,1.0989
14.7316,-0.8386,1.0807,1.0807
14.8329,-0.8396,1.0607,1.0607
14.9342,-0.8407,1.0426,1.0426
15.0355,-0.8420,1.0180,1.0180
15.1367,-0.8434,0.9918,0.9918
15.2380,-0.8449,0.9670,0.9670
15.3393,-0.8466,0.9532,0.9532
15.4407,-0.8485,0.9500,0.9500
15.5422,-0.8505,0.9500,0.9500
15.6437,-0.8527,0.9547,0.9547
15.7453,-0.8550,0.9515,0.9515
15.8470,-0.8575,0.9500,0.9500
15.9489,-0.8602,0.9500,0.9500
16.0509,-0.8630,0.9500,0.9500
16.1531,-0.8660,0.9500,0.9500
16.2555,-0.8692,0.9500,0.9500
16.3580,-0.8726,0.9500,0.9500
16.4608,-0.8761,0.9500,0.9500
16.5639,-0.8798,0.9500,0.9500
16.6671,-0.8838,0.9500,0.9500
16.7707,-0.8879,0.9500,0.9500
16.8745,-0.8922,0.9500,0.9500
16.9787,-0.8967,0.9500,0.9500
17.0831,-0.9014,0.9500,0.9500
17.1879,-0.9064,0.9134,0.9134
17.2931,-0.9115,0.9010,0.9010
17.3986,-0.9169,0.9113,0.9113
17.5045,-0.9224,0.9334,0.9334
17.6107,-0.9281,0.9480,0.9480
17.7171,-0.9335,0.9205,0.9205
17.8235,-0.9385,0.9045,0.9045
17.9297,-0.9427,0.9000,0.9000
18.0356,-0.9459,0.9000,0.9000
18.1410,-0.9478,0.9000,0.9000
18.2457,-0.9480,0.9000,0.9000
18.3495,-0.9464,0.9000,0.9000
18.4524,-0.9426,0.9000,0.9000
18.5542,-0.9363,0.9500,0.9500
18.6546,-0.9273,0.9500,0.9500
18.7535,-0.9153,0.9500,0.9500
18.8507,-0.9000,0.9765,0.9765
18.9462,-0.8811,0.9962,0.9962
19.0396,-0.8583,0.9677,0.9677
19.1310,-0.8313,0.9546,0.9546
19.2200,-0.8000,0.9412,0.9412
19.3064,-0.7639,0.9690,0.9690
19.3900,-0.7229,0.9653,0.9653
19.4701,-0.6768,1.0000,1.0000
19.5462,-0.6254,1.0241,1.0241
19.6177,-0.5685,0.9853,0.9853
19.6841,-0.5060,0.9247,0.9247
19.7448,-0.4377,0.8824,0.8824
19.7994,-0.3634,0.8594,0.8594
19.8472,-0.2829,0.8572,0.8572
19.8878,-0.1961,0.8776,0.8776
19.9206,-0.1028,1.0054,1.0054
19.9457,-0.0037,1.0082,1.0082
19.9634,0.1000,1.0213,1.0213
19.9743,0.2070,1.0500,1.0500
19.9788,0.3160,1.0500,1.0500
19.9773,0.4259,1.0500,1.0500
19.9702,0.5355,1.0500,1.0500
19.9579,0.6434,1.0500,1.0500
19.9409,0.7484,1.0027,1.0027
19.9196,0.8494,1.0155,1.0155
19.8939,0.9457,1.0388,1.0388
19.8634,1.0369,1.0450,1.0450
19.8278,1.1226,1.0085,1.0085
19.7867,1.2025,0.8638,0.8638
19.7397,1.2762,0.7564,0.7564
19.6865,1.3433,0.6829,0.6829
19.6267,1.4034,0.6410,0.6410
19.5600,1.4562,0.6297,0.6297
19.4860,1.5013,0.6684,0.6684
19.4047,1.5386,0.8381,0.8381
19.3169,1.5689,0.8435,0.8435
19.2235,1.5931,0.8000,0.8000
19.1255,1.6119,0.8000,0.8000
19.0237,1.6262,0.8048,0.8048
18.9192,1.6368,0.7740,0.7740
18.8127,1.6446,0.7551,0.7551
18.7053,1.6504,0.7999,0.7999
18.5978,1.6550,0.8000,0.8000
18.4910,1.6592,0.8000,0.8000
18.3850,1.6630,0.7970,0.7970
18.2796,1.6666,0.7714,0.7714
18.1749,1.6699,0.7540,0.7540
18.0706,1.6730,0.8000,0.8000
17.9668,1.6759,0.8000,0.8000
17.8633,1.6786,0.8000,0.8000
17.7601,1.6812,0.8000,0.8000
17.6571,1.6837,0.8000,0.8000
17.5543,1.6861,0.8000,0.8000
17.4514,1.6885,0.8000,0.8000
17.3485,1.6908,0.8000,0.8000
17.2455,1.6933,0.8000,0.8000
17.1422,1.6957,0.8000,0.8000
17.0387,1.6983,0.8000,0.8000
16.9348,1.7010,0.8000,0.8000
16.8304,1.7038,0.8000,0.8000
16.7257,1.7070,0.8000,0.8000
16.6208,1.7108,0.7803,0.7803
16.5161,1.7157,0.7562,0.7562
16.4118,1.7220,0.7500,0.7500
16.3083,1.7301,0.7500,0.7500
16.2059,1.7404,0.7553,0.7553
16.1048,1.7534,0.7743,0.7743
16.0054,1.7693,0.7571,0.7571
15.9080,1.7887,0.7500,0.7500
15.8128,1.8118,0.7468,0.7468
15.7202,1.8390,0.7666,0.7666
15.6305,1.8709,0.8234,0.8234
15.5440,1.9076,0.8459,0.8459
15.4609,1.9497,0.8490,0.8490
15.3816,1.9975,0.8471,0.8471
15.3064,2.0514,0.8560,0.8560
15.2356,2.1118,0.9124,0.9124
15.1694,2.1790,0.9541,0.9541
15.1082,2.2536,1.0223,1.0223
15.0521,2.3351,1.0430,1.0430
15.0002,2.4220,1.0626,1.0626
14.9521,2.5123,1.0555,1.0555
14.9068,2.6041,1.1005,1.1005
14.8637,2.6955,1.1500,1.1500
14.8225,2.7849,1.1983,1.1983
14.7841,2.8721,1.2374,1.2374
14.7496,2.9570,1.2765,1.2765
14.7199,3.0394,1.3004,1.3004
14.6963,3.1192,0.9518,0.9518
14.6798,3.1965,0.7179,0.7179
14.6712,3.2716,0.5772,0.5772
14.6713,3.3452,0.5016,0.5016
14.6810,3.4178,0.4774,0.4774
14.7010,3.4900,0.5006,0.5006
14.7323,3.5622,0.5955,0.5955
14.7747,3.6345,0.7574,0.7574
14.8268,3.7055,0.9104,0.9104
14.8873,3.7740,1.0285,1.0285
14.9545,3.8387,1.0892,1.0892
15.0269,3.8984,1.0805,1.0805
15.1034,3.9520,1.0788,1.0788
15.1833,3.9994,1.0528,1.0528
15.2664,4.0410,1.0000,1.0000
15.3526,4.0772,0.9877,0.9877
15.4417,4.1082,0.9486,0.9486
15.5335,4.1345,0.9000,0.9000
15.6278,4.1563,0.9000,0.9000
15.7243,4.1741,0.8666,0.8666
15.8230,4.1881,0.8500,0.8500
15.9236,4.1987,0.8500,0.8500
16.0259,4.2063,0.8500,0.8500
16.1297,4.2112,0.8500,0.8500
16.2349,4.2138,0.8500,0.8500
16.3412,4.2144,0.8500,0.8500
16.4485,4.2133,0.8500,0.8500
16.5565,4.2109,0.8500,0.8500
16.6652,4.2076,0.8500,0.8500
16.7741,4.2037,0.8500,0.8500
16.8833,4.1994,0.8500,0.8500
16.9925,4.1953,0.8500,0.8500
17.1014,4.1916,0.8500,0.8500
17.2100,4.1887,0.8500,0.8500
17.3180,4.1869,0.8500,0.8500
17.4252,4.1866,0.8500,0.8500
17.5315,4.1881,0.8500,0.8500
17.6366,4.1918,0.8500,0.8500
17.7403,4.1979,0.8697,0.8697
17.8425,4.2070,0.9000,0.9000
17.9429,4.2192,0.9000,0.9000
18.0415,4.2350,0.9000,0.9000
18.1379,4.2547,0.9201,0.9201
18.2320,4.2786,0.9500,0.9500
18.3236,4.3071,0.9500,0.9500
18.4124,4.3406,0.9668,0.9668
18.4985,4.3793,1.0019,1.0019
18.5814,4.4237,1.0466,1.0466
18.6610,4.4740,1.0500,1.0500
18.7369,4.5300,1.1233,1.1233
18.8085,4.5914,1.1511,1.1511
18.8755,4.6580,1.1304,1.1304
18.9372,4.7294,1.1040,1.1040
18.9933,4.8055,1.0742,1.0742
19.0433,4.8858,1.0432,1.0432
19.0866,4.9701,1.0137,1.0137
19.1229,5.0581,0.9881,0.9881
19.1515,5.1495,0.9687,0.9687
19.1721,5.2440,1.0286,1.0286
19.1848,5.3412,1.1496,1.1496
19.1899,5.4404,1.2876,1.2876
19.1881,5.5412,1.3634,1.3634
19.1798,5.6430,1.3528,1.3528
19.1655,5.7451,1.3500,1.3500
19.1457,5.8471,1.3000,1.3000
19.1208,5.9483,1.2922,1.2922
19.0913,6.0482,1.2177,1.2177
19.0578,6.1463,1.2000,1.2000
19.0205,6.2419,1.1521,1.1521
18.9793,6.3345,1.1105,1.1105
18.9340,6.4235,1.0880,1.0880
18.8845,6.5083,1.0739,1.0739
18.8307,6.5884,1.0317,1.0317
18.7724,6.6632,1.0178,1.0178
18.7095,6.7321,0.9745,0.9745
18.6418,6.7946,0.8855,0.8855
18.5692,6.8500,0.8200,0.8200
18.4915,6.8978,0.7698,0.7698
18.4087,6.9376,0.7500,0.7500
18.3211,6.9697,0.7012,0.7012
18.2294,6.9950,0.7000,0.7000
18.1342,7.0144,0.7000,0.7000
18.0361,7.0287,0.6771,0.6771
17.9357,7.0388,0.6500,0.6500
17.8335,7.0455,0.6500,0.6500
17.7304,7.0496,0.6500,0.6500
17.6267,7.0521,0.6500,0.6500
17.5232,7.0537,0.6500,0.6500
17.4199,7.0546,0.6500,0.6500
17.3168,7.0548,0.6500,0.6500
17.2140,7.0545,0.6132,0.6132
17.1114,7.0537,0.6275,0.6275
17.0089,7.0524,0.6500,0.6500
16.9067,7.0506,0.6244,0.6244
16.8046,7.0484,0.6040,0.6040
16.7026,7.0459,0.6000,0.6000
16.6008,7.0430,0.6000,0.6000
16.4992,7.0398,0.6000,0.6000
16.3976,7.0365,0.6000,0.6000
16.2961,7.0329,0.6000,0.6000
16.1947,7.0291,0.6000,0.6000
16.0934,7.0253,0.6000,0.6000
15.9921,7.0214,0.6189,0.6189
15.8909,7.0174,0.6500,0.6500
15.7897,7.0135,0.6382,0.6382
15.6885,7.0096,0.6000,0.6000
15.5873,7.0058,0.6000,0.6000
15.4861,7.0020,0.6285,0.6285
15.3848,6.9984,0.6090,0.6090
15.2836,6.9948,0.6000,0.6000
15.1822,6.9915,0.6000,0.6000
15.0808,6.9882,0.6000,0.6000
14.9793,6.9851,0.6000,0.6000
14.8777,6.9822,0.6000,0.6000
14.7760,6.9795,0.6000,0.6000
14.6742,6.9769,0.6000,0.6000
14.5723,6.9746,0.6000,0.6000
14.4701,6.9726,0.6000,0.6000
14.3679,6.9708,0.6000,0.6000
14.2654,6.9692,0.6000,0.6000
14.1628,6.9680,0.6000,0.6000
14.0600,6.9670,0.6000,0.6000
13.9569,6.9664,0.6000,0.6000
13.8536,6.9660,0.5835,0.5835
13.7502,6.9660,0.5575,0.5575
13.6465,6.9662,0.5500,0.5500
13.5427,6.9665,0.5500,0.5500
13.4387,6.9671,0.5500,0.5500
13.3346,6.9678,0.5500,0.5500
13.2304,6.9686,0.5500,0.5500
13.1261,6.9694,0.5500,0.5500
13.0217,6.9703,0.5500,0.5500
12.9172,6.9712,0.5500,0.5500
12.8127,6.9720,0.5500,0.5500
12.7081,6.9728,0.5500,0.5500
12.6035,6.9735,0.5500,0.5500
12.4990,6.9740,0.5181,0.5181
12.3944,6.9744,0.5475,0.5475
12.2899,6.9745,0.5500,0.5500
12.1854,6.9744,0.5221,0.5221
12.0810,6.9741,0.5022,0.5022
11.9766,6.9734,0.5000,0.5000
11.8724,6.9724,0.5000,0.5000
11.7682,6.9710,0.5000,0.5000
11.6643,6.9692,0.5064,0.5064
11.5604,6.9669,0.5325,0.5325
11.4567,6.9642,0.5500,0.5500
11.3532,6.9609,0.5500,0.5500
11.2499,6.9571,0.5228,0.5228
11.1468,6.9527,0.5023,0.5023
11.0439,6.9477,0.5004,0.5004
10.9413,6.9420,0.5132,0.5132
10.8390,6.9357,0.5429,0.5429
10.7369,6.9286,0.5500,0.5500
10.6351,6.9208,0.5500,0.5500
10.5336,6.9121,0.6000,0.6000
10.4325,6.9027,0.6000,0.6000
10.3317,6.8924,0.6000,0.6000
10.2312,6.8811,0.6000,0.6000
10.1312,6.8690,0.6039,0.6039
10.0315,6.8558,0.6241,0.6241
9.9322,6.8415,0.6253,0.6253
9.8333,6.8261,0.6045,0.6045
9.7348,6.8096,0.6255,0.6255
9.6368,6.7918,0.6500,0.6500
9.5392,6.7728,0.6500,0.6500
9.4421,6.7524,0.7000,0.7000
9.3455,6.7306,0.7000,0.7000
9.2493,6.7074,0.7431,0.7431
9.1537,6.6827,0.7148,0.7148
9.0585,6.6565,0.7457,0.7457
8.9639,6.6287,0.7500,0.7500
8.8698,6.5992,0.8000,0.8000
8.7762,6.5680,0.8254,0.8254
8.6832,6.5351,0.8645,0.8645
8.5908,6.5003,0.9036,0.9036
8.4989,6.4639,0.9510,0.9510
8.4074,6.4266,1.0241,1.0241
8.3159,6.3892,1.1085,1.1085
8.2243,6.3528,1.1193,1.1193
8.1324,6.3181,1.1047,1.1047
8.0397,6.2862,1.1030,1.1030
7.9463,6.2578,1.1500,1.1500
7.8517,6.2339,1.1540,1.1540
7.7558,6.2154,1.1597,1.1597
7.6583,6.2032,1.1510,1.1510
7.5593,6.1972,1.1500,1.1500
7.4591,6.1969,1.1400,1.1400
7.3580,6.2014,1.1102,1.1102
7.2562,6.2099,1.1294,1.1294
7.1541,6.2218,1.1543,1.1543
7.0520,6.2363,1.1507,1.1507
6.9502,6.2526,1.1500,1.1500
6.8490,6.2700,1.1500,1.1500
6.7487,6.2877,1.1374,1.1374
6.6493,6.3054,1.0722,1.0722
6.5507,6.3230,1.0547,1.0547
6.4528,6.3403,1.0454,1.0454
6.3553,6.3575,1.0012,1.0012
6.2582,6.3743,0.9679,0.9679
6.1613,6.3907,0.9593,0.9593
6.0644,6.4066,0.9258,0.9258
5.9673,6.4219,0.9492,0.9492
5.8700,6.4366,0.9000,0.9000
5.7723,6.4506,0.9000,0.9000
5.6740,6.4638,0.9000,0.9000
5.5749,6.4761,0.9000,0.9000
5.4750,6.4875,0.8924,0.8924
5.3740,6.4979,0.8667,0.8667
5.2718,6.5072,0.8421,0.8421
5.1683,6.5153,0.8154,0.8154
5.0633,6.5222,0.8017,0.8017
4.9567,6.5278,0.8000,0.8000
4.8486,6.5320,0.8000,0.8000
4.7396,6.5344,0.8000,0.8000
4.6302,6.5349,0.8000,0.8000
4.5209,6.5332,0.8000,0.8000
4.4123,6.5292,0.8000,0.8000
4.3049,6.5226,0.8000,0.8000
4.1992,6.5131,0.8000,0.8000
4.0958,6.5006,0.8014,0.8014
3.9950,6.4849,0.8143,0.8143
3.8968,6.4659,0.8404,0.8404
3.8009,6.4439,0.8784,0.8784
3.7070,6.4187,0.9182,0.9182
3.6150,6.3907,0.9612,0.9612
3.5246,6.3598,0.9364,0.9364
3.4355,6.3261,0.9589,0.9589
3.3475,6.2897,0.9450,0.9450
3.2604,6.2508,0.9436,0.9436
3.1738,6.2093,0.9571,0.9571
3.0877,6.1654,0.9478,0.9478
3.0020,6.1192,0.9560,0.9560
2.9169,6.0707,1.0088,1.0088
2.8322,6.0201,1.0590,1.0590
2.7481,5.9674,1.1001,1.1001
2.6646,5.9127,1.1734,1.1734
2.5817,5.8562,1.2075,1.2075
2.4994,5.7979,1.2090,1.2090
2.4179,5.7378,1.2139,1.2139
2.3370,5.6761,1.2440,1.2440
2.2569,5.6129,1.2912,1.2912
2.1775,5.5483,1.3232,1.3232
2.0990,5.4823,1.3429,1.3429
2.0212,5.4150,1.3635,1.3635
1.9444,5.3466,1.3532,1.3532
1.8684,5.2770,1.3559,1.3559
1.7934,5.2065,1.3720,1.3720
1.7194,5.1351,1.3612,1.3612
1.6463,5.0628,1.3932,1.3932
1.5743,4.9899,1.4186,1.4186
1.5033,4.9163,1.4308,1.4308
1.4334,4.8421,1.4192,1.4192
1.3647,4.7674,1.4114,1.4114
1.2974,4.6921,1.4219,1.4219
1.2322,4.6159,1.4469,1.4469
1.1693,4.5386,1.4385,1.4385
1.1092,4.4600,1.4230,1.4230
1.0525,4.3798,1.4208,1.4208
0.9994,4.2978,1.3702,1.3702
0.9506,4.2138,1.3438,1.3438
0.9063,4.1275,1.2832,1.2832
0.8671,4.0387,1.2549,1.2549
0.8335,3.9472,1.2205,1.2205
0.8056,3.8528,1.2367,1.2367
0.7828,3.7559,1.2632,1.2632
0.7644,3.6571,1.2466,1.2466
0.7493,3.5566,1.2796,1.2796
0.7367,3.4552,1.2651,1.2651
0.7257,3.3533,1.2359,1.2359
0.7154,3.2513,1.2151,1.2151
0.7050,3.1498,1.2506,1.2506
