0.6680478,3.2355252,2.5632213
0.6415656,3.0926973,2.5692753
0.6221135,2.9468952,2.5753294
0.6096849,2.7987326,2.5813835
0.6042733,2.6488230,2.5874376
0.6058722,2.4977799,2.5934917
0.6144749,2.3462168,2.5995458
0.6300751,2.1947473,2.6055998
0.6526660,2.0439850,2.6116539
0.6826782,1.8924788,2.6233761
0.7198269,1.7419553,2.6379066
0.7634643,1.5940893,2.6524372
0.8131191,1.4495219,2.6669677
0.8683198,1.3088941,2.6814982
0.9285952,1.1728468,2.6960287
0.9934740,1.0420211,2.7105592
1.0624846,0.9170579,2.7250897
1.1415132,0.7887942,2.7663265
1.2310134,0.6593955,2.8335379
1.3249526,0.5384315,2.9007492
1.4231725,0.4253255,2.9679605
1.5255151,0.3195007,3.0351719
1.6318224,0.2203802,3.1023832
1.7419361,0.1273874,3.1695946
1.8560739,0.0396890,3.2013673
1.9744328,-0.0430575,3.2003398
2.0971990,-0.1208516,3.1993124
2.2248935,-0.1939466,3.1982849
2.3580375,-0.2625956,3.1972574
2.4971521,-0.3270516,3.1962299
2.6427586,-0.3875680,3.1952024
2.7837131,-0.4402705,3.1986555
2.9213705,-0.4868631,3.2054427
3.0631802,-0.5303360,3.2122300
3.2083003,-0.5704282,3.2190172
3.3558891,-0.6068783,3.2258044
3.5051047,-0.6394254,3.2325917
3.6551056,-0.6678081,3.2393789
3.8050499,-0.6917654,3.2461661
3.9587174,-0.7115718,3.2568477
4.1141068,-0.7266409,3.2702401
4.2677480,-0.7366686,3.2836325
4.4194084,-0.7418245,3.2970249
4.5688550,-0.7422784,3.3104173
4.7158550,-0.7381997,3.3238098
4.8601756,-0.7297583,3.3372022
5.0016460,-0.7171173,3.3506421
5.1533423,-0.6985298,3.3744696
5.3018437,-0.6747435,3.3982972
5.4477387,-0.6454070,3.4221247
5.5916154,-0.6101690,3.4459523
5.7340623,-0.5686780,3.4697798
5.8756678,-0.5205828,3.4936074
6.0160497,-0.4659344,3.5251751
6.1470825,-0.4087002,3.6327567
6.2783291,-0.3458695,3.7403383
6.4097647,-0.2780264,3.8479200
6.5413646,-0.2057549,3.9555016
6.6731042,-0.1296388,4.0630832
6.8049589,-0.0502622,4.1706648
6.9369038,0.0317909,4.2782464
7.0636999,0.1125643,4.2707156
7.1876548,0.1926096,4.1943891
7.3122582,0.2732582,4.1180626
7.4378784,0.3538697,4.0417362
7.5648839,0.4338037,3.9654097
7.6936430,0.5124198,3.8890832
7.8245241,0.5890777,3.8127567
7.9578956,0.6631370,3.7364303
8.0951590,0.7345258,3.6594538
8.2353747,0.8025026,3.5821349
8.3769743,0.8664934,3.5048161
8.5189456,0.9262315,3.4274972
8.6602765,0.9814502,3.3501783
8.7999549,1.0318828,3.2728594
8.9369684,1.0772626,3.1955406
9.0703050,1.1173228,3.1182217
9.2320648,1.1600828,3.1091480
9.3946700,1.1968100,3.1193395
9.5482022,1.2263457,3.1295310
9.6924993,1.2503216,3.1397225
9.8273990,1.2703691,3.1499140
9.9527393,1.2881197,3.1601055
10.0964725,1.3084936,3.1867780
10.2362899,1.3240085,3.2154663
10.3778872,1.3290091,3.2441547
10.5305978,1.3183555,3.2728430
10.6834239,1.2915451,3.3235227
10.7988373,1.2625782,3.4313763
10.9233466,1.2249667,3.5392299
11.0563006,1.1789493,3.6470834
11.1970477,1.1247642,3.7549370
11.3449367,1.0626499,3.8627905
11.4993160,0.9928449,3.9706441
11.6595343,0.9155875,4.0784976
11.8022720,0.8429899,4.1699947
11.9353366,0.7726668,4.2524412
12.0700693,0.6995382,4.3348877
12.2056034,0.6246040,4.4173342
12.3410723,0.5488640,4.4997807
12.4756092,0.4733181,4.5822273
12.6083476,0.3989660,4.6646738
12.7384208,0.3268075,4.7471203
12.8649621,0.2578425,4.8295668
12.9871051,0.1930708,4.9120133
13.1475187,0.1118130,4.9752139
13.2996070,0.0394662,5.0380251
13.4434100,-0.0241699,5.1008362
13.5798918,-0.0797770,5.1636474
13.7100166,-0.1280367,5.2264585
13.8347485,-0.1696308,5.2892696
13.9555909,-0.2053904,5.3484726
14.0946395,-0.2408616,5.2610132
14.2325842,-0.2698899,5.1735537
14.3731670,-0.2935342,5.0860943
14.5201303,-0.3128532,4.9986349
14.6772162,-0.3289060,4.9111754
14.8384104,-0.3420342,4.8261733
14.9654344,-0.3508090,4.7526159
15.0999454,-0.3589685,4.6790584
15.2414277,-0.3665321,4.6055009
15.3893659,-0.3735190,4.5319434
15.5432444,-0.3799485,4.4583859
15.7025479,-0.3858400,4.3848284
15.8667607,-0.3912126,4.3112709
16.0353675,-0.3960859,4.2377134
16.1906804,-0.4000726,4.1469814
16.3415691,-0.4036001,4.0494357
16.4939697,-0.4069522,3.9518899
16.6471458,-0.4102325,3.8543441
16.8003607,-0.4135444,3.7567983
16.9528780,-0.4169915,3.6592526
17.1039612,-0.4206773,3.5617068
17.2528736,-0.4247053,3.4641610
17.3988790,-0.4291792,3.3666153
17.5412406,-0.4342023,3.2690695
17.7058904,-0.4409415,3.1762959
17.8673481,-0.4479638,3.0840208
18.0233178,-0.4542707,2.9917457
18.1743738,-0.4589723,2.8994706
18.3210902,-0.4611788,2.8071955
18.4640412,-0.4600003,2.7149204
18.6038010,-0.4545471,2.6226453
18.7409436,-0.4439291,2.5303702
18.9037273,-0.4229587,2.3184552
19.0658102,-0.3907722,2.0835526
19.2179654,-0.3467316,1.8486500
19.3564518,-0.2896595,1.6137474
19.4775288,-0.2183788,1.3788448
19.5774554,-0.1317121,1.1439422
19.6555523,-0.0230445,1.0278568
19.7075663,0.1118850,1.0997963
19.7293163,0.2591727,1.1717357
19.7238715,0.4119038,1.2436752
19.6943008,0.5631636,1.3156146
19.6436733,0.7060373,1.3875540
19.5768548,0.8309694,1.5166183
19.4945613,0.9393141,1.6748215
19.3951321,1.0349891,1.8330247
19.2776771,1.1201717,1.9912280
19.1413057,1.1970390,2.1494312
18.9851275,1.2677682,2.3076344
18.8515371,1.3191515,2.4119101
18.7256231,1.3624869,2.4936204
18.5919892,1.4045883,2.5753307
18.4516043,1.4456024,2.6570411
18.3054376,1.4856758,2.7387514
18.1544582,1.5249551,2.8204618
17.9996349,1.5635870,2.9021721
17.8419370,1.6017181,2.9838824
17.6823334,1.6394949,3.0655928
17.5278798,1.6756659,3.0707500
17.3749561,1.7116315,3.0563180
17.2228204,1.7481589,3.0418859
17.0722849,1.7856507,3.0274539
16.9241616,1.8245093,3.0130219
16.7792625,1.8651372,2.9985899
16.6383996,1.9079370,2.9841578
16.5023850,1.9533111,2.9697258
16.3720307,2.0016621,2.9552938
16.2350082,2.0592400,2.8776079
16.0904688,2.1289104,2.7201806
15.9546668,2.2031647,2.5627534
15.8261964,2.2812970,2.4053261
15.7036517,2.3626012,2.2478989
15.5856269,2.4463716,2.0904717
15.4707162,2.5319020,1.9330444
15.3575138,2.6184867,1.7756172
15.2138677,2.7303541,1.6501976
15.0771534,2.8434923,1.5268221
14.9586047,2.9554233,1.4034465
14.8673941,3.0652566,1.2800709
14.8126943,3.1721015,1.1566954
14.8035507,3.2743962,1.0657932
14.8424063,3.3692201,1.1147118
14.9236616,3.4587021,1.1636303
15.0413955,3.5419506,1.2125488
15.1896866,3.6180738,1.2614673
15.3626139,3.6861798,1.3103858
15.5378608,3.7408490,1.3854983
15.6662715,3.7744064,1.5502237
15.7998650,3.8057547,1.7149491
15.9382238,3.8362467,1.8796745
16.0809304,3.8672351,2.0444000
16.2275674,3.9000725,2.2091254
16.3777174,3.9361117,2.3738508
16.5309629,3.9767053,2.5385763
16.6868864,4.0232062,2.7033017
16.8450704,4.0769669,2.8680271
16.9960095,4.1353712,2.8785250
17.1454760,4.1996971,2.8581841
17.2937629,4.2692453,2.8378431
17.4393846,4.3426678,2.8175022
17.5808555,4.4186167,2.7971613
17.7166901,4.4957442,2.7768204
17.8454029,4.5727025,2.7564795
17.9655084,4.6481437,2.7361385
18.0755211,4.7207198,2.7157976
18.1739553,4.7890832,2.6954567
18.3284832,4.9062465,2.5191325
18.4555873,5.0204727,2.2951467
18.5437890,5.1217805,2.0711609
18.6085718,5.2192904,1.8471752
18.6655655,5.3225033,1.6544970
18.7218124,5.4396215,1.5630840
18.7651774,5.5725159,1.4716710
18.7819931,5.7236981,1.3802580
18.7585922,5.8956794,1.2888449
18.7131009,6.0254541,1.3514566
18.6539508,6.1440053,1.4587223
18.5780465,6.2654576,1.5659880
18.4869984,6.3868140,1.6732538
18.3824172,6.5050776,1.7805195
18.2659132,6.6172512,1.8877852
18.1390970,6.7203377,1.9950510
18.0056803,6.8100744,2.1081485
17.8756792,6.8811841,2.2490367
17.7404185,6.9413781,2.3899248
17.6006518,6.9916980,2.5308130
17.4571328,7.0331856,2.6717012
17.3106150,7.0668823,2.8125894
17.1618521,7.0938300,2.9534776
17.0115978,7.1150701,3.0943658
16.8606055,7.1316445,3.2352540
16.7127863,7.1442758,3.3426016
16.5654628,7.1537885,3.4439062
16.4177932,7.1605104,3.5452108
16.2695229,7.1647121,3.6465154
16.1203973,7.1666644,3.7478200
15.9701617,7.1666378,3.8491246
15.8185617,7.1649031,3.9504291
15.6653426,7.1617309,4.0517337
15.5132782,7.1574850,4.1459803
15.3663874,7.1525842,4.2240329
15.2180704,7.1469881,4.3020855
15.0686120,7.1408211,4.3801381
14.9182970,7.1342075,4.4581907
14.7674100,7.1272716,4.5362433
14.6162359,7.1201378,4.6142959
14.4650593,7.1129304,4.6923485
14.3141652,7.1057738,4.7704012
14.1632161,7.0987637,4.8470614
14.0101719,7.0918982,4.9172420
13.8579705,7.0853372,4.9874226
13.7066148,7.0790928,5.0576031
13.5561076,7.0731768,5.1277837
13.4064517,7.0676011,5.1979643
13.2576500,7.0623776,5.2681449
13.1097052,7.0575183,5.3383254
12.9626202,7.0530351,5.4085060
12.8145878,7.0488913,5.4774408
12.6622767,7.0450075,5.5428161
12.5108171,7.0414740,5.6081913
12.3601311,7.0382229,5.6735666
12.2101407,7.0351861,5.7389418
12.0607682,7.0322959,5.8043171
11.9119356,7.0294844,5.8696923
11.7635651,7.0266836,5.9350676
11.6155789,7.0238257,6.0004428
11.4655546,7.0207992,6.0618624
11.3150249,7.0176112,6.1219573
11.1647554,7.0142797,6.1820522
11.0147238,7.0108075,6.2421470
10.8649080,7.0071970,6.3022419
10.7152855,7.0034511,6.3623367
10.5658342,6.9995724,6.4224316
10.4165318,6.9955635,6.4825265
10.2670006,6.9914166,6.5381950
10.1170742,6.9871114,6.5876512
9.9672247,6.9826244,6.6371074
9.8174253,6.9779171,6.6865636
9.6676492,6.9729512,6.7360198
9.5178697,6.9676882,6.7854760
9.3680598,6.9620896,6.8349322
9.2181928,6.9561170,6.8843883
9.0683571,6.9497371,6.9183393
8.9191837,6.9429350,6.8489282
8.7698943,6.9356104,6.7795170
8.6204802,6.9276911,6.7101059
8.4709327,6.9191046,6.6406947
8.3212428,6.9097785,6.5712835
8.1714018,6.8996406,6.5018724
8.0214009,6.8886183,6.4324612
7.8712314,6.8766394,6.3630500
7.7227698,6.8638031,6.2975396
7.5746017,6.8499593,6.2330303
7.4262226,6.8350214,6.1685210
7.2776118,6.8189436,6.1040118
7.1287486,6.8016797,6.0395025
6.9796123,6.7831835,5.9749933
6.8301819,6.7634091,5.9104840
6.6804369,6.7423104,5.8459748
6.5314155,6.7200044,5.7812973
6.3842631,6.6966646,5.7162745
6.2369000,6.6719502,5.6512518
6.0894194,6.6458367,5.5862291
5.9419145,6.6182995,5.5212063
5.7944787,6.5893140,5.4561836
5.6472052,6.5588555,5.3911609
5.5001873,6.5268995,5.3261381
5.3535181,6.4934213,5.2611154
5.2066311,6.4582352,5.1933872
5.0599738,6.4213942,5.1243468
4.9139752,6.3829675,5.0553064
4.7687427,6.3429490,4.9862660
4.6243835,6.3013327,4.9172256
4.4810052,6.2581128,4.8481852
4.3387151,6.2132832,4.7791448
4.1976206,6.1668380,4.7101044
4.0573507,6.1186031,4.6403693
3.9128178,6.0666464,4.5623029
3.7699154,6.0129221,4.4842365
3.6287362,5.9574378,4.4061701
3.4893732,5.9002011,4.3281036
3.3519194,5.8412195,4.2500372
3.2164676,5.7805007,4.1719708
3.0831108,5.7180523,4.0939043
2.9519418,5.6538819,4.0158379
2.8160333,5.5843230,3.9274910
2.6814463,5.5121314,3.8373062
2.5494533,5.4378835,3.7471213
2.4200503,5.3615177,3.6569365
2.2932331,5.2829723,3.5667517
2.1689978,5.2021856,3.4765668
2.0473403,5.1190959,3.3863820
1.9277186,5.0332455,3.2940705
1.8069353,4.9418770,3.1861464
1.6894331,4.8474479,3.0782223
1.5756683,4.7495534,2.9702982
1.4660976,4.6477882,2.8623741
1.3611774,4.5417475,2.7544499
1.2613643,4.4310261,2.6465258
1.1671148,4.3152190,2.5386017
1.0806055,4.1964621,2.5035388
1.0010083,4.0736672,2.5035388
0.9277577,3.9458143,2.5035388
0.8611779,3.8130418,2.5035388
0.8015928,3.6754882,2.5035388
0.7493267,3.5332920,2.5035388
0.7047037,3.3865915,2.5035388
0.6680478,3.2355252,2.5632213